ISO-10303-21;
HEADER;
FILE_DESCRIPTION (( 'STEP AP214' ),
    '1' );
FILE_NAME ('ACM55V.STEP',
    '2024-10-24T06:20:40',
    ( '' ),
    ( '' ),
    'SwSTEP 2.0',
    'SolidWorks 2022',
    '' );
FILE_SCHEMA (( 'AUTOMOTIVE_DESIGN' ));
ENDSEC;

DATA;
#1 = EDGE_CURVE ( 'NONE', #860, #112, #232, .T. ) ;
#2 = DIRECTION ( 'NONE',  ( -0.000000000000000000, 0.000000000000000000, -1.000000000000000000 ) ) ;
#3 = AXIS2_PLACEMENT_3D ( 'NONE', #182, #88, #1290 ) ;
#4 = DIRECTION ( 'NONE',  ( 0.000000000000000000, 0.000000000000000000, -1.000000000000000000 ) ) ;
#5 = CARTESIAN_POINT ( 'NONE',  ( 0.000000000000000000, 0.000000000000000000, 0.000000000000000000 ) ) ;
#6 = VECTOR ( 'NONE', #336, 1000.000000000000000 ) ;
#7 = MANIFOLD_SOLID_BREP ( '–◊∞3[1]', #823 ) ;
#8 = ORIENTED_EDGE ( 'NONE', *, *, #992, .F. ) ;
#9 = CARTESIAN_POINT ( 'NONE',  ( -5.733461551981132942, -1.558227039305267070, 1.000000000000000000 ) ) ;
#10 = ADVANCED_FACE ( 'NONE', ( #1149 ), #919, .F. ) ;
#11 = AXIS2_PLACEMENT_3D ( 'NONE', #1381, #598, #817 ) ;
#12 = LINE ( 'NONE', #1361, #127 ) ;
#13 = MANIFOLD_SOLID_BREP ( '∂Øƒ - âüÇµèoÇµ2', #1450 ) ;
#14 = EDGE_CURVE ( 'NONE', #942, #1451, #913, .T. ) ;
#15 = DIRECTION ( 'NONE',  ( 0.000000000000000000, 0.000000000000000000, 1.000000000000000000 ) ) ;
#16 = CARTESIAN_POINT ( 'NONE',  ( -2.989784946236554219, -1.494892473118278664, 5.500000000000000000 ) ) ;
#17 = DIRECTION ( 'NONE',  ( 1.000000000000000000, 0.000000000000000000, 0.000000000000000000 ) ) ;
#18 = LINE ( 'NONE', #1347, #600 ) ;
#19 = VERTEX_POINT ( 'NONE', #16 ) ;
#20 = PRODUCT_RELATED_PRODUCT_CATEGORY ( 'part', '', ( #844 ) ) ;
#21 = CARTESIAN_POINT ( 'NONE',  ( 2.110215053763445869, -1.494892473118278664, 5.349999999999999645 ) ) ;
#22 = LINE ( 'NONE', #125, #363 ) ;
#23 = ORIENTED_EDGE ( 'NONE', *, *, #603, .T. ) ;
#24 = DIRECTION ( 'NONE',  ( 0.000000000000000000, 1.000000000000000000, 0.000000000000000000 ) ) ;
#25 = DIRECTION ( 'NONE',  ( 0.000000000000000000, -1.000000000000000000, -0.000000000000000000 ) ) ;
#26 = ORIENTED_EDGE ( 'NONE', *, *, #143, .F. ) ;
#27 = EDGE_CURVE ( 'NONE', #112, #1327, #362, .T. ) ;
#28 = DIRECTION ( 'NONE',  ( 1.000000000000000000, 0.000000000000000000, -3.491481338843133355E-15 ) ) ;
#29 = LINE ( 'NONE', #477, #1101 ) ;
#30 = DIRECTION ( 'NONE',  ( 0.000000000000000000, 1.000000000000000000, 0.000000000000000000 ) ) ;
#31 = PRESENTATION_LAYER_ASSIGNMENT (  '', '', ( #798 ) ) ;
#32 = VECTOR ( 'NONE', #1255, 1000.000000000000000 ) ;
#33 = CARTESIAN_POINT ( 'NONE',  ( -7.533461551981132764, 0.5417729606947325749, 0.1499999999999999944 ) ) ;
#34 = MANIFOLD_SOLID_BREP ( '–◊∞2', #1348 ) ;
#35 = EDGE_CURVE ( 'NONE', #327, #1162, #29, .T. ) ;
#36 = VECTOR ( 'NONE', #1360, 1000.000000000000000 ) ;
#37 = UNCERTAINTY_MEASURE_WITH_UNIT (LENGTH_MEASURE( 1.000000000000000082E-05 ), #811, 'distance_accuracy_value', 'NONE');
#38 = ORIENTED_EDGE ( 'NONE', *, *, #747, .T. ) ;
#39 = SHAPE_REPRESENTATION_RELATIONSHIP ( 'NONE' , 'NONE' ,  #791, #607 ) ;
#40 = FILL_AREA_STYLE_COLOUR ( '', #259 ) ;
#41 = ORIENTED_EDGE ( 'NONE', *, *, #296, .F. ) ;
#42 = DIRECTION ( 'NONE',  ( 0.000000000000000000, 0.000000000000000000, 1.000000000000000000 ) ) ;
#43 = ORIENTED_EDGE ( 'NONE', *, *, #1132, .T. ) ;
#44 = FACE_OUTER_BOUND ( 'NONE', #656, .T. ) ;
#45 = DIRECTION ( 'NONE',  ( -1.000000000000000000, 0.000000000000000000, 0.000000000000000000 ) ) ;
#46 = EDGE_CURVE ( 'NONE', #694, #19, #354, .T. ) ;
#47 = ORIENTED_EDGE ( 'NONE', *, *, #491, .F. ) ;
#48 =( NAMED_UNIT ( * ) SI_UNIT ( $, .STERADIAN. ) SOLID_ANGLE_UNIT ( ) );
#49 =( NAMED_UNIT ( * ) PLANE_ANGLE_UNIT ( ) SI_UNIT ( $, .RADIAN. ) );
#50 = DIRECTION ( 'NONE',  ( 0.000000000000000000, 0.000000000000000000, 1.000000000000000000 ) ) ;
#51 = VERTEX_POINT ( 'NONE', #991 ) ;
#52 = DIRECTION ( 'NONE',  ( -1.000000000000000000, -4.130293990420968404E-16, 0.000000000000000000 ) ) ;
#53 = ORIENTED_EDGE ( 'NONE', *, *, #199, .F. ) ;
#54 = CARTESIAN_POINT ( 'NONE',  ( 0.000000000000000000, 0.000000000000000000, 0.000000000000000000 ) ) ;
#55 = PLANE ( 'NONE',  #3 ) ;
#56 = CARTESIAN_POINT ( 'NONE',  ( 2.110215053763445425, 0.6051075268817215358, 0.000000000000000000 ) ) ;
#57 = CARTESIAN_POINT ( 'NONE',  ( -8.533461551981133653, -1.708227039305266981, 5.500000000000000000 ) ) ;
#58 = ORIENTED_EDGE ( 'NONE', *, *, #280, .F. ) ;
#59 = DIRECTION ( 'NONE',  ( 1.577021341797097560E-16, -1.000000000000000000, 0.000000000000000000 ) ) ;
#60 = COLOUR_RGB ( '',0.2509803921568627416, 0.2509803921568627416, 0.2509803921568627416 ) ;
#61 = EDGE_CURVE ( 'NONE', #959, #883, #861, .T. ) ;
#62 = VECTOR ( 'NONE', #1304, 1000.000000000000000 ) ;
#63 = CARTESIAN_POINT ( 'NONE',  ( -5.733461551981132942, -1.708227039305266981, 5.500000000000000000 ) ) ;
#64 = VECTOR ( 'NONE', #50, 1000.000000000000000 ) ;
#65 = AXIS2_PLACEMENT_3D ( 'NONE', #54, #1264, #1277 ) ;
#66 =( NAMED_UNIT ( * ) PLANE_ANGLE_UNIT ( ) SI_UNIT ( $, .RADIAN. ) );
#67 = CARTESIAN_POINT ( 'NONE',  ( 2.510215053763445781, -1.494892473118278664, 5.500000000000000000 ) ) ;
#68 = CARTESIAN_POINT ( 'NONE',  ( -7.533461551981132764, -1.708227039305266981, 5.349999999999999645 ) ) ;
#69 = ORIENTED_EDGE ( 'NONE', *, *, #1209, .F. ) ;
#70 = CARTESIAN_POINT ( 'NONE',  ( 2.110215053763445869, -1.494892473118278664, 5.500000000000000000 ) ) ;
#71 = DIRECTION ( 'NONE',  ( 4.130293990420968404E-16, -1.000000000000000000, 0.000000000000000000 ) ) ;
#72 = UNCERTAINTY_MEASURE_WITH_UNIT (LENGTH_MEASURE( 1.000000000000000082E-05 ), #915, 'distance_accuracy_value', 'NONE');
#73 = LINE ( 'NONE', #277, #193 ) ;
#74 = ADVANCED_FACE ( 'NONE', ( #1186 ), #628, .F. ) ;
#75 = LINE ( 'NONE', #423, #857 ) ;
#76 = DIRECTION ( 'NONE',  ( 1.000000000000000000, 1.577021341797097560E-16, 0.000000000000000000 ) ) ;
#77 = EDGE_LOOP ( 'NONE', ( #1110, #1435, #422, #1320 ) ) ;
#78 = LINE ( 'NONE', #611, #928 ) ;
#79 = LINE ( 'NONE', #997, #106 ) ;
#80 = CARTESIAN_POINT ( 'NONE',  ( -5.733461551981132942, 0.5417729606947325749, 5.349999999999999645 ) ) ;
#81 = LINE ( 'NONE', #1095, #535 ) ;
#82 = ORIENTED_EDGE ( 'NONE', *, *, #1152, .T. ) ;
#83 = FACE_OUTER_BOUND ( 'NONE', #758, .T. ) ;
#84 = EDGE_CURVE ( 'NONE', #348, #1091, #538, .T. ) ;
#85 = ORIENTED_EDGE ( 'NONE', *, *, #449, .F. ) ;
#86 = VECTOR ( 'NONE', #1262, 1000.000000000000000 ) ;
#87 =( GEOMETRIC_REPRESENTATION_CONTEXT ( 3 ) GLOBAL_UNCERTAINTY_ASSIGNED_CONTEXT ( ( #72 ) ) GLOBAL_UNIT_ASSIGNED_CONTEXT ( ( #915, #682, #1239 ) ) REPRESENTATION_CONTEXT ( 'NONE', 'WORKASPACE' ) );
#88 = DIRECTION ( 'NONE',  ( 0.000000000000000000, 0.000000000000000000, 1.000000000000000000 ) ) ;
#89 = AXIS2_PLACEMENT_3D ( 'NONE', #1059, #1388, #830 ) ;
#90 = CARTESIAN_POINT ( 'NONE',  ( 0.000000000000000000, 0.000000000000000000, 5.500000000000000000 ) ) ;
#91 = ORIENTED_EDGE ( 'NONE', *, *, #1436, .T. ) ;
#92 = PRESENTATION_STYLE_ASSIGNMENT (( #192 ) ) ;
#93 = VERTEX_POINT ( 'NONE', #641 ) ;
#94 = PLANE ( 'NONE',  #1075 ) ;
#95 = ORIENTED_EDGE ( 'NONE', *, *, #1084, .F. ) ;
#96 = CARTESIAN_POINT ( 'NONE',  ( -8.533461551981133653, -1.558227039305267070, 1.000000000000000000 ) ) ;
#97 = ORIENTED_EDGE ( 'NONE', *, *, #770, .T. ) ;
#98 = CARTESIAN_POINT ( 'NONE',  ( -8.533461551981133653, -1.708227039305266981, 0.000000000000000000 ) ) ;
#99 = ORIENTED_EDGE ( 'NONE', *, *, #188, .F. ) ;
#100 = CARTESIAN_POINT ( 'NONE',  ( -8.533461551981133653, 0.5417729606947327969, 0.1499999999999999944 ) ) ;
#101 = ORIENTED_EDGE ( 'NONE', *, *, #1093, .F. ) ;
#102 = DIRECTION ( 'NONE',  ( -1.000000000000000000, -2.168404344971008868E-16, -0.000000000000000000 ) ) ;
#103 = ORIENTED_EDGE ( 'NONE', *, *, #1198, .T. ) ;
#104 = EDGE_CURVE ( 'NONE', #766, #1453, #842, .T. ) ;
#105 = ORIENTED_EDGE ( 'NONE', *, *, #1, .F. ) ;
#106 = VECTOR ( 'NONE', #1444, 1000.000000000000000 ) ;
#107 =( LENGTH_UNIT ( ) NAMED_UNIT ( * ) SI_UNIT ( .MILLI., .METRE. ) );
#108 = AXIS2_PLACEMENT_3D ( 'NONE', #251, #42, #833 ) ;
#109 = ORIENTED_EDGE ( 'NONE', *, *, #319, .F. ) ;
#110 = LINE ( 'NONE', #1017, #153 ) ;
#111 = CARTESIAN_POINT ( 'NONE',  ( -2.589784946236553420, 0.6051075268817220909, 0.1499999999999999944 ) ) ;
#112 = VERTEX_POINT ( 'NONE', #837 ) ;
#113 = FACE_OUTER_BOUND ( 'NONE', #77, .T. ) ;
#114 = ORIENTED_EDGE ( 'NONE', *, *, #726, .T. ) ;
#115 = DIRECTION ( 'NONE',  ( 0.000000000000000000, 1.000000000000000000, 0.000000000000000000 ) ) ;
#116 = DIRECTION ( 'NONE',  ( 4.130293990420968897E-16, -1.000000000000000000, 0.000000000000000000 ) ) ;
#117 = ORIENTED_EDGE ( 'NONE', *, *, #665, .F. ) ;
#118 = EDGE_CURVE ( 'NONE', #996, #329, #1421, .T. ) ;
#119 = FACE_OUTER_BOUND ( 'NONE', #1276, .T. ) ;
#120 = ORIENTED_EDGE ( 'NONE', *, *, #705, .T. ) ;
#121 = DIRECTION ( 'NONE',  ( 0.000000000000000000, 0.000000000000000000, -1.000000000000000000 ) ) ;
#122 = DIRECTION ( 'NONE',  ( -1.000000000000000000, -0.000000000000000000, -0.000000000000000000 ) ) ;
#123 = VECTOR ( 'NONE', #1179, 1000.000000000000000 ) ;
#124 = PRESENTATION_STYLE_ASSIGNMENT (( #459 ) ) ;
#125 = CARTESIAN_POINT ( 'NONE',  ( -8.533461551981133653, 0.5417729606947327969, 0.1499999999999999944 ) ) ;
#126 = PRESENTATION_STYLE_ASSIGNMENT (( #487 ) ) ;
#127 = VECTOR ( 'NONE', #1252, 1000.000000000000000 ) ;
#128 = ORIENTED_EDGE ( 'NONE', *, *, #426, .T. ) ;
#129 = AXIS2_PLACEMENT_3D ( 'NONE', #228, #568, #784 ) ;
#130 = FACE_OUTER_BOUND ( 'NONE', #666, .T. ) ;
#131 = PRESENTATION_LAYER_ASSIGNMENT (  '', '', ( #715 ) ) ;
#132 = PLANE ( 'NONE',  #950 ) ;
#133 = EDGE_CURVE ( 'NONE', #1071, #198, #176, .T. ) ;
#134 = DIRECTION ( 'NONE',  ( 0.000000000000000000, 1.000000000000000000, 0.000000000000000000 ) ) ;
#135 =( NAMED_UNIT ( * ) PLANE_ANGLE_UNIT ( ) SI_UNIT ( $, .RADIAN. ) );
#136 = CARTESIAN_POINT ( 'NONE',  ( -8.533461551981133653, -1.558227039305267070, 1.000000000000000000 ) ) ;
#137 =( LENGTH_UNIT ( ) NAMED_UNIT ( * ) SI_UNIT ( .MILLI., .METRE. ) );
#138 = LINE ( 'NONE', #894, #955 ) ;
#139 = FACE_OUTER_BOUND ( 'NONE', #1156, .T. ) ;
#140 = LINE ( 'NONE', #1248, #1401 ) ;
#141 = UNCERTAINTY_MEASURE_WITH_UNIT (LENGTH_MEASURE( 1.000000000000000082E-05 ), #711, 'distance_accuracy_value', 'NONE');
#142 = LINE ( 'NONE', #1279, #578 ) ;
#143 = EDGE_CURVE ( 'NONE', #375, #706, #1174, .T. ) ;
#144 = DIRECTION ( 'NONE',  ( 0.000000000000000000, 0.000000000000000000, 1.000000000000000000 ) ) ;
#145 = CARTESIAN_POINT ( 'NONE',  ( -2.589784946236553420, -1.494892473118278664, 0.1499999999999999944 ) ) ;
#146 = VECTOR ( 'NONE', #513, 1000.000000000000000 ) ;
#147 = DIRECTION ( 'NONE',  ( 0.000000000000000000, 0.000000000000000000, -1.000000000000000000 ) ) ;
#148 = VERTEX_POINT ( 'NONE', #405 ) ;
#149 = AXIS2_PLACEMENT_3D ( 'NONE', #920, #702, #1382 ) ;
#150 = AXIS2_PLACEMENT_3D ( 'NONE', #1080, #743, #748 ) ;
#151 = LINE ( 'NONE', #660, #365 ) ;
#152 = ADVANCED_FACE ( 'NONE', ( #167 ), #741, .F. ) ;
#153 = VECTOR ( 'NONE', #1345, 1000.000000000000000 ) ;
#154 =( GEOMETRIC_REPRESENTATION_CONTEXT ( 3 ) GLOBAL_UNCERTAINTY_ASSIGNED_CONTEXT ( ( #358 ) ) GLOBAL_UNIT_ASSIGNED_CONTEXT ( ( #1363, #786, #773 ) ) REPRESENTATION_CONTEXT ( 'NONE', 'WORKASPACE' ) );
#155 =( NAMED_UNIT ( * ) SI_UNIT ( $, .STERADIAN. ) SOLID_ANGLE_UNIT ( ) );
#156 = EDGE_CURVE ( 'NONE', #1425, #934, #1308, .T. ) ;
#157 = LINE ( 'NONE', #608, #779 ) ;
#158 = LINE ( 'NONE', #716, #1328 ) ;
#159 = SHAPE_DEFINITION_REPRESENTATION ( #370, #305 ) ;
#160 = LINE ( 'NONE', #520, #1282 ) ;
#161 = EDGE_CURVE ( 'NONE', #672, #1425, #160, .T. ) ;
#162 = LINE ( 'NONE', #290, #1213 ) ;
#163 = ORIENTED_EDGE ( 'NONE', *, *, #143, .T. ) ;
#164 = CARTESIAN_POINT ( 'NONE',  ( 2.510215053763445781, 1.855107526881722091, 5.500000000000000000 ) ) ;
#165 = PRODUCT_DEFINITION_SHAPE ( 'NONE', 'NONE',  #1470 ) ;
#166 = APPLICATION_PROTOCOL_DEFINITION ( 'draft international standard', 'automotive_design', 1998, #698 ) ;
#167 = FACE_OUTER_BOUND ( 'NONE', #208, .T. ) ;
#168 = LINE ( 'NONE', #1153, #411 ) ;
#169 = LINE ( 'NONE', #1044, #1079 ) ;
#170 = DIRECTION ( 'NONE',  ( 1.000000000000000000, -0.000000000000000000, -0.000000000000000000 ) ) ;
#171 = LINE ( 'NONE', #840, #293 ) ;
#172 = VECTOR ( 'NONE', #1315, 1000.000000000000000 ) ;
#173 = VECTOR ( 'NONE', #441, 1000.000000000000000 ) ;
#174 = DIRECTION ( 'NONE',  ( -1.000000000000000000, 0.000000000000000000, 0.000000000000000000 ) ) ;
#175 = EDGE_CURVE ( 'NONE', #1445, #1162, #974, .T. ) ;
#176 = LINE ( 'NONE', #1298, #1452 ) ;
#177 = FACE_OUTER_BOUND ( 'NONE', #213, .T. ) ;
#178 = CARTESIAN_POINT ( 'NONE',  ( -8.533461551981133653, -1.558227039305267070, 4.500000000000000000 ) ) ;
#179 = FACE_OUTER_BOUND ( 'NONE', #963, .T. ) ;
#180 = ADVANCED_FACE ( 'NONE', ( #612 ), #55, .T. ) ;
#181 = FACE_OUTER_BOUND ( 'NONE', #205, .T. ) ;
#182 = CARTESIAN_POINT ( 'NONE',  ( -13.26692310396226659, 0.000000000000000000, 0.1499999999999999944 ) ) ;
#183 = CARTESIAN_POINT ( 'NONE',  ( -8.533461551981133653, -1.558227039305267070, 5.349999999999999645 ) ) ;
#184 = ORIENTED_EDGE ( 'NONE', *, *, #1063, .F. ) ;
#185 = EDGE_CURVE ( 'NONE', #1229, #348, #73, .T. ) ;
#186 = FILL_AREA_STYLE_COLOUR ( '', #1456 ) ;
#187 = EDGE_LOOP ( 'NONE', ( #1432, #369, #439, #1273 ) ) ;
#188 = EDGE_CURVE ( 'NONE', #1116, #375, #982, .T. ) ;
#189 = LINE ( 'NONE', #965, #1375 ) ;
#190 = DIRECTION ( 'NONE',  ( 1.000000000000000000, 0.000000000000000000, -0.000000000000000000 ) ) ;
#191 = ORIENTED_EDGE ( 'NONE', *, *, #1100, .T. ) ;
#192 = SURFACE_STYLE_USAGE ( .BOTH. , #1204 ) ;
#193 = VECTOR ( 'NONE', #633, 1000.000000000000000 ) ;
#194 = VERTEX_POINT ( 'NONE', #1078 ) ;
#195 = EDGE_CURVE ( 'NONE', #816, #1223, #189, .T. ) ;
#196 = VECTOR ( 'NONE', #1232, 1000.000000000000000 ) ;
#197 = VECTOR ( 'NONE', #462, 1000.000000000000000 ) ;
#198 = VERTEX_POINT ( 'NONE', #399 ) ;
#199 = EDGE_CURVE ( 'NONE', #265, #1340, #909, .T. ) ;
#200 = PRODUCT_DEFINITION_FORMATION_WITH_SPECIFIED_SOURCE ( 'ANY', '', #1420, .NOT_KNOWN. ) ;
#201 = DIRECTION ( 'NONE',  ( 1.000000000000000000, 0.000000000000000000, -0.000000000000000000 ) ) ;
#202 = ORIENTED_EDGE ( 'NONE', *, *, #195, .F. ) ;
#203 = SURFACE_SIDE_STYLE ('',( #1339 ) ) ;
#204 = ORIENTED_EDGE ( 'NONE', *, *, #670, .F. ) ;
#205 = EDGE_LOOP ( 'NONE', ( #551, #828, #739, #184 ) ) ;
#206 = LINE ( 'NONE', #429, #958 ) ;
#207 = EDGE_CURVE ( 'NONE', #430, #763, #731, .T. ) ;
#208 = EDGE_LOOP ( 'NONE', ( #58, #1442, #939, #632, #390, #760 ) ) ;
#209 = LINE ( 'NONE', #332, #196 ) ;
#210 = ORIENTED_EDGE ( 'NONE', *, *, #199, .T. ) ;
#211 = ORIENTED_EDGE ( 'NONE', *, *, #836, .T. ) ;
#212 = DIRECTION ( 'NONE',  ( 0.000000000000000000, 0.000000000000000000, 1.000000000000000000 ) ) ;
#213 = EDGE_LOOP ( 'NONE', ( #253, #428, #610, #1114 ) ) ;
#214 = CARTESIAN_POINT ( 'NONE',  ( -4.733461551981132942, -1.708227039305266981, 5.349999999999999645 ) ) ;
#215 = ORIENTED_EDGE ( 'NONE', *, *, #654, .F. ) ;
#216 = MECHANICAL_DESIGN_GEOMETRIC_PRESENTATION_REPRESENTATION (  '', ( #407 ), #776 ) ;
#217 = ORIENTED_EDGE ( 'NONE', *, *, #1193, .F. ) ;
#218 = AXIS2_PLACEMENT_3D ( 'NONE', #234, #464, #693 ) ;
#219 = PLANE ( 'NONE',  #345 ) ;
#220 = AXIS2_PLACEMENT_3D ( 'NONE', #580, #806, #17 ) ;
#221 = VERTEX_POINT ( 'NONE', #532 ) ;
#222 = AXIS2_PLACEMENT_3D ( 'NONE', #1422, #190, #1438 ) ;
#223 = DIRECTION ( 'NONE',  ( 0.000000000000000000, -0.000000000000000000, -1.000000000000000000 ) ) ;
#224 = DIRECTION ( 'NONE',  ( -0.000000000000000000, -0.000000000000000000, -1.000000000000000000 ) ) ;
#225 = ORIENTED_EDGE ( 'NONE', *, *, #27, .F. ) ;
#226 = DIRECTION ( 'NONE',  ( -1.000000000000000000, 0.000000000000000000, 0.000000000000000000 ) ) ;
#227 = EDGE_CURVE ( 'NONE', #1405, #323, #312, .T. ) ;
#228 = CARTESIAN_POINT ( 'NONE',  ( 2.110215053763445425, 0.6051075268817220909, 5.349999999999999645 ) ) ;
#229 = DIRECTION ( 'NONE',  ( -0.000000000000000000, -1.000000000000000000, 0.000000000000000000 ) ) ;
#230 = DIRECTION ( 'NONE',  ( -1.000000000000000000, 0.000000000000000000, 0.000000000000000000 ) ) ;
#231 = LINE ( 'NONE', #778, #1240 ) ;
#232 = LINE ( 'NONE', #1358, #1306 ) ;
#233 = VECTOR ( 'NONE', #501, 1000.000000000000000 ) ;
#234 = CARTESIAN_POINT ( 'NONE',  ( 0.000000000000000000, 0.000000000000000000, 0.1499999999999999944 ) ) ;
#235 = EDGE_CURVE ( 'NONE', #1116, #1124, #960, .T. ) ;
#236 = PRESENTATION_STYLE_ASSIGNMENT (( #250 ) ) ;
#237 = AXIS2_PLACEMENT_3D ( 'NONE', #350, #1141, #699 ) ;
#238 = ORIENTED_EDGE ( 'NONE', *, *, #1015, .F. ) ;
#239 = VECTOR ( 'NONE', #364, 1000.000000000000000 ) ;
#240 = DIRECTION ( 'NONE',  ( -0.000000000000000000, -0.000000000000000000, -1.000000000000000000 ) ) ;
#241 = CARTESIAN_POINT ( 'NONE',  ( -4.733461551981132942, 0.5417729606947327969, 5.500000000000000000 ) ) ;
#242 = SHAPE_REPRESENTATION ( 'ACM55V', ( #11, #89, #264 ), #649 ) ;
#243 = FILL_AREA_STYLE_COLOUR ( '', #689 ) ;
#244 = EDGE_CURVE ( 'NONE', #1365, #1061, #1433, .T. ) ;
#245 = ITEM_DEFINED_TRANSFORMATION ( 'NONE', 'NONE', #89,  #759 ) ;
#246 = PLANE ( 'NONE',  #1009 ) ;
#247 = LINE ( 'NONE', #924, #1144 ) ;
#248 = EDGE_CURVE ( 'NONE', #942, #323, #418, .T. ) ;
#249 = DIRECTION ( 'NONE',  ( 0.000000000000000000, -0.000000000000000000, -1.000000000000000000 ) ) ;
#250 = SURFACE_STYLE_USAGE ( .BOTH. , #1250 ) ;
#251 = CARTESIAN_POINT ( 'NONE',  ( -13.26692310396226659, 0.000000000000000000, 0.000000000000000000 ) ) ;
#252 = EDGE_CURVE ( 'NONE', #530, #567, #281, .T. ) ;
#253 = ORIENTED_EDGE ( 'NONE', *, *, #547, .T. ) ;
#254 = PRODUCT_DEFINITION_SHAPE ( 'NONE', 'NONE',  #479 ) ;
#255 = PLANE ( 'NONE',  #881 ) ;
#256 = PRESENTATION_STYLE_ASSIGNMENT (( #1275 ) ) ;
#257 = EDGE_CURVE ( 'NONE', #19, #93, #735, .T. ) ;
#258 =( LENGTH_UNIT ( ) NAMED_UNIT ( * ) SI_UNIT ( .MILLI., .METRE. ) );
#259 = COLOUR_RGB ( '',0.2509803921568627416, 0.2509803921568627416, 0.2509803921568627416 ) ;
#260 = DIRECTION ( 'NONE',  ( -0.000000000000000000, -0.000000000000000000, 1.000000000000000000 ) ) ;
#261 = VECTOR ( 'NONE', #566, 1000.000000000000000 ) ;
#262 = AXIS2_PLACEMENT_3D ( 'NONE', #978, #1423, #858 ) ;
#263 = DIRECTION ( 'NONE',  ( -2.065146995210483955E-16, 1.000000000000000000, 0.000000000000000000 ) ) ;
#264 = AXIS2_PLACEMENT_3D ( 'NONE', #1269, #28, #1285 ) ;
#265 = VERTEX_POINT ( 'NONE', #178 ) ;
#266 = ADVANCED_FACE ( 'NONE', ( #451 ), #94, .F. ) ;
#267 = ORIENTED_EDGE ( 'NONE', *, *, #175, .T. ) ;
#268 = DIRECTION ( 'NONE',  ( 0.000000000000000000, 0.000000000000000000, -1.000000000000000000 ) ) ;
#269 = LINE ( 'NONE', #56, #1283 ) ;
#270 = PLANE ( 'NONE',  #1309 ) ;
#271 = ADVANCED_FACE ( 'NONE', ( #181 ), #1092, .F. ) ;
#272 = EDGE_LOOP ( 'NONE', ( #1099, #772, #512, #1176, #379, #1238 ) ) ;
#273 = CARTESIAN_POINT ( 'NONE',  ( -5.733461551981132942, 0.5417729606947325749, 5.349999999999999645 ) ) ;
#274 = ORIENTED_EDGE ( 'NONE', *, *, #1344, .F. ) ;
#275 = ORIENTED_EDGE ( 'NONE', *, *, #227, .F. ) ;
#276 = FILL_AREA_STYLE_COLOUR ( '', #1354 ) ;
#277 = CARTESIAN_POINT ( 'NONE',  ( -7.533461551981132764, -1.708227039305266981, 4.500000000000000000 ) ) ;
#278 = LINE ( 'NONE', #620, #173 ) ;
#279 = LINE ( 'NONE', #1384, #318 ) ;
#280 = EDGE_CURVE ( 'NONE', #1218, #959, #78, .T. ) ;
#281 = LINE ( 'NONE', #624, #503 ) ;
#282 = DIRECTION ( 'NONE',  ( -1.000000000000000000, 2.168404344971008868E-16, 0.000000000000000000 ) ) ;
#283 = PRODUCT_DEFINITION_SHAPE ( 'NONE', 'NONE',  #738 ) ;
#284 = VERTEX_POINT ( 'NONE', #1412 ) ;
#285 = DIRECTION ( 'NONE',  ( -0.000000000000000000, 0.000000000000000000, 1.000000000000000000 ) ) ;
#286 = ORIENTED_EDGE ( 'NONE', *, *, #207, .T. ) ;
#287 = CARTESIAN_POINT ( 'NONE',  ( -8.533461551981133653, -1.558227039305267070, 4.500000000000000000 ) ) ;
#288 = DIRECTION ( 'NONE',  ( 0.000000000000000000, -1.000000000000000000, 0.000000000000000000 ) ) ;
#289 = EDGE_CURVE ( 'NONE', #1343, #1453, #526, .T. ) ;
#290 = CARTESIAN_POINT ( 'NONE',  ( -4.733461551981132942, -1.558227039305267070, 1.000000000000000000 ) ) ;
#291 = LINE ( 'NONE', #1386, #712 ) ;
#292 = VECTOR ( 'NONE', #295, 1000.000000000000000 ) ;
#293 = VECTOR ( 'NONE', #490, 1000.000000000000000 ) ;
#294 = VECTOR ( 'NONE', #102, 1000.000000000000000 ) ;
#295 = DIRECTION ( 'NONE',  ( 1.000000000000000000, -1.153406566473941260E-16, 0.000000000000000000 ) ) ;
#296 = EDGE_CURVE ( 'NONE', #1289, #898, #1426, .T. ) ;
#297 = CARTESIAN_POINT ( 'NONE',  ( -4.733461551981132942, -1.558227039305267070, 4.500000000000000000 ) ) ;
#298 = DIRECTION ( 'NONE',  ( -1.000000000000000000, 0.000000000000000000, 0.000000000000000000 ) ) ;
#299 = EDGE_LOOP ( 'NONE', ( #771, #302, #728, #896, #1122, #1120 ) ) ;
#300 = FACE_OUTER_BOUND ( 'NONE', #450, .T. ) ;
#301 = ADVANCED_FACE ( 'NONE', ( #1297 ), #398, .T. ) ;
#302 = ORIENTED_EDGE ( 'NONE', *, *, #705, .F. ) ;
#303 = CARTESIAN_POINT ( 'NONE',  ( -7.533461551981132764, 0.5417729606947325749, 0.1499999999999999944 ) ) ;
#304 = FACE_OUTER_BOUND ( 'NONE', #866, .T. ) ;
#305 = SHAPE_REPRESENTATION ( 'ACM55V_core', ( #759 ), #154 ) ;
#306 = ADVANCED_FACE ( 'NONE', ( #971 ), #493, .T. ) ;
#307 = ORIENTED_EDGE ( 'NONE', *, *, #161, .F. ) ;
#308 = VERTEX_POINT ( 'NONE', #1402 ) ;
#309 = FACE_OUTER_BOUND ( 'NONE', #299, .T. ) ;
#310 = DIRECTION ( 'NONE',  ( -1.000000000000000000, 0.000000000000000000, 0.000000000000000000 ) ) ;
#311 = ORIENTED_EDGE ( 'NONE', *, *, #257, .F. ) ;
#312 = LINE ( 'NONE', #1097, #384 ) ;
#313 = CARTESIAN_POINT ( 'NONE',  ( -2.589784946236553420, 0.6051075268817220909, 0.1499999999999999944 ) ) ;
#314 = VECTOR ( 'NONE', #1294, 1000.000000000000000 ) ;
#315 = VERTEX_POINT ( 'NONE', #389 ) ;
#316 = PRODUCT_DEFINITION_CONTEXT ( 'detailed design', #926, 'design' ) ;
#317 = VECTOR ( 'NONE', #626, 1000.000000000000000 ) ;
#318 = VECTOR ( 'NONE', #938, 1000.000000000000000 ) ;
#319 = EDGE_CURVE ( 'NONE', #530, #860, #1178, .T. ) ;
#320 = ORIENTED_EDGE ( 'NONE', *, *, #1362, .F. ) ;
#321 = VECTOR ( 'NONE', #522, 1000.000000000000000 ) ;
#322 = LINE ( 'NONE', #998, #986 ) ;
#323 = VERTEX_POINT ( 'NONE', #63 ) ;
#324 = SURFACE_STYLE_USAGE ( .BOTH. , #203 ) ;
#325 = CARTESIAN_POINT ( 'NONE',  ( -5.733461551981132942, -1.558227039305267070, 0.1499999999999999944 ) ) ;
#326 = ORIENTED_EDGE ( 'NONE', *, *, #426, .F. ) ;
#327 = VERTEX_POINT ( 'NONE', #511 ) ;
#328 =( REPRESENTATION_RELATIONSHIP ('NONE','NONE', #242, #305 ) REPRESENTATION_RELATIONSHIP_WITH_TRANSFORMATION ( #245 )SHAPE_REPRESENTATION_RELATIONSHIP( ) );
#329 = VERTEX_POINT ( 'NONE', #589 ) ;
#330 =( LENGTH_UNIT ( ) NAMED_UNIT ( * ) SI_UNIT ( .MILLI., .METRE. ) );
#331 = EDGE_CURVE ( 'NONE', #308, #1445, #367, .T. ) ;
#332 = CARTESIAN_POINT ( 'NONE',  ( 2.110215053763445869, -1.494892473118278664, 5.349999999999999645 ) ) ;
#333 = ORIENTED_EDGE ( 'NONE', *, *, #133, .T. ) ;
#334 = EDGE_LOOP ( 'NONE', ( #999, #1003, #8, #69, #1468, #103 ) ) ;
#335 = CARTESIAN_POINT ( 'NONE',  ( -5.733461551981132942, 0.5417729606947325749, 0.000000000000000000 ) ) ;
#336 = DIRECTION ( 'NONE',  ( 0.000000000000000000, 1.000000000000000000, 0.000000000000000000 ) ) ;
#337 = ORIENTED_EDGE ( 'NONE', *, *, #932, .T. ) ;
#338 = LINE ( 'NONE', #775, #1188 ) ;
#339 = CARTESIAN_POINT ( 'NONE',  ( -8.533461551981133653, 0.5417729606947327969, 5.500000000000000000 ) ) ;
#340 = VECTOR ( 'NONE', #831, 1000.000000000000000 ) ;
#341 = AXIS2_PLACEMENT_3D ( 'NONE', #1192, #1281, #282 ) ;
#342 = VERTEX_POINT ( 'NONE', #802 ) ;
#343 = ADVANCED_FACE ( 'NONE', ( #912 ), #1020, .F. ) ;
#344 = VECTOR ( 'NONE', #1337, 1000.000000000000000 ) ;
#345 = AXIS2_PLACEMENT_3D ( 'NONE', #21, #892, #1246 ) ;
#346 = CARTESIAN_POINT ( 'NONE',  ( -5.733461551981132942, -1.708227039305266981, 5.349999999999999645 ) ) ;
#347 = FACE_OUTER_BOUND ( 'NONE', #1461, .T. ) ;
#348 = VERTEX_POINT ( 'NONE', #810 ) ;
#349 = CARTESIAN_POINT ( 'NONE',  ( -5.733461551981132942, 0.5417729606947325749, 5.500000000000000000 ) ) ;
#350 = CARTESIAN_POINT ( 'NONE',  ( -4.733461551981132942, 0.5417729606947327969, 0.1499999999999999944 ) ) ;
#351 = FACE_OUTER_BOUND ( 'NONE', #768, .T. ) ;
#352 = CARTESIAN_POINT ( 'NONE',  ( -8.533461551981133653, -1.708227039305266981, 5.349999999999999645 ) ) ;
#353 =( NAMED_UNIT ( * ) SI_UNIT ( $, .STERADIAN. ) SOLID_ANGLE_UNIT ( ) );
#354 = LINE ( 'NONE', #528, #233 ) ;
#355 = FACE_OUTER_BOUND ( 'NONE', #1014, .T. ) ;
#356 = DIRECTION ( 'NONE',  ( 0.000000000000000000, -1.000000000000000000, 0.000000000000000000 ) ) ;
#357 = DIRECTION ( 'NONE',  ( -1.000000000000000000, -2.168404344971008868E-16, -0.000000000000000000 ) ) ;
#358 = UNCERTAINTY_MEASURE_WITH_UNIT (LENGTH_MEASURE( 1.000000000000000082E-05 ), #1363, 'distance_accuracy_value', 'NONE');
#359 = AXIS2_PLACEMENT_3D ( 'NONE', #303, #1286, #268 ) ;
#360 = APPLICATION_PROTOCOL_DEFINITION ( 'draft international standard', 'automotive_design', 1998, #767 ) ;
#361 = CARTESIAN_POINT ( 'NONE',  ( -2.589784946236553420, -1.494892473118278664, 0.000000000000000000 ) ) ;
#362 = LINE ( 'NONE', #465, #1184 ) ;
#363 = VECTOR ( 'NONE', #249, 1000.000000000000000 ) ;
#364 = DIRECTION ( 'NONE',  ( -1.000000000000000000, -1.577021341797097560E-16, 0.000000000000000000 ) ) ;
#365 = VECTOR ( 'NONE', #879, 1000.000000000000000 ) ;
#366 = CARTESIAN_POINT ( 'NONE',  ( -2.989784946236554219, -1.494892473118278664, 0.000000000000000000 ) ) ;
#367 = LINE ( 'NONE', #361, #261 ) ;
#368 = CARTESIAN_POINT ( 'NONE',  ( -5.733461551981132942, -1.708227039305266981, 0.000000000000000000 ) ) ;
#369 = ORIENTED_EDGE ( 'NONE', *, *, #1330, .F. ) ;
#370 = PRODUCT_DEFINITION_SHAPE ( 'NONE', 'NONE',  #966 ) ;
#371 = SURFACE_SIDE_STYLE ('',( #382 ) ) ;
#372 = LINE ( 'NONE', #496, #930 ) ;
#373 = DIRECTION ( 'NONE',  ( 1.000000000000000000, -2.168404344971008868E-16, 0.000000000000000000 ) ) ;
#374 = ADVANCED_FACE ( 'NONE', ( #1270 ), #679, .F. ) ;
#375 = VERTEX_POINT ( 'NONE', #793 ) ;
#376 = CARTESIAN_POINT ( 'NONE',  ( -8.533461551981133653, 0.5417729606947327969, 5.349999999999999645 ) ) ;
#377 = ORIENTED_EDGE ( 'NONE', *, *, #1321, .T. ) ;
#378 = LINE ( 'NONE', #822, #1307 ) ;
#379 = ORIENTED_EDGE ( 'NONE', *, *, #1369, .F. ) ;
#380 = CARTESIAN_POINT ( 'NONE',  ( 0.000000000000000000, 0.000000000000000000, 5.500000000000000000 ) ) ;
#381 = ORIENTED_EDGE ( 'NONE', *, *, #808, .T. ) ;
#382 = SURFACE_STYLE_FILL_AREA ( #951 ) ;
#383 = EDGE_CURVE ( 'NONE', #1313, #774, #22, .T. ) ;
#384 = VECTOR ( 'NONE', #988, 1000.000000000000000 ) ;
#385 = LINE ( 'NONE', #819, #1380 ) ;
#386 = VECTOR ( 'NONE', #584, 1000.000000000000000 ) ;
#387 = AXIS2_PLACEMENT_3D ( 'NONE', #68, #1272, #147 ) ;
#388 = CARTESIAN_POINT ( 'NONE',  ( -2.989784946236554219, -1.494892473118278664, 0.000000000000000000 ) ) ;
#389 = CARTESIAN_POINT ( 'NONE',  ( -4.733461551981132942, 0.5417729606947327969, 0.1499999999999999944 ) ) ;
#390 = ORIENTED_EDGE ( 'NONE', *, *, #985, .T. ) ;
#391 = DIRECTION ( 'NONE',  ( 1.000000000000000000, 0.000000000000000000, -0.000000000000000000 ) ) ;
#392 = DIRECTION ( 'NONE',  ( 0.000000000000000000, 0.000000000000000000, 1.000000000000000000 ) ) ;
#393 = EDGE_CURVE ( 'NONE', #816, #1313, #1026, .T. ) ;
#394 = DIRECTION ( 'NONE',  ( 0.000000000000000000, 0.000000000000000000, 1.000000000000000000 ) ) ;
#395 = ORIENTED_EDGE ( 'NONE', *, *, #992, .T. ) ;
#396 = CARTESIAN_POINT ( 'NONE',  ( -7.533461551981132764, -1.558227039305267070, 1.000000000000000000 ) ) ;
#397 = LINE ( 'NONE', #401, #669 ) ;
#398 = PLANE ( 'NONE',  #856 ) ;
#399 = CARTESIAN_POINT ( 'NONE',  ( -5.733461551981132942, -1.708227039305266981, 1.000000000000000000 ) ) ;
#400 = FACE_OUTER_BOUND ( 'NONE', #1049, .T. ) ;
#401 = CARTESIAN_POINT ( 'NONE',  ( 2.510215053763445781, -1.494892473118278664, 0.000000000000000000 ) ) ;
#402 = ORIENTED_EDGE ( 'NONE', *, *, #519, .F. ) ;
#403 = ADVANCED_FACE ( 'NONE', ( #119 ), #453, .F. ) ;
#404 = PRODUCT_DEFINITION_CONTEXT ( 'detailed design', #1464, 'design' ) ;
#405 = CARTESIAN_POINT ( 'NONE',  ( 2.510215053763445781, 1.855107526881722091, 0.000000000000000000 ) ) ;
#406 = CARTESIAN_POINT ( 'NONE',  ( 2.110215053763445425, -1.494892473118278664, 0.1499999999999999944 ) ) ;
#407 = STYLED_ITEM ( 'NONE', ( #126 ), #13 ) ;
#408 = ADVANCED_FACE ( 'NONE', ( #113 ), #1034, .F. ) ;
#409 = ORIENTED_EDGE ( 'NONE', *, *, #1301, .T. ) ;
#410 = VECTOR ( 'NONE', #954, 1000.000000000000000 ) ;
#411 = VECTOR ( 'NONE', #24, 1000.000000000000000 ) ;
#412 = ORIENTED_EDGE ( 'NONE', *, *, #570, .F. ) ;
#413 = VECTOR ( 'NONE', #657, 1000.000000000000000 ) ;
#414 = PRESENTATION_LAYER_ASSIGNMENT (  '', '', ( #1147 ) ) ;
#415 = CARTESIAN_POINT ( 'NONE',  ( -2.589784946236553420, -1.494892473118278664, 5.349999999999999645 ) ) ;
#416 = ADVANCED_FACE ( 'NONE', ( #460 ), #1359, .T. ) ;
#417 = CARTESIAN_POINT ( 'NONE',  ( -2.589784946236553420, -1.494892473118278664, 0.1499999999999999944 ) ) ;
#418 = LINE ( 'NONE', #847, #314 ) ;
#419 = LINE ( 'NONE', #1115, #1146 ) ;
#420 = VERTEX_POINT ( 'NONE', #471 ) ;
#421 = EDGE_CURVE ( 'NONE', #1365, #816, #1148, .T. ) ;
#422 = ORIENTED_EDGE ( 'NONE', *, *, #680, .F. ) ;
#423 = CARTESIAN_POINT ( 'NONE',  ( 2.510215053763445781, 1.855107526881722091, 0.000000000000000000 ) ) ;
#424 = ORIENTED_EDGE ( 'NONE', *, *, #185, .T. ) ;
#425 = CARTESIAN_POINT ( 'NONE',  ( -4.733461551981132942, -1.708227039305266981, 0.1499999999999999944 ) ) ;
#426 = EDGE_CURVE ( 'NONE', #1124, #194, #606, .T. ) ;
#427 = ORIENTED_EDGE ( 'NONE', *, *, #118, .F. ) ;
#428 = ORIENTED_EDGE ( 'NONE', *, *, #1357, .F. ) ;
#429 = CARTESIAN_POINT ( 'NONE',  ( -7.533461551981132764, 0.5417729606947325749, 0.1499999999999999944 ) ) ;
#430 = VERTEX_POINT ( 'NONE', #145 ) ;
#431 = CARTESIAN_POINT ( 'NONE',  ( -5.733461551981132942, -1.708227039305266981, 4.500000000000000000 ) ) ;
#432 = FACE_OUTER_BOUND ( 'NONE', #473, .T. ) ;
#433 = ADVANCED_FACE ( 'NONE', ( #944 ), #1395, .F. ) ;
#434 = AXIS2_PLACEMENT_3D ( 'NONE', #616, #719, #174 ) ;
#435 = ORIENTED_EDGE ( 'NONE', *, *, #331, .F. ) ;
#436 = AXIS2_PLACEMENT_3D ( 'NONE', #5, #15, #1370 ) ;
#437 = ORIENTED_EDGE ( 'NONE', *, *, #235, .T. ) ;
#438 = CARTESIAN_POINT ( 'NONE',  ( -7.533461551981132764, 0.5417729606947325749, 5.349999999999999645 ) ) ;
#439 = ORIENTED_EDGE ( 'NONE', *, *, #932, .F. ) ;
#440 = CARTESIAN_POINT ( 'NONE',  ( -5.733461551981132942, -1.558227039305267070, 5.349999999999999645 ) ) ;
#441 = DIRECTION ( 'NONE',  ( 1.000000000000000000, 0.000000000000000000, 0.000000000000000000 ) ) ;
#442 = CONTEXT_DEPENDENT_SHAPE_REPRESENTATION ( #674, #582 ) ;
#443 = ORIENTED_EDGE ( 'NONE', *, *, #1084, .T. ) ;
#444 = EDGE_CURVE ( 'NONE', #1374, #1293, #618, .T. ) ;
#445 = FILL_AREA_STYLE_COLOUR ( '', #1052 ) ;
#446 = CARTESIAN_POINT ( 'NONE',  ( -4.733461551981132942, -1.708227039305266981, 5.500000000000000000 ) ) ;
#447 = ORIENTED_EDGE ( 'NONE', *, *, #665, .T. ) ;
#448 = CARTESIAN_POINT ( 'NONE',  ( -13.26692310396226659, 0.000000000000000000, 5.500000000000000000 ) ) ;
#449 = EDGE_CURVE ( 'NONE', #749, #1327, #876, .T. ) ;
#450 = EDGE_LOOP ( 'NONE', ( #267, #1171, #1399, #1010 ) ) ;
#451 = FACE_OUTER_BOUND ( 'NONE', #272, .T. ) ;
#452 = FACE_OUTER_BOUND ( 'NONE', #841, .T. ) ;
#453 = PLANE ( 'NONE',  #1377 ) ;
#454 = ORIENTED_EDGE ( 'NONE', *, *, #1341, .T. ) ;
#455 = LINE ( 'NONE', #1151, #197 ) ;
#456 = DIRECTION ( 'NONE',  ( -1.000000000000000000, 0.000000000000000000, 0.000000000000000000 ) ) ;
#457 = VECTOR ( 'NONE', #1086, 1000.000000000000000 ) ;
#458 = VECTOR ( 'NONE', #1291, 1000.000000000000000 ) ;
#459 = SURFACE_STYLE_USAGE ( .BOTH. , #692 ) ;
#460 = FACE_OUTER_BOUND ( 'NONE', #1037, .T. ) ;
#461 = EDGE_CURVE ( 'NONE', #329, #1116, #209, .T. ) ;
#462 = DIRECTION ( 'NONE',  ( 0.000000000000000000, -0.000000000000000000, -1.000000000000000000 ) ) ;
#463 = DIRECTION ( 'NONE',  ( -0.000000000000000000, 0.000000000000000000, -1.000000000000000000 ) ) ;
#464 = DIRECTION ( 'NONE',  ( 0.000000000000000000, 0.000000000000000000, 1.000000000000000000 ) ) ;
#465 = CARTESIAN_POINT ( 'NONE',  ( -4.733461551981132942, 0.5417729606947327969, 5.349999999999999645 ) ) ;
#466 = ORIENTED_EDGE ( 'NONE', *, *, #869, .F. ) ;
#467 = DIRECTION ( 'NONE',  ( 0.000000000000000000, -1.000000000000000000, 0.000000000000000000 ) ) ;
#468 = DIRECTION ( 'NONE',  ( 1.000000000000000000, 0.000000000000000000, 0.000000000000000000 ) ) ;
#469 = DIRECTION ( 'NONE',  ( 1.000000000000000000, 0.000000000000000000, 0.000000000000000000 ) ) ;
#470 = DIRECTION ( 'NONE',  ( 0.000000000000000000, -1.000000000000000000, 0.000000000000000000 ) ) ;
#471 = CARTESIAN_POINT ( 'NONE',  ( 2.110215053763445425, 0.6051075268817220909, 5.349999999999999645 ) ) ;
#472 = DIRECTION ( 'NONE',  ( -0.000000000000000000, -0.000000000000000000, 1.000000000000000000 ) ) ;
#473 = EDGE_LOOP ( 'NONE', ( #1465, #1002, #1207, #43 ) ) ;
#474 = DIRECTION ( 'NONE',  ( 0.000000000000000000, 0.000000000000000000, 1.000000000000000000 ) ) ;
#475 = ORIENTED_EDGE ( 'NONE', *, *, #244, .T. ) ;
#476 = FILL_AREA_STYLE ('',( #243 ) ) ;
#477 = CARTESIAN_POINT ( 'NONE',  ( 2.110215053763445425, 0.6051075268817215358, 0.1499999999999999944 ) ) ;
#478 = VECTOR ( 'NONE', #357, 1000.000000000000000 ) ;
#479 = PRODUCT_DEFINITION ( 'UNKNOWN', '', #1011, #825 ) ;
#480 = DIRECTION ( 'NONE',  ( -0.000000000000000000, -0.000000000000000000, 1.000000000000000000 ) ) ;
#481 = ORIENTED_EDGE ( 'NONE', *, *, #941, .T. ) ;
#482 = AXIS2_PLACEMENT_3D ( 'NONE', #448, #1251, #230 ) ;
#483 = DIRECTION ( 'NONE',  ( 1.000000000000000000, -2.168404344971008868E-16, 0.000000000000000000 ) ) ;
#484 = ORIENTED_EDGE ( 'NONE', *, *, #280, .T. ) ;
#485 = SURFACE_STYLE_FILL_AREA ( #476 ) ;
#486 = ORIENTED_EDGE ( 'NONE', *, *, #319, .T. ) ;
#487 = SURFACE_STYLE_USAGE ( .BOTH. , #1142 ) ;
#488 = CARTESIAN_POINT ( 'NONE',  ( 2.110215053763445425, -1.494892473118278664, 0.000000000000000000 ) ) ;
#489 = ORIENTED_EDGE ( 'NONE', *, *, #1132, .F. ) ;
#490 = DIRECTION ( 'NONE',  ( -1.000000000000000000, -2.168404344971008868E-16, 0.000000000000000000 ) ) ;
#491 = EDGE_CURVE ( 'NONE', #1190, #706, #1466, .T. ) ;
#492 = ORIENTED_EDGE ( 'NONE', *, *, #156, .F. ) ;
#493 = PLANE ( 'NONE',  #690 ) ;
#494 = APPLICATION_PROTOCOL_DEFINITION ( 'draft international standard', 'automotive_design', 1998, #1012 ) ;
#495 =( NAMED_UNIT ( * ) SI_UNIT ( $, .STERADIAN. ) SOLID_ANGLE_UNIT ( ) );
#496 = CARTESIAN_POINT ( 'NONE',  ( -5.733461551981132942, -1.708227039305266981, 5.500000000000000000 ) ) ;
#497 = ORIENTED_EDGE ( 'NONE', *, *, #1237, .F. ) ;
#498 = CARTESIAN_POINT ( 'NONE',  ( -8.533461551981133653, -1.708227039305266981, 0.000000000000000000 ) ) ;
#499 = DIRECTION ( 'NONE',  ( 1.000000000000000000, 0.000000000000000000, -0.000000000000000000 ) ) ;
#500 = ORIENTED_EDGE ( 'NONE', *, *, #195, .T. ) ;
#501 = DIRECTION ( 'NONE',  ( 0.000000000000000000, -1.000000000000000000, 0.000000000000000000 ) ) ;
#502 = DIRECTION ( 'NONE',  ( 0.000000000000000000, -1.000000000000000000, 0.000000000000000000 ) ) ;
#503 = VECTOR ( 'NONE', #1303, 1000.000000000000000 ) ;
#504 = CARTESIAN_POINT ( 'NONE',  ( 2.110215053763445425, 0.6051075268817220909, 5.349999999999999645 ) ) ;
#505 = VECTOR ( 'NONE', #956, 1000.000000000000000 ) ;
#506 = ORIENTED_EDGE ( 'NONE', *, *, #869, .T. ) ;
#507 = VECTOR ( 'NONE', #30, 1000.000000000000000 ) ;
#508 = CARTESIAN_POINT ( 'NONE',  ( -2.989784946236554219, -1.494892473118278664, 5.500000000000000000 ) ) ;
#509 = ADVANCED_FACE ( 'NONE', ( #139 ), #521, .F. ) ;
#510 = ORIENTED_EDGE ( 'NONE', *, *, #519, .T. ) ;
#511 = CARTESIAN_POINT ( 'NONE',  ( 2.110215053763445425, 0.6051075268817215358, 0.1499999999999999944 ) ) ;
#512 = ORIENTED_EDGE ( 'NONE', *, *, #185, .F. ) ;
#513 = DIRECTION ( 'NONE',  ( -0.000000000000000000, -0.000000000000000000, -1.000000000000000000 ) ) ;
#514 = CARTESIAN_POINT ( 'NONE',  ( 0.000000000000000000, 0.000000000000000000, 1.000000000000000000 ) ) ;
#515 = PLANE ( 'NONE',  #108 ) ;
#516 = ORIENTED_EDGE ( 'NONE', *, *, #790, .F. ) ;
#517 = EDGE_CURVE ( 'NONE', #342, #766, #168, .T. ) ;
#518 = CARTESIAN_POINT ( 'NONE',  ( -2.589784946236553420, 0.6051075268817220909, 0.1499999999999999944 ) ) ;
#519 = EDGE_CURVE ( 'NONE', #375, #1245, #588, .T. ) ;
#520 = CARTESIAN_POINT ( 'NONE',  ( -7.533461551981132764, 0.5417729606947325749, 5.500000000000000000 ) ) ;
#521 = PLANE ( 'NONE',  #1428 ) ;
#522 = DIRECTION ( 'NONE',  ( 1.000000000000000000, 0.000000000000000000, 0.000000000000000000 ) ) ;
#523 = ORIENTED_EDGE ( 'NONE', *, *, #421, .T. ) ;
#524 = PLANE ( 'NONE',  #262 ) ;
#525 = ORIENTED_EDGE ( 'NONE', *, *, #393, .F. ) ;
#526 = LINE ( 'NONE', #1085, #172 ) ;
#527 = ADVANCED_FACE ( 'NONE', ( #1376 ), #1310, .F. ) ;
#528 = CARTESIAN_POINT ( 'NONE',  ( -2.989784946236554219, 1.855107526881721203, 5.500000000000000000 ) ) ;
#529 = DIRECTION ( 'NONE',  ( -0.000000000000000000, 0.000000000000000000, -1.000000000000000000 ) ) ;
#530 = VERTEX_POINT ( 'NONE', #297 ) ;
#531 = EDGE_CURVE ( 'NONE', #1453, #51, #1415, .T. ) ;
#532 = CARTESIAN_POINT ( 'NONE',  ( -4.733461551981132942, -1.708227039305266981, 1.000000000000000000 ) ) ;
#533 = PLANE ( 'NONE',  #781 ) ;
#534 = VECTOR ( 'NONE', #755, 1000.000000000000000 ) ;
#535 = VECTOR ( 'NONE', #733, 1000.000000000000000 ) ;
#536 = ORIENTED_EDGE ( 'NONE', *, *, #449, .T. ) ;
#537 =( GEOMETRIC_REPRESENTATION_CONTEXT ( 3 ) GLOBAL_UNCERTAINTY_ASSIGNED_CONTEXT ( ( #1443 ) ) GLOBAL_UNIT_ASSIGNED_CONTEXT ( ( #107, #135, #572 ) ) REPRESENTATION_CONTEXT ( 'NONE', 'WORKASPACE' ) );
#538 = LINE ( 'NONE', #1437, #1424 ) ;
#539 = DIRECTION ( 'NONE',  ( 0.000000000000000000, 0.000000000000000000, -1.000000000000000000 ) ) ;
#540 = ORIENTED_EDGE ( 'NONE', *, *, #790, .T. ) ;
#541 = PLANE ( 'NONE',  #647 ) ;
#542 = ORIENTED_EDGE ( 'NONE', *, *, #1268, .F. ) ;
#543 = UNCERTAINTY_MEASURE_WITH_UNIT (LENGTH_MEASURE( 1.000000000000000082E-05 ), #137, 'distance_accuracy_value', 'NONE');
#544 = EDGE_CURVE ( 'NONE', #19, #898, #1180, .T. ) ;
#545 = ORIENTED_EDGE ( 'NONE', *, *, #227, .T. ) ;
#546 = LINE ( 'NONE', #1446, #905 ) ;
#547 = EDGE_CURVE ( 'NONE', #1162, #1190, #269, .T. ) ;
#548 = ORIENTED_EDGE ( 'NONE', *, *, #383, .T. ) ;
#549 = ADVANCED_FACE ( 'NONE', ( #130 ), #1366, .F. ) ;
#550 = CARTESIAN_POINT ( 'NONE',  ( 2.110215053763445425, -1.494892473118278664, 0.1499999999999999944 ) ) ;
#551 = ORIENTED_EDGE ( 'NONE', *, *, #14, .F. ) ;
#552 = CARTESIAN_POINT ( 'NONE',  ( -7.533461551981132764, -1.708227039305266981, 1.000000000000000000 ) ) ;
#553 = LINE ( 'NONE', #1325, #534 ) ;
#554 = ORIENTED_EDGE ( 'NONE', *, *, #46, .F. ) ;
#555 = EDGE_CURVE ( 'NONE', #898, #308, #1039, .T. ) ;
#556 = AXIS2_PLACEMENT_3D ( 'NONE', #508, #962, #1411 ) ;
#557 = AXIS2_PLACEMENT_3D ( 'NONE', #214, #1440, #1215 ) ;
#558 = EDGE_LOOP ( 'NONE', ( #117, #225, #750, #1214 ) ) ;
#559 = FACE_OUTER_BOUND ( 'NONE', #740, .T. ) ;
#560 = CARTESIAN_POINT ( 'NONE',  ( -5.733461551981132942, 0.5417729606947325749, 0.1499999999999999944 ) ) ;
#561 = ORIENTED_EDGE ( 'NONE', *, *, #544, .T. ) ;
#562 = CARTESIAN_POINT ( 'NONE',  ( 2.110215053763445425, 0.6051075268817220909, 5.500000000000000000 ) ) ;
#563 = EDGE_CURVE ( 'NONE', #265, #1229, #278, .T. ) ;
#564 = ITEM_DEFINED_TRANSFORMATION ( 'NONE', 'NONE', #264,  #759 ) ;
#565 = ORIENTED_EDGE ( 'NONE', *, *, #14, .T. ) ;
#566 = DIRECTION ( 'NONE',  ( 0.000000000000000000, 1.000000000000000000, 0.000000000000000000 ) ) ;
#567 = VERTEX_POINT ( 'NONE', #1231 ) ;
#568 = DIRECTION ( 'NONE',  ( -1.153406566473941260E-16, 1.000000000000000000, 0.000000000000000000 ) ) ;
#569 = CARTESIAN_POINT ( 'NONE',  ( -4.733461551981132942, -1.708227039305266981, 5.500000000000000000 ) ) ;
#570 = EDGE_CURVE ( 'NONE', #1071, #601, #553, .T. ) ;
#571 = ORIENTED_EDGE ( 'NONE', *, *, #770, .F. ) ;
#572 =( NAMED_UNIT ( * ) SI_UNIT ( $, .STERADIAN. ) SOLID_ANGLE_UNIT ( ) );
#573 = DIRECTION ( 'NONE',  ( -1.000000000000000000, 0.000000000000000000, 0.000000000000000000 ) ) ;
#574 = FACE_OUTER_BOUND ( 'NONE', #888, .T. ) ;
#575 = PLANE ( 'NONE',  #1427 ) ;
#576 = VECTOR ( 'NONE', #170, 1000.000000000000000 ) ;
#577 = VECTOR ( 'NONE', #880, 1000.000000000000000 ) ;
#578 = VECTOR ( 'NONE', #260, 1000.000000000000000 ) ;
#579 =( GEOMETRIC_REPRESENTATION_CONTEXT ( 3 ) GLOBAL_UNCERTAINTY_ASSIGNED_CONTEXT ( ( #937 ) ) GLOBAL_UNIT_ASSIGNED_CONTEXT ( ( #258, #592, #1067 ) ) REPRESENTATION_CONTEXT ( 'NONE', 'WORKASPACE' ) );
#580 = CARTESIAN_POINT ( 'NONE',  ( 0.000000000000000000, 0.000000000000000000, 5.349999999999999645 ) ) ;
#581 = EDGE_CURVE ( 'NONE', #763, #1445, #1334, .T. ) ;
#582 = PRODUCT_DEFINITION_SHAPE ( 'NONE', 'NONE',  #1471 ) ;
#583 = PLANE ( 'NONE',  #929 ) ;
#584 = DIRECTION ( 'NONE',  ( 0.000000000000000000, -0.000000000000000000, -1.000000000000000000 ) ) ;
#585 =( NAMED_UNIT ( * ) PLANE_ANGLE_UNIT ( ) SI_UNIT ( $, .RADIAN. ) );
#586 = PLANE ( 'NONE',  #482 ) ;
#587 = FACE_OUTER_BOUND ( 'NONE', #658, .T. ) ;
#588 = LINE ( 'NONE', #975, #458 ) ;
#589 = CARTESIAN_POINT ( 'NONE',  ( 2.110215053763445869, -1.494892473118278664, 5.349999999999999645 ) ) ;
#590 = CARTESIAN_POINT ( 'NONE',  ( -7.533461551981132764, -1.558227039305267070, 1.000000000000000000 ) ) ;
#591 = ADVANCED_FACE ( 'NONE', ( #432 ), #1205, .F. ) ;
#592 =( NAMED_UNIT ( * ) PLANE_ANGLE_UNIT ( ) SI_UNIT ( $, .RADIAN. ) );
#593 = CARTESIAN_POINT ( 'NONE',  ( -7.533461551981132764, -1.558227039305267070, 0.1499999999999999944 ) ) ;
#594 = DIRECTION ( 'NONE',  ( 0.000000000000000000, -0.000000000000000000, -1.000000000000000000 ) ) ;
#595 = EDGE_CURVE ( 'NONE', #883, #774, #1216, .T. ) ;
#596 = APPLICATION_CONTEXT ( 'automotive_design' ) ;
#597 = VECTOR ( 'NONE', #469, 1000.000000000000000 ) ;
#598 = DIRECTION ( 'NONE',  ( 0.000000000000000000, 0.000000000000000000, 1.000000000000000000 ) ) ;
#599 = FILL_AREA_STYLE ('',( #1271 ) ) ;
#600 = VECTOR ( 'NONE', #122, 1000.000000000000000 ) ;
#601 = VERTEX_POINT ( 'NONE', #325 ) ;
#602 = PLANE ( 'NONE',  #1105 ) ;
#603 = EDGE_CURVE ( 'NONE', #327, #630, #79, .T. ) ;
#604 = PLANE ( 'NONE',  #1261 ) ;
#605 = APPLICATION_PROTOCOL_DEFINITION ( 'draft international standard', 'automotive_design', 1998, #926 ) ;
#606 = LINE ( 'NONE', #973, #1048 ) ;
#607 = ADVANCED_BREP_SHAPE_REPRESENTATION ( '', ( #1001, #34, #7, #1032, #759 ), #537 ) ;
#608 = CARTESIAN_POINT ( 'NONE',  ( -5.733461551981132942, 0.5417729606947325749, 5.349999999999999645 ) ) ;
#609 = CARTESIAN_POINT ( 'NONE',  ( -4.733461551981132942, -1.558227039305267070, 5.349999999999999645 ) ) ;
#610 = ORIENTED_EDGE ( 'NONE', *, *, #603, .F. ) ;
#611 = CARTESIAN_POINT ( 'NONE',  ( -7.533461551981132764, 0.5417729606947325749, 0.000000000000000000 ) ) ;
#612 = FACE_OUTER_BOUND ( 'NONE', #1460, .T. ) ;
#613 = LINE ( 'NONE', #57, #507 ) ;
#614 = ORIENTED_EDGE ( 'NONE', *, *, #927, .F. ) ;
#615 = PLANE ( 'NONE',  #556 ) ;
#616 = CARTESIAN_POINT ( 'NONE',  ( 0.000000000000000000, 0.000000000000000000, 4.500000000000000000 ) ) ;
#617 = SURFACE_STYLE_USAGE ( .BOTH. , #371 ) ;
#618 = LINE ( 'NONE', #1077, #902 ) ;
#619 = CARTESIAN_POINT ( 'NONE',  ( -4.733461551981132942, 0.5417729606947327969, 0.000000000000000000 ) ) ;
#620 = CARTESIAN_POINT ( 'NONE',  ( -7.533461551981132764, -1.558227039305267070, 4.500000000000000000 ) ) ;
#621 = FACE_OUTER_BOUND ( 'NONE', #1066, .T. ) ;
#622 = VECTOR ( 'NONE', #1177, 1000.000000000000000 ) ;
#623 = ORIENTED_EDGE ( 'NONE', *, *, #207, .F. ) ;
#624 = CARTESIAN_POINT ( 'NONE',  ( -5.733461551981132942, -1.558227039305267070, 4.500000000000000000 ) ) ;
#625 = AXIS2_PLACEMENT_3D ( 'NONE', #1199, #1007, #1434 ) ;
#626 = DIRECTION ( 'NONE',  ( 1.000000000000000000, -1.153406566473941260E-16, 0.000000000000000000 ) ) ;
#627 = ADVANCED_FACE ( 'NONE', ( #587 ), #583, .F. ) ;
#628 = PLANE ( 'NONE',  #901 ) ;
#629 = LINE ( 'NONE', #550, #1050 ) ;
#630 = VERTEX_POINT ( 'NONE', #701 ) ;
#631 = DIRECTION ( 'NONE',  ( 4.130293990420968897E-16, -1.000000000000000000, 0.000000000000000000 ) ) ;
#632 = ORIENTED_EDGE ( 'NONE', *, *, #747, .F. ) ;
#633 = DIRECTION ( 'NONE',  ( 0.000000000000000000, -1.000000000000000000, 0.000000000000000000 ) ) ;
#634 = EDGE_CURVE ( 'NONE', #1136, #672, #1355, .T. ) ;
#635 = CARTESIAN_POINT ( 'NONE',  ( -2.989784946236554219, 1.855107526881721203, 0.000000000000000000 ) ) ;
#636 = ORIENTED_EDGE ( 'NONE', *, *, #985, .F. ) ;
#637 = CARTESIAN_POINT ( 'NONE',  ( -2.589784946236553420, -1.494892473118278664, 0.1499999999999999944 ) ) ;
#638 = FILL_AREA_STYLE ('',( #186 ) ) ;
#639 = ORIENTED_EDGE ( 'NONE', *, *, #188, .T. ) ;
#640 = VERTEX_POINT ( 'NONE', #33 ) ;
#641 = CARTESIAN_POINT ( 'NONE',  ( -2.589784946236553420, -1.494892473118278664, 5.500000000000000000 ) ) ;
#642 = CARTESIAN_POINT ( 'NONE',  ( -7.533461551981132764, -1.558227039305267070, 5.349999999999999645 ) ) ;
#643 = ORIENTED_EDGE ( 'NONE', *, *, #1209, .T. ) ;
#644 = PRESENTATION_STYLE_ASSIGNMENT (( #324 ) ) ;
#645 = VECTOR ( 'NONE', #895, 1000.000000000000000 ) ;
#646 = ADVANCED_FACE ( 'NONE', ( #347 ), #1267, .F. ) ;
#647 = AXIS2_PLACEMENT_3D ( 'NONE', #313, #1224, #764 ) ;
#648 = ORIENTED_EDGE ( 'NONE', *, *, #1063, .T. ) ;
#649 =( GEOMETRIC_REPRESENTATION_CONTEXT ( 3 ) GLOBAL_UNCERTAINTY_ASSIGNED_CONTEXT ( ( #873 ) ) GLOBAL_UNIT_ASSIGNED_CONTEXT ( ( #809, #66, #48 ) ) REPRESENTATION_CONTEXT ( 'NONE', 'WORKASPACE' ) );
#650 = ORIENTED_EDGE ( 'NONE', *, *, #1015, .T. ) ;
#651 = LINE ( 'NONE', #1189, #1353 ) ;
#652 = EDGE_LOOP ( 'NONE', ( #1448, #326, #1326, #639, #510, #1006, #878, #675 ) ) ;
#653 =( NAMED_UNIT ( * ) PLANE_ANGLE_UNIT ( ) SI_UNIT ( $, .RADIAN. ) );
#654 = EDGE_CURVE ( 'NONE', #284, #996, #231, .T. ) ;
#655 = ORIENTED_EDGE ( 'NONE', *, *, #1166, .T. ) ;
#656 = EDGE_LOOP ( 'NONE', ( #662, #1349, #655, #1106 ) ) ;
#657 = DIRECTION ( 'NONE',  ( -0.000000000000000000, -0.000000000000000000, -1.000000000000000000 ) ) ;
#658 = EDGE_LOOP ( 'NONE', ( #1221, #1447, #274, #53, #1016, #977 ) ) ;
#659 = EDGE_CURVE ( 'NONE', #1091, #934, #785, .T. ) ;
#660 = CARTESIAN_POINT ( 'NONE',  ( -8.533461551981133653, 0.5417729606947327969, 0.000000000000000000 ) ) ;
#661 = ORIENTED_EDGE ( 'NONE', *, *, #296, .T. ) ;
#662 = ORIENTED_EDGE ( 'NONE', *, *, #941, .F. ) ;
#663 = ORIENTED_EDGE ( 'NONE', *, *, #1230, .T. ) ;
#664 =( LENGTH_UNIT ( ) NAMED_UNIT ( * ) SI_UNIT ( .MILLI., .METRE. ) );
#665 = EDGE_CURVE ( 'NONE', #1327, #1405, #1036, .T. ) ;
#666 = EDGE_LOOP ( 'NONE', ( #1150, #101, #872, #210 ) ) ;
#667 = PLANE ( 'NONE',  #625 ) ;
#668 = PRESENTATION_LAYER_ASSIGNMENT (  '', '', ( #1208 ) ) ;
#669 = VECTOR ( 'NONE', #848, 1000.000000000000000 ) ;
#670 = EDGE_CURVE ( 'NONE', #745, #1071, #18, .T. ) ;
#671 = STYLED_ITEM ( 'NONE', ( #644 ), #1001 ) ;
#672 = VERTEX_POINT ( 'NONE', #797 ) ;
#673 = CARTESIAN_POINT ( 'NONE',  ( -13.26692310396226659, 0.000000000000000000, 5.349999999999999645 ) ) ;
#674 =( REPRESENTATION_RELATIONSHIP ('NONE','NONE', #242, #791 ) REPRESENTATION_RELATIONSHIP_WITH_TRANSFORMATION ( #564 )SHAPE_REPRESENTATION_RELATIONSHIP( ) );
#675 = ORIENTED_EDGE ( 'NONE', *, *, #257, .T. ) ;
#676 = DIRECTION ( 'NONE',  ( 0.000000000000000000, 0.000000000000000000, 1.000000000000000000 ) ) ;
#677 = LINE ( 'NONE', #1133, #799 ) ;
#678 = ORIENTED_EDGE ( 'NONE', *, *, #820, .T. ) ;
#679 = PLANE ( 'NONE',  #237 ) ;
#680 = EDGE_CURVE ( 'NONE', #51, #342, #695, .T. ) ;
#681 = ORIENTED_EDGE ( 'NONE', *, *, #547, .F. ) ;
#682 =( NAMED_UNIT ( * ) PLANE_ANGLE_UNIT ( ) SI_UNIT ( $, .RADIAN. ) );
#683 = CARTESIAN_POINT ( 'NONE',  ( -7.533461551981132764, 0.5417729606947325749, 5.349999999999999645 ) ) ;
#684 = EDGE_LOOP ( 'NONE', ( #868, #1296, #381, #454 ) ) ;
#685 = EDGE_CURVE ( 'NONE', #1091, #265, #1242, .T. ) ;
#686 =( NAMED_UNIT ( * ) PLANE_ANGLE_UNIT ( ) SI_UNIT ( $, .RADIAN. ) );
#687 = PLANE ( 'NONE',  #220 ) ;
#688 = CARTESIAN_POINT ( 'NONE',  ( -8.533461551981133653, 0.5417729606947327969, 0.000000000000000000 ) ) ;
#689 = COLOUR_RGB ( '',0.2509803921568627416, 0.2509803921568627416, 0.2509803921568627416 ) ;
#690 = AXIS2_PLACEMENT_3D ( 'NONE', #380, #1065, #499 ) ;
#691 = VECTOR ( 'NONE', #472, 1000.000000000000000 ) ;
#692 = SURFACE_SIDE_STYLE ('',( #1236 ) ) ;
#693 = DIRECTION ( 'NONE',  ( 1.000000000000000000, 0.000000000000000000, -0.000000000000000000 ) ) ;
#694 = VERTEX_POINT ( 'NONE', #1154 ) ;
#695 = LINE ( 'NONE', #368, #597 ) ;
#696 = ORIENTED_EDGE ( 'NONE', *, *, #659, .F. ) ;
#697 = PRODUCT_RELATED_PRODUCT_CATEGORY ( 'part', '', ( #1420 ) ) ;
#698 = APPLICATION_CONTEXT ( 'automotive_design' ) ;
#699 = DIRECTION ( 'NONE',  ( 1.000000000000000000, 2.168404344971008868E-16, 0.000000000000000000 ) ) ;
#700 = DIRECTION ( 'NONE',  ( 0.000000000000000000, 1.000000000000000000, 0.000000000000000000 ) ) ;
#701 = CARTESIAN_POINT ( 'NONE',  ( 2.110215053763445425, -1.494892473118278664, 0.1499999999999999944 ) ) ;
#702 = DIRECTION ( 'NONE',  ( 0.000000000000000000, -1.000000000000000000, 0.000000000000000000 ) ) ;
#703 =( NAMED_UNIT ( * ) SI_UNIT ( $, .STERADIAN. ) SOLID_ANGLE_UNIT ( ) );
#704 = FACE_OUTER_BOUND ( 'NONE', #187, .T. ) ;
#705 = EDGE_CURVE ( 'NONE', #198, #51, #140, .T. ) ;
#706 = VERTEX_POINT ( 'NONE', #917 ) ;
#707 = CARTESIAN_POINT ( 'NONE',  ( -8.533461551981133653, -1.708227039305266981, 5.500000000000000000 ) ) ;
#708 = UNCERTAINTY_MEASURE_WITH_UNIT (LENGTH_MEASURE( 1.000000000000000082E-05 ), #664, 'distance_accuracy_value', 'NONE');
#709 = AXIS2_PLACEMENT_3D ( 'NONE', #590, #25, #463 ) ;
#710 = SHAPE_DEFINITION_REPRESENTATION ( #283, #242 ) ;
#711 =( LENGTH_UNIT ( ) NAMED_UNIT ( * ) SI_UNIT ( .MILLI., .METRE. ) );
#712 = VECTOR ( 'NONE', #373, 1000.000000000000000 ) ;
#713 = CARTESIAN_POINT ( 'NONE',  ( -7.533461551981132764, 0.5417729606947325749, 0.000000000000000000 ) ) ;
#714 = ORIENTED_EDGE ( 'NONE', *, *, #1362, .T. ) ;
#715 = STYLED_ITEM ( 'NONE', ( #1394 ), #607 ) ;
#716 = CARTESIAN_POINT ( 'NONE',  ( -2.589784946236554308, 0.6051075268817215358, 5.500000000000000000 ) ) ;
#717 = EDGE_CURVE ( 'NONE', #348, #1425, #1040, .T. ) ;
#718 = VERTEX_POINT ( 'NONE', #683 ) ;
#719 = DIRECTION ( 'NONE',  ( 0.000000000000000000, 0.000000000000000000, 1.000000000000000000 ) ) ;
#720 = APPLICATION_PROTOCOL_DEFINITION ( 'draft international standard', 'automotive_design', 1998, #596 ) ;
#721 = FACE_OUTER_BOUND ( 'NONE', #936, .T. ) ;
#722 = PLANE ( 'NONE',  #1008 ) ;
#723 = PRODUCT_CONTEXT ( 'NONE', #698, 'mechanical' ) ;
#724 = CARTESIAN_POINT ( 'NONE',  ( -2.989784946236554219, -1.494892473118278664, 5.500000000000000000 ) ) ;
#725 = CARTESIAN_POINT ( 'NONE',  ( -13.26692310396226659, 0.000000000000000000, 4.500000000000000000 ) ) ;
#726 = EDGE_CURVE ( 'NONE', #567, #942, #247, .T. ) ;
#727 = CARTESIAN_POINT ( 'NONE',  ( -8.533461551981133653, -1.708227039305266981, 0.1499999999999999944 ) ) ;
#728 = ORIENTED_EDGE ( 'NONE', *, *, #133, .F. ) ;
#729 = FACE_OUTER_BOUND ( 'NONE', #1351, .T. ) ;
#730 = VERTEX_POINT ( 'NONE', #1378 ) ;
#731 = LINE ( 'NONE', #637, #732 ) ;
#732 = VECTOR ( 'NONE', #1082, 1000.000000000000000 ) ;
#733 = DIRECTION ( 'NONE',  ( -1.000000000000000000, -0.000000000000000000, -0.000000000000000000 ) ) ;
#734 = VECTOR ( 'NONE', #240, 1000.000000000000000 ) ;
#735 = LINE ( 'NONE', #863, #877 ) ;
#736 = COLOUR_RGB ( '',0.2509803921568627416, 0.2509803921568627416, 0.2509803921568627416 ) ;
#737 = CARTESIAN_POINT ( 'NONE',  ( 2.110215053763445869, -1.494892473118278664, 5.349999999999999645 ) ) ;
#738 = PRODUCT_DEFINITION ( 'UNKNOWN', '', #884, #316 ) ;
#739 = ORIENTED_EDGE ( 'NONE', *, *, #252, .F. ) ;
#740 = EDGE_LOOP ( 'NONE', ( #765, #865, #565, #443 ) ) ;
#741 = PLANE ( 'NONE',  #359 ) ;
#742 = CARTESIAN_POINT ( 'NONE',  ( -2.989784946236554219, -1.494892473118278664, 5.500000000000000000 ) ) ;
#743 = DIRECTION ( 'NONE',  ( 0.000000000000000000, 0.000000000000000000, -1.000000000000000000 ) ) ;
#744 = ORIENTED_EDGE ( 'NONE', *, *, #1467, .T. ) ;
#745 = VERTEX_POINT ( 'NONE', #908 ) ;
#746 = DIRECTION ( 'NONE',  ( 0.000000000000000000, 0.000000000000000000, 1.000000000000000000 ) ) ;
#747 = EDGE_CURVE ( 'NONE', #1061, #1223, #677, .T. ) ;
#748 = DIRECTION ( 'NONE',  ( 1.000000000000000000, 0.000000000000000000, 0.000000000000000000 ) ) ;
#749 = VERTEX_POINT ( 'NONE', #569 ) ;
#750 = ORIENTED_EDGE ( 'NONE', *, *, #961, .T. ) ;
#751 = ORIENTED_EDGE ( 'NONE', *, *, #421, .F. ) ;
#752 = LINE ( 'NONE', #887, #344 ) ;
#753 = ORIENTED_EDGE ( 'NONE', *, *, #1268, .T. ) ;
#754 =( NAMED_UNIT ( * ) SI_UNIT ( $, .STERADIAN. ) SOLID_ANGLE_UNIT ( ) );
#755 = DIRECTION ( 'NONE',  ( -0.000000000000000000, -0.000000000000000000, -1.000000000000000000 ) ) ;
#756 = VECTOR ( 'NONE', #474, 1000.000000000000000 ) ;
#757 =( GEOMETRIC_REPRESENTATION_CONTEXT ( 3 ) GLOBAL_UNCERTAINTY_ASSIGNED_CONTEXT ( ( #1058 ) ) GLOBAL_UNIT_ASSIGNED_CONTEXT ( ( #330, #653, #754 ) ) REPRESENTATION_CONTEXT ( 'NONE', 'WORKASPACE' ) );
#758 = EDGE_LOOP ( 'NONE', ( #661, #1047, #554, #506 ) ) ;
#759 = AXIS2_PLACEMENT_3D ( 'NONE', #911, #212, #1140 ) ;
#760 = ORIENTED_EDGE ( 'NONE', *, *, #1074, .T. ) ;
#761 = ADVANCED_FACE ( 'NONE', ( #1045 ), #575, .T. ) ;
#762 = DIRECTION ( 'NONE',  ( 0.000000000000000000, -1.000000000000000000, 0.000000000000000000 ) ) ;
#763 = VERTEX_POINT ( 'NONE', #1138 ) ;
#764 = DIRECTION ( 'NONE',  ( -1.000000000000000000, 1.153406566473941260E-16, 0.000000000000000000 ) ) ;
#765 = ORIENTED_EDGE ( 'NONE', *, *, #1243, .F. ) ;
#766 = VERTEX_POINT ( 'NONE', #1030 ) ;
#767 = APPLICATION_CONTEXT ( 'automotive_design' ) ;
#768 = EDGE_LOOP ( 'NONE', ( #1379, #1235, #492, #307 ) ) ;
#769 = CARTESIAN_POINT ( 'NONE',  ( -7.533461551981132764, -1.708227039305266981, 0.000000000000000000 ) ) ;
#770 = EDGE_CURVE ( 'NONE', #1245, #148, #12, .T. ) ;
#771 = ORIENTED_EDGE ( 'NONE', *, *, #531, .T. ) ;
#772 = ORIENTED_EDGE ( 'NONE', *, *, #717, .F. ) ;
#773 =( NAMED_UNIT ( * ) SI_UNIT ( $, .STERADIAN. ) SOLID_ANGLE_UNIT ( ) );
#774 = VERTEX_POINT ( 'NONE', #688 ) ;
#775 = CARTESIAN_POINT ( 'NONE',  ( -8.533461551981133653, -1.708227039305266981, 0.1499999999999999944 ) ) ;
#776 =( GEOMETRIC_REPRESENTATION_CONTEXT ( 3 ) GLOBAL_UNCERTAINTY_ASSIGNED_CONTEXT ( ( #37 ) ) GLOBAL_UNIT_ASSIGNED_CONTEXT ( ( #811, #49, #155 ) ) REPRESENTATION_CONTEXT ( 'NONE', 'WORKASPACE' ) );
#777 = VECTOR ( 'NONE', #483, 1000.000000000000000 ) ;
#778 = CARTESIAN_POINT ( 'NONE',  ( -2.589784946236554308, 0.6051075268817215358, 5.349999999999999645 ) ) ;
#779 = VECTOR ( 'NONE', #1060, 1000.000000000000000 ) ;
#780 = ADVANCED_FACE ( 'NONE', ( #1145 ), #132, .F. ) ;
#781 = AXIS2_PLACEMENT_3D ( 'NONE', #346, #115, #121 ) ;
#782 = ORIENTED_EDGE ( 'NONE', *, *, #1089, .F. ) ;
#783 = AXIS2_PLACEMENT_3D ( 'NONE', #993, #201, #529 ) ;
#784 = DIRECTION ( 'NONE',  ( -1.000000000000000000, -1.153406566473941260E-16, 0.000000000000000000 ) ) ;
#785 = LINE ( 'NONE', #789, #983 ) ;
#786 =( NAMED_UNIT ( * ) PLANE_ANGLE_UNIT ( ) SI_UNIT ( $, .RADIAN. ) );
#787 = ADVANCED_FACE ( 'NONE', ( #179 ), #604, .F. ) ;
#788 = PLANE ( 'NONE',  #129 ) ;
#789 = CARTESIAN_POINT ( 'NONE',  ( -8.533461551981133653, -1.708227039305266981, 5.349999999999999645 ) ) ;
#790 = EDGE_CURVE ( 'NONE', #315, #1343, #171, .T. ) ;
#791 = SHAPE_REPRESENTATION ( 'ACM55V_lead flame', ( #759 ), #537 ) ;
#792 = LINE ( 'NONE', #560, #803 ) ;
#793 = CARTESIAN_POINT ( 'NONE',  ( 2.510215053763445781, -1.494892473118278664, 5.500000000000000000 ) ) ;
#794 = ADVANCED_FACE ( 'NONE', ( #44 ), #1072, .F. ) ;
#795 = DIRECTION ( 'NONE',  ( 0.000000000000000000, 0.000000000000000000, 1.000000000000000000 ) ) ;
#796 = CARTESIAN_POINT ( 'NONE',  ( -7.533461551981132764, -1.558227039305267070, 4.500000000000000000 ) ) ;
#797 = CARTESIAN_POINT ( 'NONE',  ( -7.533461551981132764, 0.5417729606947325749, 5.500000000000000000 ) ) ;
#798 = STYLED_ITEM ( 'NONE', ( #256 ), #7 ) ;
#799 = VECTOR ( 'NONE', #594, 1000.000000000000000 ) ;
#800 = PRESENTATION_LAYER_ASSIGNMENT (  '', '', ( #671 ) ) ;
#801 = APPLICATION_PROTOCOL_DEFINITION ( 'draft international standard', 'automotive_design', 1998, #1464 ) ;
#802 = CARTESIAN_POINT ( 'NONE',  ( -4.733461551981132942, -1.708227039305266981, 0.000000000000000000 ) ) ;
#803 = VECTOR ( 'NONE', #470, 1000.000000000000000 ) ;
#804 = SURFACE_STYLE_FILL_AREA ( #599 ) ;
#805 = EDGE_LOOP ( 'NONE', ( #497, #109, #1219, #1342 ) ) ;
#806 = DIRECTION ( 'NONE',  ( 0.000000000000000000, 0.000000000000000000, -1.000000000000000000 ) ) ;
#807 = CARTESIAN_POINT ( 'NONE',  ( -7.533461551981132764, -1.708227039305266981, 5.349999999999999645 ) ) ;
#808 = EDGE_CURVE ( 'NONE', #329, #420, #1274, .T. ) ;
#809 =( LENGTH_UNIT ( ) NAMED_UNIT ( * ) SI_UNIT ( .MILLI., .METRE. ) );
#810 = CARTESIAN_POINT ( 'NONE',  ( -7.533461551981132764, -1.708227039305266981, 4.500000000000000000 ) ) ;
#811 =( LENGTH_UNIT ( ) NAMED_UNIT ( * ) SI_UNIT ( .MILLI., .METRE. ) );
#812 = CARTESIAN_POINT ( 'NONE',  ( 2.110215053763445425, 0.6051075268817215358, 0.000000000000000000 ) ) ;
#813 = ORIENTED_EDGE ( 'NONE', *, *, #248, .T. ) ;
#814 = DIRECTION ( 'NONE',  ( -1.000000000000000000, 0.000000000000000000, 0.000000000000000000 ) ) ;
#815 = SURFACE_SIDE_STYLE ('',( #485 ) ) ;
#816 = VERTEX_POINT ( 'NONE', #1056 ) ;
#817 = DIRECTION ( 'NONE',  ( 1.000000000000000000, 0.000000000000000000, 0.000000000000000000 ) ) ;
#818 = FILL_AREA_STYLE ('',( #40 ) ) ;
#819 = CARTESIAN_POINT ( 'NONE',  ( -8.533461551981133653, 0.5417729606947327969, 0.1499999999999999944 ) ) ;
#820 = EDGE_CURVE ( 'NONE', #1293, #1365, #378, .T. ) ;
#821 = EDGE_LOOP ( 'NONE', ( #85, #95, #648, #486, #1393, #1160 ) ) ;
#822 = CARTESIAN_POINT ( 'NONE',  ( -8.533461551981133653, -1.558227039305267070, 1.000000000000000000 ) ) ;
#823 = CLOSED_SHELL ( 'NONE', ( #1181, #266, #1169, #627, #1462, #1107, #549, #509 ) ) ;
#824 = DIRECTION ( 'NONE',  ( 1.000000000000000000, 0.000000000000000000, 0.000000000000000000 ) ) ;
#825 = PRODUCT_DEFINITION_CONTEXT ( 'detailed design', #1012, 'design' ) ;
#826 = MECHANICAL_DESIGN_GEOMETRIC_PRESENTATION_REPRESENTATION (  '', ( #798 ), #854 ) ;
#827 = EDGE_CURVE ( 'NONE', #763, #327, #1183, .T. ) ;
#828 = ORIENTED_EDGE ( 'NONE', *, *, #726, .F. ) ;
#829 = AXIS2_PLACEMENT_3D ( 'NONE', #1173, #1406, #391 ) ;
#830 = DIRECTION ( 'NONE',  ( 1.219044193948983948E-29, 1.000000000000000000, 3.491481338843133355E-15 ) ) ;
#831 = DIRECTION ( 'NONE',  ( -1.000000000000000000, 0.000000000000000000, 0.000000000000000000 ) ) ;
#832 = MECHANICAL_DESIGN_GEOMETRIC_PRESENTATION_REPRESENTATION (  '', ( #671 ), #757 ) ;
#833 = DIRECTION ( 'NONE',  ( -1.000000000000000000, 0.000000000000000000, 0.000000000000000000 ) ) ;
#834 = LINE ( 'NONE', #273, #1454 ) ;
#835 = CARTESIAN_POINT ( 'NONE',  ( 0.000000000000000000, 0.000000000000000000, 5.349999999999999645 ) ) ;
#836 = EDGE_CURVE ( 'NONE', #194, #93, #158, .T. ) ;
#837 = CARTESIAN_POINT ( 'NONE',  ( -4.733461551981132942, 0.5417729606947327969, 5.349999999999999645 ) ) ;
#838 = DIRECTION ( 'NONE',  ( 1.000000000000000000, 0.000000000000000000, 0.000000000000000000 ) ) ;
#839 = PLANE ( 'NONE',  #150 ) ;
#840 = CARTESIAN_POINT ( 'NONE',  ( -4.733461551981132942, 0.5417729606947327969, 0.1499999999999999944 ) ) ;
#841 = EDGE_LOOP ( 'NONE', ( #1314, #1336, #337, #1409 ) ) ;
#842 = LINE ( 'NONE', #619, #457 ) ;
#843 = LINE ( 'NONE', #933, #882 ) ;
#844 = PRODUCT ( 'ACM55V', 'ACM55V', '', ( #1051 ) ) ;
#845 = EDGE_LOOP ( 'NONE', ( #714, #412, #204, #643 ) ) ;
#846 = EDGE_CURVE ( 'NONE', #640, #1218, #1090, .T. ) ;
#847 = CARTESIAN_POINT ( 'NONE',  ( -5.733461551981132942, -1.708227039305266981, 5.349999999999999645 ) ) ;
#848 = DIRECTION ( 'NONE',  ( 0.000000000000000000, 1.000000000000000000, 0.000000000000000000 ) ) ;
#849 = ORIENTED_EDGE ( 'NONE', *, *, #84, .F. ) ;
#850 = CARTESIAN_POINT ( 'NONE',  ( -2.989784946236554219, 1.855107526881721203, 0.000000000000000000 ) ) ;
#851 = ORIENTED_EDGE ( 'NONE', *, *, #1301, .F. ) ;
#852 = CARTESIAN_POINT ( 'NONE',  ( -7.533461551981132764, -1.708227039305266981, 0.000000000000000000 ) ) ;
#853 = DIRECTION ( 'NONE',  ( 0.000000000000000000, 0.000000000000000000, 1.000000000000000000 ) ) ;
#854 =( GEOMETRIC_REPRESENTATION_CONTEXT ( 3 ) GLOBAL_UNCERTAINTY_ASSIGNED_CONTEXT ( ( #141 ) ) GLOBAL_UNIT_ASSIGNED_CONTEXT ( ( #711, #686, #495 ) ) REPRESENTATION_CONTEXT ( 'NONE', 'WORKASPACE' ) );
#855 = PLANE ( 'NONE',  #783 ) ;
#856 = AXIS2_PLACEMENT_3D ( 'NONE', #835, #285, #824 ) ;
#857 = VECTOR ( 'NONE', #1196, 1000.000000000000000 ) ;
#858 = DIRECTION ( 'NONE',  ( -0.000000000000000000, 0.000000000000000000, -1.000000000000000000 ) ) ;
#859 = AXIS2_PLACEMENT_3D ( 'NONE', #90, #539, #1033 ) ;
#860 = VERTEX_POINT ( 'NONE', #609 ) ;
#861 = LINE ( 'NONE', #852, #410 ) ;
#862 = DIRECTION ( 'NONE',  ( -0.000000000000000000, -0.000000000000000000, -1.000000000000000000 ) ) ;
#863 = CARTESIAN_POINT ( 'NONE',  ( -2.989784946236554219, -1.494892473118278664, 5.500000000000000000 ) ) ;
#864 = FILL_AREA_STYLE ('',( #1324 ) ) ;
#865 = ORIENTED_EDGE ( 'NONE', *, *, #248, .F. ) ;
#866 = EDGE_LOOP ( 'NONE', ( #447, #545, #990, #536 ) ) ;
#867 = CARTESIAN_POINT ( 'NONE',  ( -8.533461551981133653, -1.708227039305266981, 1.000000000000000000 ) ) ;
#868 = ORIENTED_EDGE ( 'NONE', *, *, #654, .T. ) ;
#869 = EDGE_CURVE ( 'NONE', #694, #1289, #1163, .T. ) ;
#870 = PLANE ( 'NONE',  #557 ) ;
#871 = DIRECTION ( 'NONE',  ( 0.000000000000000000, 0.000000000000000000, 1.000000000000000000 ) ) ;
#872 = ORIENTED_EDGE ( 'NONE', *, *, #563, .F. ) ;
#873 = UNCERTAINTY_MEASURE_WITH_UNIT (LENGTH_MEASURE( 1.000000000000000082E-05 ), #809, 'distance_accuracy_value', 'NONE');
#874 = ORIENTED_EDGE ( 'NONE', *, *, #1127, .T. ) ;
#875 = CARTESIAN_POINT ( 'NONE',  ( -5.733461551981132942, 0.5417729606947325749, 0.1499999999999999944 ) ) ;
#876 = LINE ( 'NONE', #446, #6 ) ;
#877 = VECTOR ( 'NONE', #1191, 1000.000000000000000 ) ;
#878 = ORIENTED_EDGE ( 'NONE', *, *, #46, .T. ) ;
#879 = DIRECTION ( 'NONE',  ( 1.000000000000000000, -2.168404344971008868E-16, 0.000000000000000000 ) ) ;
#880 = DIRECTION ( 'NONE',  ( 0.000000000000000000, 1.000000000000000000, 0.000000000000000000 ) ) ;
#881 = AXIS2_PLACEMENT_3D ( 'NONE', #1295, #947, #1288 ) ;
#882 = VECTOR ( 'NONE', #968, 1000.000000000000000 ) ;
#883 = VERTEX_POINT ( 'NONE', #498 ) ;
#884 = PRODUCT_DEFINITION_FORMATION_WITH_SPECIFIED_SOURCE ( 'ANY', '', #844, .NOT_KNOWN. ) ;
#885 = ADVANCED_FACE ( 'NONE', ( #729 ), #255, .F. ) ;
#886 = ORIENTED_EDGE ( 'NONE', *, *, #1341, .F. ) ;
#887 = CARTESIAN_POINT ( 'NONE',  ( -8.533461551981133653, -1.708227039305266981, 5.349999999999999645 ) ) ;
#888 = EDGE_LOOP ( 'NONE', ( #128, #217, #886, #82 ) ) ;
#889 = DIRECTION ( 'NONE',  ( 0.000000000000000000, -1.000000000000000000, -0.000000000000000000 ) ) ;
#890 = EDGE_LOOP ( 'NONE', ( #851, #1457, #969, #26, #99, #914, #427, #874, #311, #561, #1210, #1338 ) ) ;
#891 = ORIENTED_EDGE ( 'NONE', *, *, #1230, .F. ) ;
#892 = DIRECTION ( 'NONE',  ( 1.000000000000000000, 2.065146995210483709E-16, 0.000000000000000000 ) ) ;
#893 = ORIENTED_EDGE ( 'NONE', *, *, #685, .T. ) ;
#894 = CARTESIAN_POINT ( 'NONE',  ( -7.533461551981132764, -1.558227039305267070, 4.500000000000000000 ) ) ;
#895 = DIRECTION ( 'NONE',  ( -0.000000000000000000, -0.000000000000000000, -1.000000000000000000 ) ) ;
#896 = ORIENTED_EDGE ( 'NONE', *, *, #570, .T. ) ;
#897 = CARTESIAN_POINT ( 'NONE',  ( -2.589784946236553420, -1.494892473118278664, 0.1499999999999999944 ) ) ;
#898 = VERTEX_POINT ( 'NONE', #388 ) ;
#899 = CLOSED_SHELL ( 'NONE', ( #972, #74, #1042, #953, #1113, #1449, #1121, #271 ) ) ;
#900 = LINE ( 'NONE', #1352, #691 ) ;
#901 = AXIS2_PLACEMENT_3D ( 'NONE', #80, #1094, #392 ) ;
#902 = VECTOR ( 'NONE', #310, 1000.000000000000000 ) ;
#903 = DIRECTION ( 'NONE',  ( 1.000000000000000000, 0.000000000000000000, 0.000000000000000000 ) ) ;
#904 = VECTOR ( 'NONE', #889, 1000.000000000000000 ) ;
#905 = VECTOR ( 'NONE', #862, 1000.000000000000000 ) ;
#906 = EDGE_CURVE ( 'NONE', #1368, #1405, #834, .T. ) ;
#907 = CARTESIAN_POINT ( 'NONE',  ( -8.533461551981133653, -1.708227039305266981, 4.500000000000000000 ) ) ;
#908 = CARTESIAN_POINT ( 'NONE',  ( -4.733461551981132942, -1.558227039305267070, 1.000000000000000000 ) ) ;
#909 = LINE ( 'NONE', #287, #1028 ) ;
#910 = ADVANCED_FACE ( 'NONE', ( #1418 ), #722, .F. ) ;
#911 = CARTESIAN_POINT ( 'NONE',  ( 0.000000000000000000, 0.000000000000000000, 0.000000000000000000 ) ) ;
#912 = FACE_OUTER_BOUND ( 'NONE', #845, .T. ) ;
#913 = LINE ( 'NONE', #1396, #1046 ) ;
#914 = ORIENTED_EDGE ( 'NONE', *, *, #461, .F. ) ;
#915 =( LENGTH_UNIT ( ) NAMED_UNIT ( * ) SI_UNIT ( .MILLI., .METRE. ) );
#916 = DIRECTION ( 'NONE',  ( 0.000000000000000000, 0.000000000000000000, -1.000000000000000000 ) ) ;
#917 = CARTESIAN_POINT ( 'NONE',  ( 2.510215053763445781, -1.494892473118278664, 0.000000000000000000 ) ) ;
#918 = ADVANCED_FACE ( 'NONE', ( #935 ), #615, .F. ) ;
#919 = PLANE ( 'NONE',  #1164 ) ;
#920 = CARTESIAN_POINT ( 'NONE',  ( -5.733461551981132942, -1.558227039305267070, 1.000000000000000000 ) ) ;
#921 = ORIENTED_EDGE ( 'NONE', *, *, #717, .T. ) ;
#922 = LINE ( 'NONE', #1247, #239 ) ;
#923 = ORIENTED_EDGE ( 'NONE', *, *, #906, .F. ) ;
#924 = CARTESIAN_POINT ( 'NONE',  ( -5.733461551981132942, -1.708227039305266981, 4.500000000000000000 ) ) ;
#925 = EDGE_LOOP ( 'NONE', ( #275, #923, #663, #1025, #114, #813 ) ) ;
#926 = APPLICATION_CONTEXT ( 'automotive_design' ) ;
#927 = EDGE_CURVE ( 'NONE', #706, #148, #397, .T. ) ;
#928 = VECTOR ( 'NONE', #1057, 1000.000000000000000 ) ;
#929 = AXIS2_PLACEMENT_3D ( 'NONE', #352, #903, #1367 ) ;
#930 = VECTOR ( 'NONE', #945, 1000.000000000000000 ) ;
#931 = AXIS2_PLACEMENT_3D ( 'NONE', #673, #4, #226 ) ;
#932 = EDGE_CURVE ( 'NONE', #1203, #718, #291, .T. ) ;
#933 = CARTESIAN_POINT ( 'NONE',  ( -2.589784946236554308, 0.6051075268817215358, 5.349999999999999645 ) ) ;
#934 = VERTEX_POINT ( 'NONE', #707 ) ;
#935 = FACE_OUTER_BOUND ( 'NONE', #890, .T. ) ;
#936 = EDGE_LOOP ( 'NONE', ( #1134, #636, #1128, #1385 ) ) ;
#937 = UNCERTAINTY_MEASURE_WITH_UNIT (LENGTH_MEASURE( 1.000000000000000082E-05 ), #258, 'distance_accuracy_value', 'NONE');
#938 = DIRECTION ( 'NONE',  ( -0.000000000000000000, -0.000000000000000000, -1.000000000000000000 ) ) ;
#939 = ORIENTED_EDGE ( 'NONE', *, *, #1413, .T. ) ;
#940 = CARTESIAN_POINT ( 'NONE',  ( -7.533461551981132764, 0.5417729606947325749, 0.1499999999999999944 ) ) ;
#941 = EDGE_CURVE ( 'NONE', #774, #1218, #151, .T. ) ;
#942 = VERTEX_POINT ( 'NONE', #431 ) ;
#943 = SHAPE_DEFINITION_REPRESENTATION ( #254, #791 ) ;
#944 = FACE_OUTER_BOUND ( 'NONE', #1111, .T. ) ;
#945 = DIRECTION ( 'NONE',  ( 1.000000000000000000, 0.000000000000000000, 0.000000000000000000 ) ) ;
#946 = ORIENTED_EDGE ( 'NONE', *, *, #1413, .F. ) ;
#947 = DIRECTION ( 'NONE',  ( -1.000000000000000000, 0.000000000000000000, 0.000000000000000000 ) ) ;
#948 = ADVANCED_FACE ( 'NONE', ( #300 ), #541, .F. ) ;
#949 = VECTOR ( 'NONE', #1410, 1000.000000000000000 ) ;
#950 = AXIS2_PLACEMENT_3D ( 'NONE', #1083, #814, #1391 ) ;
#951 = FILL_AREA_STYLE ('',( #276 ) ) ;
#952 = DIRECTION ( 'NONE',  ( -1.000000000000000000, -1.153406566473941260E-16, 0.000000000000000000 ) ) ;
#953 = ADVANCED_FACE ( 'NONE', ( #1119 ), #870, .F. ) ;
#954 = DIRECTION ( 'NONE',  ( -1.000000000000000000, 0.000000000000000000, 0.000000000000000000 ) ) ;
#955 = VECTOR ( 'NONE', #676, 1000.000000000000000 ) ;
#956 = DIRECTION ( 'NONE',  ( 1.000000000000000000, 0.000000000000000000, 0.000000000000000000 ) ) ;
#957 = DIRECTION ( 'NONE',  ( -1.000000000000000000, -0.000000000000000000, 0.000000000000000000 ) ) ;
#958 = VECTOR ( 'NONE', #1311, 1000.000000000000000 ) ;
#959 = VERTEX_POINT ( 'NONE', #769 ) ;
#960 = LINE ( 'NONE', #70, #949 ) ;
#961 = EDGE_CURVE ( 'NONE', #112, #1368, #995, .T. ) ;
#962 = DIRECTION ( 'NONE',  ( 0.000000000000000000, 1.000000000000000000, 0.000000000000000000 ) ) ;
#963 = EDGE_LOOP ( 'NONE', ( #211, #1439, #215, #1096 ) ) ;
#964 = DIRECTION ( 'NONE',  ( 0.000000000000000000, 0.000000000000000000, 1.000000000000000000 ) ) ;
#965 = CARTESIAN_POINT ( 'NONE',  ( -7.533461551981132764, -1.558227039305267070, 0.1499999999999999944 ) ) ;
#966 = PRODUCT_DEFINITION ( 'UNKNOWN', '', #200, #404 ) ;
#967 = CARTESIAN_POINT ( 'NONE',  ( -5.733461551981132942, 0.5417729606947325749, 0.000000000000000000 ) ) ;
#968 = DIRECTION ( 'NONE',  ( -0.000000000000000000, -0.000000000000000000, 1.000000000000000000 ) ) ;
#969 = ORIENTED_EDGE ( 'NONE', *, *, #491, .T. ) ;
#970 = DIRECTION ( 'NONE',  ( -0.000000000000000000, -0.000000000000000000, 1.000000000000000000 ) ) ;
#971 = FACE_OUTER_BOUND ( 'NONE', #652, .T. ) ;
#972 = ADVANCED_FACE ( 'NONE', ( #1318 ), #667, .F. ) ;
#973 = CARTESIAN_POINT ( 'NONE',  ( 2.110215053763445425, 0.6051075268817220909, 5.500000000000000000 ) ) ;
#974 = LINE ( 'NONE', #1195, #292 ) ;
#975 = CARTESIAN_POINT ( 'NONE',  ( 2.510215053763445781, -1.494892473118278664, 5.500000000000000000 ) ) ;
#976 = PLANE ( 'NONE',  #222 ) ;
#977 = ORIENTED_EDGE ( 'NONE', *, *, #659, .T. ) ;
#978 = CARTESIAN_POINT ( 'NONE',  ( -2.989784946236554219, 1.855107526881721203, 5.500000000000000000 ) ) ;
#979 = ORIENTED_EDGE ( 'NONE', *, *, #1198, .F. ) ;
#980 = VERTEX_POINT ( 'NONE', #440 ) ;
#981 = PRESENTATION_LAYER_ASSIGNMENT (  '', '', ( #407 ) ) ;
#982 = LINE ( 'NONE', #724, #123 ) ;
#983 = VECTOR ( 'NONE', #144, 1000.000000000000000 ) ;
#984 = CARTESIAN_POINT ( 'NONE',  ( -7.533461551981132764, -1.708227039305266981, 5.500000000000000000 ) ) ;
#985 = EDGE_CURVE ( 'NONE', #1061, #1374, #1109, .T. ) ;
#986 = VECTOR ( 'NONE', #1322, 1000.000000000000000 ) ;
#987 = EDGE_LOOP ( 'NONE', ( #437, #1335, #1226, #1227 ) ) ;
#988 = DIRECTION ( 'NONE',  ( 0.000000000000000000, -1.000000000000000000, 0.000000000000000000 ) ) ;
#989 = CARTESIAN_POINT ( 'NONE',  ( -4.733461551981132942, 0.5417729606947327969, 5.349999999999999645 ) ) ;
#990 = ORIENTED_EDGE ( 'NONE', *, *, #1243, .T. ) ;
#991 = CARTESIAN_POINT ( 'NONE',  ( -5.733461551981132942, -1.708227039305266981, 0.000000000000000000 ) ) ;
#992 = EDGE_CURVE ( 'NONE', #730, #315, #1000, .T. ) ;
#993 = CARTESIAN_POINT ( 'NONE',  ( 2.110215053763445425, 0.6051075268817215358, 0.1499999999999999944 ) ) ;
#994 = EDGE_LOOP ( 'NONE', ( #650, #191, #1323, #333 ) ) ;
#995 = LINE ( 'NONE', #989, #294 ) ;
#996 = VERTEX_POINT ( 'NONE', #1333 ) ;
#997 = CARTESIAN_POINT ( 'NONE',  ( 2.110215053763445425, 0.6051075268817215358, 0.1499999999999999944 ) ) ;
#998 = CARTESIAN_POINT ( 'NONE',  ( 2.110215053763445425, 0.6051075268817220909, 5.349999999999999645 ) ) ;
#999 = ORIENTED_EDGE ( 'NONE', *, *, #517, .T. ) ;
#1000 = LINE ( 'NONE', #425, #1403 ) ;
#1001 = MANIFOLD_SOLID_BREP ( 'ŒﬁΩ - âüÇµèoÇµ2', #1143 ) ;
#1002 = ORIENTED_EDGE ( 'NONE', *, *, #1074, .F. ) ;
#1003 = ORIENTED_EDGE ( 'NONE', *, *, #1436, .F. ) ;
#1004 = LINE ( 'NONE', #417, #413 ) ;
#1005 = MECHANICAL_DESIGN_GEOMETRIC_PRESENTATION_REPRESENTATION (  '', ( #1208 ), #1350 ) ;
#1006 = ORIENTED_EDGE ( 'NONE', *, *, #1089, .T. ) ;
#1007 = DIRECTION ( 'NONE',  ( 2.168404344971008868E-16, -1.000000000000000000, 0.000000000000000000 ) ) ;
#1008 = AXIS2_PLACEMENT_3D ( 'NONE', #164, #59, #76 ) ;
#1009 = AXIS2_PLACEMENT_3D ( 'NONE', #1035, #467, #795 ) ;
#1010 = ORIENTED_EDGE ( 'NONE', *, *, #581, .T. ) ;
#1011 = PRODUCT_DEFINITION_FORMATION_WITH_SPECIFIED_SOURCE ( 'ANY', '', #1041, .NOT_KNOWN. ) ;
#1012 = APPLICATION_CONTEXT ( 'automotive_design' ) ;
#1013 = CARTESIAN_POINT ( 'NONE',  ( -7.533461551981132764, 0.5417729606947325749, 5.349999999999999645 ) ) ;
#1014 = EDGE_LOOP ( 'NONE', ( #1088, #891, #1319, #105 ) ) ;
#1015 = EDGE_CURVE ( 'NONE', #198, #221, #419, .T. ) ;
#1016 = ORIENTED_EDGE ( 'NONE', *, *, #685, .F. ) ;
#1017 = CARTESIAN_POINT ( 'NONE',  ( -2.589784946236553420, -1.494892473118278664, 5.349999999999999645 ) ) ;
#1018 = ORIENTED_EDGE ( 'NONE', *, *, #555, .F. ) ;
#1019 =( NAMED_UNIT ( * ) PLANE_ANGLE_UNIT ( ) SI_UNIT ( $, .RADIAN. ) );
#1020 = PLANE ( 'NONE',  #149 ) ;
#1021 = ORIENTED_EDGE ( 'NONE', *, *, #156, .T. ) ;
#1022 = CARTESIAN_POINT ( 'NONE',  ( -4.733461551981132942, -1.558227039305267070, 4.500000000000000000 ) ) ;
#1023 = CARTESIAN_POINT ( 'NONE',  ( 0.000000000000000000, 0.000000000000000000, 0.1499999999999999944 ) ) ;
#1024 = ADVANCED_FACE ( 'NONE', ( #83 ), #524, .F. ) ;
#1025 = ORIENTED_EDGE ( 'NONE', *, *, #1217, .F. ) ;
#1026 = LINE ( 'NONE', #1265, #32 ) ;
#1027 = CARTESIAN_POINT ( 'NONE',  ( -7.533461551981132764, -1.558227039305267070, 1.000000000000000000 ) ) ;
#1028 = VECTOR ( 'NONE', #746, 1000.000000000000000 ) ;
#1029 = AXIS2_PLACEMENT_3D ( 'NONE', #514, #916, #1069 ) ;
#1030 = CARTESIAN_POINT ( 'NONE',  ( -4.733461551981132942, 0.5417729606947327969, 0.000000000000000000 ) ) ;
#1031 = VECTOR ( 'NONE', #700, 1000.000000000000000 ) ;
#1032 = MANIFOLD_SOLID_BREP ( '–◊∞3[2]', #899 ) ;
#1033 = DIRECTION ( 'NONE',  ( 1.000000000000000000, 0.000000000000000000, 0.000000000000000000 ) ) ;
#1034 = PLANE ( 'NONE',  #436 ) ;
#1035 = CARTESIAN_POINT ( 'NONE',  ( -5.733461551981132942, -1.558227039305267070, 4.500000000000000000 ) ) ;
#1036 = LINE ( 'NONE', #241, #478 ) ;
#1037 = EDGE_LOOP ( 'NONE', ( #320, #395, #540, #744 ) ) ;
#1038 = DIRECTION ( 'NONE',  ( 0.000000000000000000, 0.000000000000000000, 1.000000000000000000 ) ) ;
#1039 = LINE ( 'NONE', #366, #505 ) ;
#1040 = LINE ( 'NONE', #807, #756 ) ;
#1041 = PRODUCT ( 'ACM55V_lead flame', 'ACM55V_lead flame', '', ( #723 ) ) ;
#1042 = ADVANCED_FACE ( 'NONE', ( #559 ), #533, .F. ) ;
#1043 = ORIENTED_EDGE ( 'NONE', *, *, #680, .T. ) ;
#1044 = CARTESIAN_POINT ( 'NONE',  ( -5.733461551981132942, -1.558227039305267070, 5.349999999999999645 ) ) ;
#1045 = FACE_OUTER_BOUND ( 'NONE', #1249, .T. ) ;
#1046 = VECTOR ( 'NONE', #1371, 1000.000000000000000 ) ;
#1047 = ORIENTED_EDGE ( 'NONE', *, *, #544, .F. ) ;
#1048 = VECTOR ( 'NONE', #952, 1000.000000000000000 ) ;
#1049 = EDGE_LOOP ( 'NONE', ( #481, #484, #1356, #1302 ) ) ;
#1050 = VECTOR ( 'NONE', #298, 1000.000000000000000 ) ;
#1051 = PRODUCT_CONTEXT ( 'NONE', #596, 'mechanical' ) ;
#1052 = COLOUR_RGB ( '',0.2509803921568627416, 0.2509803921568627416, 0.2509803921568627416 ) ;
#1053 = DIRECTION ( 'NONE',  ( -0.000000000000000000, -0.000000000000000000, -1.000000000000000000 ) ) ;
#1054 = ADVANCED_FACE ( 'NONE', ( #574 ), #788, .F. ) ;
#1055 = CARTESIAN_POINT ( 'NONE',  ( -8.533461551981133653, 0.5417729606947327969, 5.349999999999999645 ) ) ;
#1056 = CARTESIAN_POINT ( 'NONE',  ( -8.533461551981133653, -1.558227039305267070, 0.1499999999999999944 ) ) ;
#1057 = DIRECTION ( 'NONE',  ( 0.000000000000000000, -1.000000000000000000, 0.000000000000000000 ) ) ;
#1058 = UNCERTAINTY_MEASURE_WITH_UNIT (LENGTH_MEASURE( 1.000000000000000082E-05 ), #330, 'distance_accuracy_value', 'NONE');
#1059 = CARTESIAN_POINT ( 'NONE',  ( 0.000000000000000000, 0.000000000000000000, 0.000000000000000000 ) ) ;
#1060 = DIRECTION ( 'NONE',  ( 0.000000000000000000, -1.000000000000000000, 0.000000000000000000 ) ) ;
#1061 = VERTEX_POINT ( 'NONE', #1027 ) ;
#1062 = CARTESIAN_POINT ( 'NONE',  ( -2.989784946236554219, 1.855107526881721203, 5.500000000000000000 ) ) ;
#1063 = EDGE_CURVE ( 'NONE', #1451, #530, #1373, .T. ) ;
#1064 = ORIENTED_EDGE ( 'NONE', *, *, #581, .F. ) ;
#1065 = DIRECTION ( 'NONE',  ( 0.000000000000000000, 0.000000000000000000, 1.000000000000000000 ) ) ;
#1066 = EDGE_LOOP ( 'NONE', ( #1233, #489, #678, #523, #1081, #548 ) ) ;
#1067 =( NAMED_UNIT ( * ) SI_UNIT ( $, .STERADIAN. ) SOLID_ANGLE_UNIT ( ) );
#1068 = CARTESIAN_POINT ( 'NONE',  ( -7.533461551981132764, -1.708227039305266981, 5.500000000000000000 ) ) ;
#1069 = DIRECTION ( 'NONE',  ( -1.000000000000000000, 0.000000000000000000, -0.000000000000000000 ) ) ;
#1070 = LINE ( 'NONE', #504, #1331 ) ;
#1071 = VERTEX_POINT ( 'NONE', #9 ) ;
#1072 = PLANE ( 'NONE',  #341 ) ;
#1073 = DIRECTION ( 'NONE',  ( -0.000000000000000000, -0.000000000000000000, 1.000000000000000000 ) ) ;
#1074 = EDGE_CURVE ( 'NONE', #1374, #959, #455, .T. ) ;
#1075 = AXIS2_PLACEMENT_3D ( 'NONE', #1013, #45, #964 ) ;
#1076 = AXIS2_PLACEMENT_3D ( 'NONE', #796, #502, #1260 ) ;
#1077 = CARTESIAN_POINT ( 'NONE',  ( -8.533461551981133653, -1.708227039305266981, 1.000000000000000000 ) ) ;
#1078 = CARTESIAN_POINT ( 'NONE',  ( -2.589784946236554308, 0.6051075268817215358, 5.500000000000000000 ) ) ;
#1079 = VECTOR ( 'NONE', #957, 1000.000000000000000 ) ;
#1080 = CARTESIAN_POINT ( 'NONE',  ( -13.26692310396226659, 0.000000000000000000, 1.000000000000000000 ) ) ;
#1081 = ORIENTED_EDGE ( 'NONE', *, *, #393, .T. ) ;
#1082 = DIRECTION ( 'NONE',  ( 0.000000000000000000, 1.000000000000000000, 0.000000000000000000 ) ) ;
#1083 = CARTESIAN_POINT ( 'NONE',  ( -4.733461551981132942, -1.708227039305266981, 0.1499999999999999944 ) ) ;
#1084 = EDGE_CURVE ( 'NONE', #1451, #749, #900, .T. ) ;
#1085 = CARTESIAN_POINT ( 'NONE',  ( -5.733461551981132942, 0.5417729606947325749, 0.1499999999999999944 ) ) ;
#1086 = DIRECTION ( 'NONE',  ( -1.000000000000000000, -2.168404344971008868E-16, 0.000000000000000000 ) ) ;
#1087 = CARTESIAN_POINT ( 'NONE',  ( -7.533461551981132764, -1.708227039305266981, 1.000000000000000000 ) ) ;
#1088 = ORIENTED_EDGE ( 'NONE', *, *, #1237, .T. ) ;
#1089 = EDGE_CURVE ( 'NONE', #1245, #694, #922, .T. ) ;
#1090 = LINE ( 'NONE', #940, #622 ) ;
#1091 = VERTEX_POINT ( 'NONE', #907 ) ;
#1092 = PLANE ( 'NONE',  #434 ) ;
#1093 = EDGE_CURVE ( 'NONE', #1229, #1404, #138, .T. ) ;
#1094 = DIRECTION ( 'NONE',  ( 1.000000000000000000, 0.000000000000000000, -0.000000000000000000 ) ) ;
#1095 = CARTESIAN_POINT ( 'NONE',  ( -5.733461551981132942, -1.558227039305267070, 0.1499999999999999944 ) ) ;
#1096 = ORIENTED_EDGE ( 'NONE', *, *, #1193, .T. ) ;
#1097 = CARTESIAN_POINT ( 'NONE',  ( -5.733461551981132942, 0.5417729606947325749, 5.500000000000000000 ) ) ;
#1098 = SURFACE_STYLE_FILL_AREA ( #638 ) ;
#1099 = ORIENTED_EDGE ( 'NONE', *, *, #161, .T. ) ;
#1100 = EDGE_CURVE ( 'NONE', #221, #745, #1258, .T. ) ;
#1101 = VECTOR ( 'NONE', #1053, 1000.000000000000000 ) ;
#1102 = DIRECTION ( 'NONE',  ( 1.000000000000000000, 0.000000000000000000, 0.000000000000000000 ) ) ;
#1103 = VECTOR ( 'NONE', #468, 1000.000000000000000 ) ;
#1104 = PLANE ( 'NONE',  #859 ) ;
#1105 = AXIS2_PLACEMENT_3D ( 'NONE', #1055, #1287, #1416 ) ;
#1106 = ORIENTED_EDGE ( 'NONE', *, *, #846, .T. ) ;
#1107 = ADVANCED_FACE ( 'NONE', ( #351 ), #586, .F. ) ;
#1108 = MECHANICAL_DESIGN_GEOMETRIC_PRESENTATION_REPRESENTATION (  '', ( #715 ), #579 ) ;
#1109 = LINE ( 'NONE', #552, #904 ) ;
#1110 = ORIENTED_EDGE ( 'NONE', *, *, #104, .F. ) ;
#1111 = EDGE_LOOP ( 'NONE', ( #47, #681, #1200, #435, #1018, #41, #542, #614 ) ) ;
#1112 = CARTESIAN_POINT ( 'NONE',  ( -7.533461551981132764, -1.558227039305267070, 5.349999999999999645 ) ) ;
#1113 = ADVANCED_FACE ( 'NONE', ( #355 ), #687, .T. ) ;
#1114 = ORIENTED_EDGE ( 'NONE', *, *, #35, .T. ) ;
#1115 = CARTESIAN_POINT ( 'NONE',  ( -4.733461551981132942, -1.708227039305266981, 1.000000000000000000 ) ) ;
#1116 = VERTEX_POINT ( 'NONE', #1266 ) ;
#1117 = LINE ( 'NONE', #438, #1241 ) ;
#1118 = EDGE_LOOP ( 'NONE', ( #1043, #979, #238, #120 ) ) ;
#1119 = FACE_OUTER_BOUND ( 'NONE', #821, .T. ) ;
#1120 = ORIENTED_EDGE ( 'NONE', *, *, #289, .T. ) ;
#1121 = ADVANCED_FACE ( 'NONE', ( #1131 ), #246, .F. ) ;
#1122 = ORIENTED_EDGE ( 'NONE', *, *, #1467, .F. ) ;
#1123 = VECTOR ( 'NONE', #1392, 1000.000000000000000 ) ;
#1124 = VERTEX_POINT ( 'NONE', #562 ) ;
#1125 = DIRECTION ( 'NONE',  ( 1.000000000000000000, -0.000000000000000000, -0.000000000000000000 ) ) ;
#1126 = VECTOR ( 'NONE', #356, 1000.000000000000000 ) ;
#1127 = EDGE_CURVE ( 'NONE', #996, #93, #110, .T. ) ;
#1128 = ORIENTED_EDGE ( 'NONE', *, *, #244, .F. ) ;
#1129 = CARTESIAN_POINT ( 'NONE',  ( -4.733461551981132942, -1.708227039305266981, 4.500000000000000000 ) ) ;
#1130 = EDGE_LOOP ( 'NONE', ( #1194, #1417, #516, #91 ) ) ;
#1131 = FACE_OUTER_BOUND ( 'NONE', #805, .T. ) ;
#1132 = EDGE_CURVE ( 'NONE', #1293, #883, #338, .T. ) ;
#1133 = CARTESIAN_POINT ( 'NONE',  ( -7.533461551981132764, -1.558227039305267070, 1.000000000000000000 ) ) ;
#1134 = ORIENTED_EDGE ( 'NONE', *, *, #444, .F. ) ;
#1135 = FILL_AREA_STYLE ('',( #445 ) ) ;
#1136 = VERTEX_POINT ( 'NONE', #1175 ) ;
#1137 = CARTESIAN_POINT ( 'NONE',  ( -4.733461551981132942, -1.558227039305267070, 1.000000000000000000 ) ) ;
#1138 = CARTESIAN_POINT ( 'NONE',  ( -2.589784946236553420, 0.6051075268817220909, 0.1499999999999999944 ) ) ;
#1139 = EDGE_CURVE ( 'NONE', #934, #1136, #613, .T. ) ;
#1140 = DIRECTION ( 'NONE',  ( 1.000000000000000000, 0.000000000000000000, 0.000000000000000000 ) ) ;
#1141 = DIRECTION ( 'NONE',  ( 2.168404344971008868E-16, -1.000000000000000000, 0.000000000000000000 ) ) ;
#1142 = SURFACE_SIDE_STYLE ('',( #1256 ) ) ;
#1143 = CLOSED_SHELL ( 'NONE', ( #374, #1398, #10, #780, #416, #408, #343, #527 ) ) ;
#1144 = VECTOR ( 'NONE', #229, 1000.000000000000000 ) ;
#1145 = FACE_OUTER_BOUND ( 'NONE', #334, .T. ) ;
#1146 = VECTOR ( 'NONE', #1125, 1000.000000000000000 ) ;
#1147 = STYLED_ITEM ( 'NONE', ( #124 ), #1346 ) ;
#1148 = LINE ( 'NONE', #136, #386 ) ;
#1149 = FACE_OUTER_BOUND ( 'NONE', #1118, .T. ) ;
#1150 = ORIENTED_EDGE ( 'NONE', *, *, #1387, .T. ) ;
#1151 = CARTESIAN_POINT ( 'NONE',  ( -7.533461551981132764, -1.708227039305266981, 0.1499999999999999944 ) ) ;
#1152 = EDGE_CURVE ( 'NONE', #420, #1124, #1070, .T. ) ;
#1153 = CARTESIAN_POINT ( 'NONE',  ( -4.733461551981132942, -1.708227039305266981, 0.000000000000000000 ) ) ;
#1154 = CARTESIAN_POINT ( 'NONE',  ( -2.989784946236554219, 1.855107526881721203, 5.500000000000000000 ) ) ;
#1155 = EDGE_LOOP ( 'NONE', ( #1021, #696, #849, #921 ) ) ;
#1156 = EDGE_LOOP ( 'NONE', ( #1206, #893, #1305, #424 ) ) ;
#1157 = DIRECTION ( 'NONE',  ( -0.000000000000000000, -0.000000000000000000, -1.000000000000000000 ) ) ;
#1158 = CARTESIAN_POINT ( 'NONE',  ( -8.533461551981133653, -1.558227039305267070, 4.500000000000000000 ) ) ;
#1159 = DIRECTION ( 'NONE',  ( 0.000000000000000000, -0.000000000000000000, 1.000000000000000000 ) ) ;
#1160 = ORIENTED_EDGE ( 'NONE', *, *, #27, .T. ) ;
#1161 = DIRECTION ( 'NONE',  ( 1.000000000000000000, -2.168404344971008868E-16, 0.000000000000000000 ) ) ;
#1162 = VERTEX_POINT ( 'NONE', #812 ) ;
#1163 = LINE ( 'NONE', #1062, #62 ) ;
#1164 = AXIS2_PLACEMENT_3D ( 'NONE', #1278, #1364, #1159 ) ;
#1165 = VECTOR ( 'NONE', #1073, 1000.000000000000000 ) ;
#1166 = EDGE_CURVE ( 'NONE', #1313, #640, #385, .T. ) ;
#1167 = VECTOR ( 'NONE', #1455, 1000.000000000000000 ) ;
#1168 = CARTESIAN_POINT ( 'NONE',  ( -7.533461551981132764, -1.558227039305267070, 4.500000000000000000 ) ) ;
#1169 = ADVANCED_FACE ( 'NONE', ( #1292 ), #1408, .F. ) ;
#1170 = CARTESIAN_POINT ( 'NONE',  ( -2.589784946236554308, 0.6051075268817215358, 5.349999999999999645 ) ) ;
#1171 = ORIENTED_EDGE ( 'NONE', *, *, #35, .F. ) ;
#1172 = PRODUCT_CONTEXT ( 'NONE', #767, 'mechanical' ) ;
#1173 = CARTESIAN_POINT ( 'NONE',  ( 0.000000000000000000, 0.000000000000000000, 0.000000000000000000 ) ) ;
#1174 = LINE ( 'NONE', #67, #146 ) ;
#1175 = CARTESIAN_POINT ( 'NONE',  ( -8.533461551981133653, 0.5417729606947327969, 5.500000000000000000 ) ) ;
#1176 = ORIENTED_EDGE ( 'NONE', *, *, #1093, .T. ) ;
#1177 = DIRECTION ( 'NONE',  ( 0.000000000000000000, -0.000000000000000000, -1.000000000000000000 ) ) ;
#1178 = LINE ( 'NONE', #1419, #1165 ) ;
#1179 = DIRECTION ( 'NONE',  ( 1.000000000000000000, 0.000000000000000000, 0.000000000000000000 ) ) ;
#1180 = LINE ( 'NONE', #742, #734 ) ;
#1181 = ADVANCED_FACE ( 'NONE', ( #704 ), #602, .F. ) ;
#1182 = DIRECTION ( 'NONE',  ( 1.000000000000000000, 0.000000000000000000, -0.000000000000000000 ) ) ;
#1183 = LINE ( 'NONE', #518, #317 ) ;
#1184 = VECTOR ( 'NONE', #1383, 1000.000000000000000 ) ;
#1185 = VECTOR ( 'NONE', #263, 1000.000000000000000 ) ;
#1186 = FACE_OUTER_BOUND ( 'NONE', #925, .T. ) ;
#1187 = ADVANCED_FACE ( 'NONE', ( #400 ), #515, .F. ) ;
#1188 = VECTOR ( 'NONE', #223, 1000.000000000000000 ) ;
#1189 = CARTESIAN_POINT ( 'NONE',  ( -7.533461551981132764, 0.5417729606947325749, 5.349999999999999645 ) ) ;
#1190 = VERTEX_POINT ( 'NONE', #488 ) ;
#1191 = DIRECTION ( 'NONE',  ( 1.000000000000000000, 0.000000000000000000, 0.000000000000000000 ) ) ;
#1192 = CARTESIAN_POINT ( 'NONE',  ( -8.533461551981133653, 0.5417729606947327969, 0.1499999999999999944 ) ) ;
#1193 = EDGE_CURVE ( 'NONE', #284, #194, #843, .T. ) ;
#1194 = ORIENTED_EDGE ( 'NONE', *, *, #104, .T. ) ;
#1195 = CARTESIAN_POINT ( 'NONE',  ( -2.589784946236553420, 0.6051075268817220909, 0.000000000000000000 ) ) ;
#1196 = DIRECTION ( 'NONE',  ( -1.000000000000000000, -1.577021341797097560E-16, 0.000000000000000000 ) ) ;
#1197 = ORIENTED_EDGE ( 'NONE', *, *, #827, .T. ) ;
#1198 = EDGE_CURVE ( 'NONE', #221, #342, #279, .T. ) ;
#1199 = CARTESIAN_POINT ( 'NONE',  ( -4.733461551981132942, 0.5417729606947327969, 5.349999999999999645 ) ) ;
#1200 = ORIENTED_EDGE ( 'NONE', *, *, #175, .F. ) ;
#1201 = EDGE_CURVE ( 'NONE', #1203, #1136, #1389, .T. ) ;
#1202 = CARTESIAN_POINT ( 'NONE',  ( -4.733461551981132942, 0.5417729606947327969, 5.500000000000000000 ) ) ;
#1203 = VERTEX_POINT ( 'NONE', #1300 ) ;
#1204 = SURFACE_SIDE_STYLE ('',( #1098 ) ) ;
#1205 = PLANE ( 'NONE',  #1211 ) ;
#1206 = ORIENTED_EDGE ( 'NONE', *, *, #84, .T. ) ;
#1207 = ORIENTED_EDGE ( 'NONE', *, *, #444, .T. ) ;
#1208 = STYLED_ITEM ( 'NONE', ( #236 ), #34 ) ;
#1209 = EDGE_CURVE ( 'NONE', #745, #730, #162, .T. ) ;
#1210 = ORIENTED_EDGE ( 'NONE', *, *, #555, .T. ) ;
#1211 = AXIS2_PLACEMENT_3D ( 'NONE', #1441, #1469, #871 ) ;
#1212 = LINE ( 'NONE', #406, #1167 ) ;
#1213 = VECTOR ( 'NONE', #1157, 1000.000000000000000 ) ;
#1214 = ORIENTED_EDGE ( 'NONE', *, *, #906, .T. ) ;
#1215 = DIRECTION ( 'NONE',  ( 0.000000000000000000, 0.000000000000000000, -1.000000000000000000 ) ) ;
#1216 = LINE ( 'NONE', #98, #577 ) ;
#1217 = EDGE_CURVE ( 'NONE', #567, #980, #142, .T. ) ;
#1218 = VERTEX_POINT ( 'NONE', #713 ) ;
#1219 = ORIENTED_EDGE ( 'NONE', *, *, #252, .T. ) ;
#1220 = ADVANCED_FACE ( 'NONE', ( #621 ), #270, .F. ) ;
#1221 = ORIENTED_EDGE ( 'NONE', *, *, #1139, .T. ) ;
#1222 = LINE ( 'NONE', #1112, #321 ) ;
#1223 = VERTEX_POINT ( 'NONE', #593 ) ;
#1224 = DIRECTION ( 'NONE',  ( 1.153406566473941260E-16, 1.000000000000000000, -0.000000000000000000 ) ) ;
#1225 = PRODUCT_RELATED_PRODUCT_CATEGORY ( 'part', '', ( #1041 ) ) ;
#1226 = ORIENTED_EDGE ( 'NONE', *, *, #808, .F. ) ;
#1227 = ORIENTED_EDGE ( 'NONE', *, *, #461, .T. ) ;
#1228 = FACE_OUTER_BOUND ( 'NONE', #987, .T. ) ;
#1229 = VERTEX_POINT ( 'NONE', #1168 ) ;
#1230 = EDGE_CURVE ( 'NONE', #1368, #980, #157, .T. ) ;
#1231 = CARTESIAN_POINT ( 'NONE',  ( -5.733461551981132942, -1.558227039305267070, 4.500000000000000000 ) ) ;
#1232 = DIRECTION ( 'NONE',  ( -0.000000000000000000, -0.000000000000000000, 1.000000000000000000 ) ) ;
#1233 = ORIENTED_EDGE ( 'NONE', *, *, #595, .F. ) ;
#1234 = CONTEXT_DEPENDENT_SHAPE_REPRESENTATION ( #328, #165 ) ;
#1235 = ORIENTED_EDGE ( 'NONE', *, *, #1139, .F. ) ;
#1236 = SURFACE_STYLE_FILL_AREA ( #1135 ) ;
#1237 = EDGE_CURVE ( 'NONE', #860, #980, #169, .T. ) ;
#1238 = ORIENTED_EDGE ( 'NONE', *, *, #1330, .T. ) ;
#1239 =( NAMED_UNIT ( * ) SI_UNIT ( $, .STERADIAN. ) SOLID_ANGLE_UNIT ( ) );
#1240 = VECTOR ( 'NONE', #116, 1000.000000000000000 ) ;
#1241 = VECTOR ( 'NONE', #1317, 1000.000000000000000 ) ;
#1242 = LINE ( 'NONE', #1158, #86 ) ;
#1243 = EDGE_CURVE ( 'NONE', #323, #749, #372, .T. ) ;
#1244 = MECHANICAL_DESIGN_GEOMETRIC_PRESENTATION_REPRESENTATION (  '', ( #1147 ), #1312 ) ;
#1245 = VERTEX_POINT ( 'NONE', #1397 ) ;
#1246 = DIRECTION ( 'NONE',  ( -2.065146995210483709E-16, 1.000000000000000000, 0.000000000000000000 ) ) ;
#1247 = CARTESIAN_POINT ( 'NONE',  ( 2.510215053763445781, 1.855107526881722091, 5.500000000000000000 ) ) ;
#1248 = CARTESIAN_POINT ( 'NONE',  ( -5.733461551981132942, -1.708227039305266981, 0.1499999999999999944 ) ) ;
#1249 = EDGE_LOOP ( 'NONE', ( #23, #409, #286, #1197 ) ) ;
#1250 = SURFACE_SIDE_STYLE ('',( #804 ) ) ;
#1251 = DIRECTION ( 'NONE',  ( 0.000000000000000000, 0.000000000000000000, -1.000000000000000000 ) ) ;
#1252 = DIRECTION ( 'NONE',  ( -0.000000000000000000, -0.000000000000000000, -1.000000000000000000 ) ) ;
#1253 = PLANE ( 'NONE',  #931 ) ;
#1254 = ADVANCED_FACE ( 'NONE', ( #721 ), #839, .F. ) ;
#1255 = DIRECTION ( 'NONE',  ( 0.000000000000000000, 1.000000000000000000, 0.000000000000000000 ) ) ;
#1256 = SURFACE_STYLE_FILL_AREA ( #818 ) ;
#1257 = ORIENTED_EDGE ( 'NONE', *, *, #1166, .F. ) ;
#1258 = LINE ( 'NONE', #1137, #36 ) ;
#1259 = VECTOR ( 'NONE', #1102, 1000.000000000000000 ) ;
#1260 = DIRECTION ( 'NONE',  ( 0.000000000000000000, 0.000000000000000000, 1.000000000000000000 ) ) ;
#1261 = AXIS2_PLACEMENT_3D ( 'NONE', #1170, #52, #71 ) ;
#1262 = DIRECTION ( 'NONE',  ( 0.000000000000000000, 1.000000000000000000, 0.000000000000000000 ) ) ;
#1263 = MECHANICAL_DESIGN_GEOMETRIC_PRESENTATION_REPRESENTATION (  '', ( #1430 ), #87 ) ;
#1264 = DIRECTION ( 'NONE',  ( 0.000000000000000000, 0.000000000000000000, 1.000000000000000000 ) ) ;
#1265 = CARTESIAN_POINT ( 'NONE',  ( -8.533461551981133653, -1.708227039305266981, 0.1499999999999999944 ) ) ;
#1266 = CARTESIAN_POINT ( 'NONE',  ( 2.110215053763446313, -1.494892473118278664, 5.500000000000000000 ) ) ;
#1267 = PLANE ( 'NONE',  #709 ) ;
#1268 = EDGE_CURVE ( 'NONE', #148, #1289, #75, .T. ) ;
#1269 = CARTESIAN_POINT ( 'NONE',  ( 2.482365102578105945E-16, 6.393676605744579078, 0.06333456618701065188 ) ) ;
#1270 = FACE_OUTER_BOUND ( 'NONE', #1130, .T. ) ;
#1271 = FILL_AREA_STYLE_COLOUR ( '', #60 ) ;
#1272 = DIRECTION ( 'NONE',  ( 0.000000000000000000, 1.000000000000000000, 0.000000000000000000 ) ) ;
#1273 = ORIENTED_EDGE ( 'NONE', *, *, #1201, .T. ) ;
#1274 = LINE ( 'NONE', #737, #1185 ) ;
#1275 = SURFACE_STYLE_USAGE ( .BOTH. , #815 ) ;
#1276 = EDGE_LOOP ( 'NONE', ( #1332, #1064, #623, #377 ) ) ;
#1277 = DIRECTION ( 'NONE',  ( 1.000000000000000000, 0.000000000000000000, 0.000000000000000000 ) ) ;
#1278 = CARTESIAN_POINT ( 'NONE',  ( -5.733461551981132942, -1.708227039305266981, 0.1499999999999999944 ) ) ;
#1279 = CARTESIAN_POINT ( 'NONE',  ( -5.733461551981132942, -1.558227039305267070, 4.500000000000000000 ) ) ;
#1280 = ORIENTED_EDGE ( 'NONE', *, *, #927, .T. ) ;
#1281 = DIRECTION ( 'NONE',  ( -2.168404344971008868E-16, -1.000000000000000000, 0.000000000000000000 ) ) ;
#1282 = VECTOR ( 'NONE', #1414, 1000.000000000000000 ) ;
#1283 = VECTOR ( 'NONE', #288, 1000.000000000000000 ) ;
#1284 = PRESENTATION_LAYER_ASSIGNMENT (  '', '', ( #1430 ) ) ;
#1285 = DIRECTION ( 'NONE',  ( 1.219044193948983948E-29, 1.000000000000000000, 3.491481338843133355E-15 ) ) ;
#1286 = DIRECTION ( 'NONE',  ( -1.000000000000000000, 0.000000000000000000, 0.000000000000000000 ) ) ;
#1287 = DIRECTION ( 'NONE',  ( -2.168404344971008868E-16, -1.000000000000000000, -0.000000000000000000 ) ) ;
#1288 = DIRECTION ( 'NONE',  ( 0.000000000000000000, 0.000000000000000000, 1.000000000000000000 ) ) ;
#1289 = VERTEX_POINT ( 'NONE', #635 ) ;
#1290 = DIRECTION ( 'NONE',  ( -1.000000000000000000, 0.000000000000000000, 0.000000000000000000 ) ) ;
#1291 = DIRECTION ( 'NONE',  ( 0.000000000000000000, 1.000000000000000000, 0.000000000000000000 ) ) ;
#1292 = FACE_OUTER_BOUND ( 'NONE', #1155, .T. ) ;
#1293 = VERTEX_POINT ( 'NONE', #867 ) ;
#1294 = DIRECTION ( 'NONE',  ( -0.000000000000000000, -0.000000000000000000, 1.000000000000000000 ) ) ;
#1295 = CARTESIAN_POINT ( 'NONE',  ( 2.510215053763445781, -1.494892473118278664, 5.500000000000000000 ) ) ;
#1296 = ORIENTED_EDGE ( 'NONE', *, *, #118, .T. ) ;
#1297 = FACE_OUTER_BOUND ( 'NONE', #684, .T. ) ;
#1298 = CARTESIAN_POINT ( 'NONE',  ( -5.733461551981132942, -1.708227039305266981, 1.000000000000000000 ) ) ;
#1299 = CARTESIAN_POINT ( 'NONE',  ( -2.989784946236554219, -1.494892473118278664, 0.000000000000000000 ) ) ;
#1300 = CARTESIAN_POINT ( 'NONE',  ( -8.533461551981133653, 0.5417729606947327969, 5.349999999999999645 ) ) ;
#1301 = EDGE_CURVE ( 'NONE', #630, #430, #629, .T. ) ;
#1302 = ORIENTED_EDGE ( 'NONE', *, *, #595, .T. ) ;
#1303 = DIRECTION ( 'NONE',  ( -1.000000000000000000, -0.000000000000000000, 0.000000000000000000 ) ) ;
#1304 = DIRECTION ( 'NONE',  ( -0.000000000000000000, -0.000000000000000000, -1.000000000000000000 ) ) ;
#1305 = ORIENTED_EDGE ( 'NONE', *, *, #563, .T. ) ;
#1306 = VECTOR ( 'NONE', #134, 1000.000000000000000 ) ;
#1307 = VECTOR ( 'NONE', #1400, 1000.000000000000000 ) ;
#1308 = LINE ( 'NONE', #1068, #340 ) ;
#1309 = AXIS2_PLACEMENT_3D ( 'NONE', #727, #1182, #394 ) ;
#1310 = PLANE ( 'NONE',  #1029 ) ;
#1311 = DIRECTION ( 'NONE',  ( 0.000000000000000000, -1.000000000000000000, 0.000000000000000000 ) ) ;
#1312 =( GEOMETRIC_REPRESENTATION_CONTEXT ( 3 ) GLOBAL_UNCERTAINTY_ASSIGNED_CONTEXT ( ( #708 ) ) GLOBAL_UNIT_ASSIGNED_CONTEXT ( ( #664, #1019, #353 ) ) REPRESENTATION_CONTEXT ( 'NONE', 'WORKASPACE' ) );
#1313 = VERTEX_POINT ( 'NONE', #100 ) ;
#1314 = ORIENTED_EDGE ( 'NONE', *, *, #1387, .F. ) ;
#1315 = DIRECTION ( 'NONE',  ( -0.000000000000000000, -0.000000000000000000, -1.000000000000000000 ) ) ;
#1316 = DIRECTION ( 'NONE',  ( -1.000000000000000000, 0.000000000000000000, 0.000000000000000000 ) ) ;
#1317 = DIRECTION ( 'NONE',  ( 0.000000000000000000, 0.000000000000000000, 1.000000000000000000 ) ) ;
#1318 = FACE_OUTER_BOUND ( 'NONE', #558, .T. ) ;
#1319 = ORIENTED_EDGE ( 'NONE', *, *, #961, .F. ) ;
#1320 = ORIENTED_EDGE ( 'NONE', *, *, #531, .F. ) ;
#1321 = EDGE_CURVE ( 'NONE', #430, #308, #1004, .T. ) ;
#1322 = DIRECTION ( 'NONE',  ( -1.000000000000000000, -1.153406566473941260E-16, 0.000000000000000000 ) ) ;
#1323 = ORIENTED_EDGE ( 'NONE', *, *, #670, .T. ) ;
#1324 = FILL_AREA_STYLE_COLOUR ( '', #736 ) ;
#1325 = CARTESIAN_POINT ( 'NONE',  ( -5.733461551981132942, -1.558227039305267070, 1.000000000000000000 ) ) ;
#1326 = ORIENTED_EDGE ( 'NONE', *, *, #235, .F. ) ;
#1327 = VERTEX_POINT ( 'NONE', #1202 ) ;
#1328 = VECTOR ( 'NONE', #631, 1000.000000000000000 ) ;
#1329 = CARTESIAN_POINT ( 'NONE',  ( -2.589784946236553420, 0.6051075268817220909, 0.000000000000000000 ) ) ;
#1330 = EDGE_CURVE ( 'NONE', #718, #672, #1117, .T. ) ;
#1331 = VECTOR ( 'NONE', #480, 1000.000000000000000 ) ;
#1332 = ORIENTED_EDGE ( 'NONE', *, *, #331, .T. ) ;
#1333 = CARTESIAN_POINT ( 'NONE',  ( -2.589784946236553420, -1.494892473118278664, 5.349999999999999645 ) ) ;
#1334 = LINE ( 'NONE', #111, #645 ) ;
#1335 = ORIENTED_EDGE ( 'NONE', *, *, #1152, .F. ) ;
#1336 = ORIENTED_EDGE ( 'NONE', *, *, #1344, .T. ) ;
#1337 = DIRECTION ( 'NONE',  ( 0.000000000000000000, 1.000000000000000000, 0.000000000000000000 ) ) ;
#1338 = ORIENTED_EDGE ( 'NONE', *, *, #1321, .F. ) ;
#1339 = SURFACE_STYLE_FILL_AREA ( #864 ) ;
#1340 = VERTEX_POINT ( 'NONE', #183 ) ;
#1341 = EDGE_CURVE ( 'NONE', #420, #284, #322, .T. ) ;
#1342 = ORIENTED_EDGE ( 'NONE', *, *, #1217, .T. ) ;
#1343 = VERTEX_POINT ( 'NONE', #875 ) ;
#1344 = EDGE_CURVE ( 'NONE', #1340, #1203, #752, .T. ) ;
#1345 = DIRECTION ( 'NONE',  ( -0.000000000000000000, -0.000000000000000000, 1.000000000000000000 ) ) ;
#1346 = ADVANCED_BREP_SHAPE_REPRESENTATION ( '', ( #13, #759 ), #154 ) ;
#1347 = CARTESIAN_POINT ( 'NONE',  ( -5.733461551981132942, -1.558227039305267070, 1.000000000000000000 ) ) ;
#1348 = CLOSED_SHELL ( 'NONE', ( #794, #152, #591, #1220, #180, #1187, #646, #1254 ) ) ;
#1349 = ORIENTED_EDGE ( 'NONE', *, *, #383, .F. ) ;
#1350 =( GEOMETRIC_REPRESENTATION_CONTEXT ( 3 ) GLOBAL_UNCERTAINTY_ASSIGNED_CONTEXT ( ( #543 ) ) GLOBAL_UNIT_ASSIGNED_CONTEXT ( ( #137, #585, #703 ) ) REPRESENTATION_CONTEXT ( 'NONE', 'WORKASPACE' ) );
#1351 = EDGE_LOOP ( 'NONE', ( #1280, #571, #402, #163 ) ) ;
#1352 = CARTESIAN_POINT ( 'NONE',  ( -4.733461551981132942, -1.708227039305266981, 5.349999999999999645 ) ) ;
#1353 = VECTOR ( 'NONE', #762, 1000.000000000000000 ) ;
#1354 = COLOUR_RGB ( '',0.2509803921568627416, 0.2509803921568627416, 0.2509803921568627416 ) ;
#1355 = LINE ( 'NONE', #339, #777 ) ;
#1356 = ORIENTED_EDGE ( 'NONE', *, *, #61, .T. ) ;
#1357 = EDGE_CURVE ( 'NONE', #630, #1190, #1212, .T. ) ;
#1358 = CARTESIAN_POINT ( 'NONE',  ( -4.733461551981132942, -1.708227039305266981, 5.349999999999999645 ) ) ;
#1359 = PLANE ( 'NONE',  #218 ) ;
#1360 = DIRECTION ( 'NONE',  ( -0.000000000000000000, 1.000000000000000000, -0.000000000000000000 ) ) ;
#1361 = CARTESIAN_POINT ( 'NONE',  ( 2.510215053763445781, 1.855107526881722091, 5.500000000000000000 ) ) ;
#1362 = EDGE_CURVE ( 'NONE', #730, #601, #81, .T. ) ;
#1363 =( LENGTH_UNIT ( ) NAMED_UNIT ( * ) SI_UNIT ( .MILLI., .METRE. ) );
#1364 = DIRECTION ( 'NONE',  ( 0.000000000000000000, 1.000000000000000000, 0.000000000000000000 ) ) ;
#1365 = VERTEX_POINT ( 'NONE', #96 ) ;
#1366 = PLANE ( 'NONE',  #1076 ) ;
#1367 = DIRECTION ( 'NONE',  ( 0.000000000000000000, 0.000000000000000000, -1.000000000000000000 ) ) ;
#1368 = VERTEX_POINT ( 'NONE', #1431 ) ;
#1369 = EDGE_CURVE ( 'NONE', #718, #1404, #651, .T. ) ;
#1370 = DIRECTION ( 'NONE',  ( 1.000000000000000000, 0.000000000000000000, -0.000000000000000000 ) ) ;
#1371 = DIRECTION ( 'NONE',  ( 1.000000000000000000, 0.000000000000000000, 0.000000000000000000 ) ) ;
#1372 = ADVANCED_FACE ( 'NONE', ( #177 ), #855, .F. ) ;
#1373 = LINE ( 'NONE', #1022, #1031 ) ;
#1374 = VERTEX_POINT ( 'NONE', #1087 ) ;
#1375 = VECTOR ( 'NONE', #1429, 1000.000000000000000 ) ;
#1376 = FACE_OUTER_BOUND ( 'NONE', #994, .T. ) ;
#1377 = AXIS2_PLACEMENT_3D ( 'NONE', #897, #573, #1038 ) ;
#1378 = CARTESIAN_POINT ( 'NONE',  ( -4.733461551981132942, -1.558227039305267070, 0.1499999999999999944 ) ) ;
#1379 = ORIENTED_EDGE ( 'NONE', *, *, #634, .F. ) ;
#1380 = VECTOR ( 'NONE', #1161, 1000.000000000000000 ) ;
#1381 = CARTESIAN_POINT ( 'NONE',  ( 0.000000000000000000, 0.000000000000000000, 0.000000000000000000 ) ) ;
#1382 = DIRECTION ( 'NONE',  ( 0.000000000000000000, -0.000000000000000000, -1.000000000000000000 ) ) ;
#1383 = DIRECTION ( 'NONE',  ( -0.000000000000000000, -0.000000000000000000, 1.000000000000000000 ) ) ;
#1384 = CARTESIAN_POINT ( 'NONE',  ( -4.733461551981132942, -1.708227039305266981, 0.1499999999999999944 ) ) ;
#1385 = ORIENTED_EDGE ( 'NONE', *, *, #820, .F. ) ;
#1386 = CARTESIAN_POINT ( 'NONE',  ( -8.533461551981133653, 0.5417729606947327969, 5.349999999999999645 ) ) ;
#1387 = EDGE_CURVE ( 'NONE', #1340, #1404, #1222, .T. ) ;
#1388 = DIRECTION ( 'NONE',  ( 1.000000000000000000, 0.000000000000000000, -3.491481338843133355E-15 ) ) ;
#1389 = LINE ( 'NONE', #376, #64 ) ;
#1390 = EDGE_LOOP ( 'NONE', ( #753, #466, #782, #97 ) ) ;
#1391 = DIRECTION ( 'NONE',  ( 0.000000000000000000, 0.000000000000000000, 1.000000000000000000 ) ) ;
#1392 = DIRECTION ( 'NONE',  ( 0.000000000000000000, -1.000000000000000000, 0.000000000000000000 ) ) ;
#1393 = ORIENTED_EDGE ( 'NONE', *, *, #1, .T. ) ;
#1394 = PRESENTATION_STYLE_ASSIGNMENT (( #617 ) ) ;
#1395 = PLANE ( 'NONE',  #829 ) ;
#1396 = CARTESIAN_POINT ( 'NONE',  ( -4.733461551981132942, -1.708227039305266981, 4.500000000000000000 ) ) ;
#1397 = CARTESIAN_POINT ( 'NONE',  ( 2.510215053763445781, 1.855107526881722091, 5.500000000000000000 ) ) ;
#1398 = ADVANCED_FACE ( 'NONE', ( #309 ), #976, .F. ) ;
#1399 = ORIENTED_EDGE ( 'NONE', *, *, #827, .F. ) ;
#1400 = DIRECTION ( 'NONE',  ( 0.000000000000000000, 1.000000000000000000, 0.000000000000000000 ) ) ;
#1401 = VECTOR ( 'NONE', #224, 1000.000000000000000 ) ;
#1402 = CARTESIAN_POINT ( 'NONE',  ( -2.589784946236553420, -1.494892473118278664, 0.000000000000000000 ) ) ;
#1403 = VECTOR ( 'NONE', #1458, 1000.000000000000000 ) ;
#1404 = VERTEX_POINT ( 'NONE', #642 ) ;
#1405 = VERTEX_POINT ( 'NONE', #349 ) ;
#1406 = DIRECTION ( 'NONE',  ( 0.000000000000000000, 0.000000000000000000, 1.000000000000000000 ) ) ;
#1407 = DIRECTION ( 'NONE',  ( -0.000000000000000000, -1.000000000000000000, -0.000000000000000000 ) ) ;
#1408 = PLANE ( 'NONE',  #387 ) ;
#1409 = ORIENTED_EDGE ( 'NONE', *, *, #1369, .T. ) ;
#1410 = DIRECTION ( 'NONE',  ( -2.065146995210483955E-16, 1.000000000000000000, 0.000000000000000000 ) ) ;
#1411 = DIRECTION ( 'NONE',  ( 0.000000000000000000, -0.000000000000000000, 1.000000000000000000 ) ) ;
#1412 = CARTESIAN_POINT ( 'NONE',  ( -2.589784946236554308, 0.6051075268817215358, 5.349999999999999645 ) ) ;
#1413 = EDGE_CURVE ( 'NONE', #640, #1223, #206, .T. ) ;
#1414 = DIRECTION ( 'NONE',  ( 0.000000000000000000, -1.000000000000000000, 0.000000000000000000 ) ) ;
#1415 = LINE ( 'NONE', #967, #1126 ) ;
#1416 = DIRECTION ( 'NONE',  ( -1.000000000000000000, 2.168404344971008868E-16, 0.000000000000000000 ) ) ;
#1417 = ORIENTED_EDGE ( 'NONE', *, *, #289, .F. ) ;
#1418 = FACE_OUTER_BOUND ( 'NONE', #1390, .T. ) ;
#1419 = CARTESIAN_POINT ( 'NONE',  ( -4.733461551981132942, -1.558227039305267070, 4.500000000000000000 ) ) ;
#1420 = PRODUCT ( 'ACM55V_core', 'ACM55V_core', '', ( #1172 ) ) ;
#1421 = LINE ( 'NONE', #415, #1259 ) ;
#1422 = CARTESIAN_POINT ( 'NONE',  ( -5.733461551981132942, 0.5417729606947325749, 0.1499999999999999944 ) ) ;
#1423 = DIRECTION ( 'NONE',  ( 1.000000000000000000, 0.000000000000000000, -0.000000000000000000 ) ) ;
#1424 = VECTOR ( 'NONE', #1316, 1000.000000000000000 ) ;
#1425 = VERTEX_POINT ( 'NONE', #984 ) ;
#1426 = LINE ( 'NONE', #850, #1123 ) ;
#1427 = AXIS2_PLACEMENT_3D ( 'NONE', #1023, #2, #456 ) ;
#1428 = AXIS2_PLACEMENT_3D ( 'NONE', #725, #853, #838 ) ;
#1429 = DIRECTION ( 'NONE',  ( 1.000000000000000000, -0.000000000000000000, -0.000000000000000000 ) ) ;
#1430 = STYLED_ITEM ( 'NONE', ( #92 ), #1032 ) ;
#1431 = CARTESIAN_POINT ( 'NONE',  ( -5.733461551981132942, 0.5417729606947325749, 5.349999999999999645 ) ) ;
#1432 = ORIENTED_EDGE ( 'NONE', *, *, #634, .T. ) ;
#1433 = LINE ( 'NONE', #396, #576 ) ;
#1434 = DIRECTION ( 'NONE',  ( 1.000000000000000000, 2.168404344971008868E-16, 0.000000000000000000 ) ) ;
#1435 = ORIENTED_EDGE ( 'NONE', *, *, #517, .F. ) ;
#1436 = EDGE_CURVE ( 'NONE', #315, #766, #546, .T. ) ;
#1437 = CARTESIAN_POINT ( 'NONE',  ( -8.533461551981133653, -1.708227039305266981, 4.500000000000000000 ) ) ;
#1438 = DIRECTION ( 'NONE',  ( -0.000000000000000000, 0.000000000000000000, -1.000000000000000000 ) ) ;
#1439 = ORIENTED_EDGE ( 'NONE', *, *, #1127, .F. ) ;
#1440 = DIRECTION ( 'NONE',  ( -1.000000000000000000, 0.000000000000000000, 0.000000000000000000 ) ) ;
#1441 = CARTESIAN_POINT ( 'NONE',  ( -7.533461551981132764, -1.708227039305266981, 0.1499999999999999944 ) ) ;
#1442 = ORIENTED_EDGE ( 'NONE', *, *, #846, .F. ) ;
#1443 = UNCERTAINTY_MEASURE_WITH_UNIT (LENGTH_MEASURE( 1.000000000000000082E-05 ), #107, 'distance_accuracy_value', 'NONE');
#1444 = DIRECTION ( 'NONE',  ( 0.000000000000000000, -1.000000000000000000, 0.000000000000000000 ) ) ;
#1445 = VERTEX_POINT ( 'NONE', #1329 ) ;
#1446 = CARTESIAN_POINT ( 'NONE',  ( -4.733461551981132942, 0.5417729606947327969, 0.1499999999999999944 ) ) ;
#1447 = ORIENTED_EDGE ( 'NONE', *, *, #1201, .F. ) ;
#1448 = ORIENTED_EDGE ( 'NONE', *, *, #836, .F. ) ;
#1449 = ADVANCED_FACE ( 'NONE', ( #304 ), #1104, .F. ) ;
#1450 = CLOSED_SHELL ( 'NONE', ( #918, #885, #910, #1024, #306, #433, #787, #1054, #1459, #301, #1372, #948, #403, #761 ) ) ;
#1451 = VERTEX_POINT ( 'NONE', #1129 ) ;
#1452 = VECTOR ( 'NONE', #1407, 1000.000000000000000 ) ;
#1453 = VERTEX_POINT ( 'NONE', #335 ) ;
#1454 = VECTOR ( 'NONE', #970, 1000.000000000000000 ) ;
#1455 = DIRECTION ( 'NONE',  ( -0.000000000000000000, -0.000000000000000000, -1.000000000000000000 ) ) ;
#1456 = COLOUR_RGB ( '',0.2509803921568627416, 0.2509803921568627416, 0.2509803921568627416 ) ;
#1457 = ORIENTED_EDGE ( 'NONE', *, *, #1357, .T. ) ;
#1458 = DIRECTION ( 'NONE',  ( 0.000000000000000000, 1.000000000000000000, 0.000000000000000000 ) ) ;
#1459 = ADVANCED_FACE ( 'NONE', ( #1228 ), #219, .F. ) ;
#1460 = EDGE_LOOP ( 'NONE', ( #500, #946, #1257, #525 ) ) ;
#1461 = EDGE_LOOP ( 'NONE', ( #202, #751, #475, #38 ) ) ;
#1462 = ADVANCED_FACE ( 'NONE', ( #452 ), #1253, .T. ) ;
#1463 = SHAPE_REPRESENTATION_RELATIONSHIP ( 'NONE' , 'NONE' ,  #305, #1346 ) ;
#1464 = APPLICATION_CONTEXT ( 'automotive_design' ) ;
#1465 = ORIENTED_EDGE ( 'NONE', *, *, #61, .F. ) ;
#1466 = LINE ( 'NONE', #1299, #1103 ) ;
#1467 = EDGE_CURVE ( 'NONE', #1343, #601, #792, .T. ) ;
#1468 = ORIENTED_EDGE ( 'NONE', *, *, #1100, .F. ) ;
#1469 = DIRECTION ( 'NONE',  ( 0.000000000000000000, 1.000000000000000000, 0.000000000000000000 ) ) ;
#1470 = NEXT_ASSEMBLY_USAGE_OCCURRENCE ( 'NAUO1', ' ', ' ', #738, #966, $ ) ;
#1471 = NEXT_ASSEMBLY_USAGE_OCCURRENCE ( 'NAUO2', ' ', ' ', #738, #479, $ ) ;
ENDSEC;
END-ISO-10303-21;
