ISO-10303-21;
HEADER;
FILE_DESCRIPTION (( 'STEP AP214' ),
    '1' );
FILE_NAME ('CCS_CCSTD_2220_L6.1W5.4T2.8B0.6.STEP',
    '2021-03-08T04:21:08',
    ( '' ),
    ( '' ),
    'SwSTEP 2.0',
    'SolidWorks 2014',
    '' );
FILE_SCHEMA (( 'AUTOMOTIVE_DESIGN' ));
ENDSEC;

DATA;
#1 = CARTESIAN_POINT ( 'NONE',  ( 2.945662692117169400, 2.692679999999999700, -2.193576659344267400 ) ) ;
#2 =( NAMED_UNIT ( * ) SI_UNIT ( $, .STERADIAN. ) SOLID_ANGLE_UNIT ( ) );
#3 = EDGE_CURVE ( 'NONE', #4031, #1293, #1422, .T. ) ;
#4 = VECTOR ( 'NONE', #62, 1000.000000000000100 ) ;
#5 = CARTESIAN_POINT ( 'NONE',  ( 5.500399240127567400, 0.1760033854232422000, -0.1226312837360395700 ) ) ;
#6 =( GEOMETRIC_REPRESENTATION_CONTEXT ( 3 ) GLOBAL_UNCERTAINTY_ASSIGNED_CONTEXT ( ( #1279 ) ) GLOBAL_UNIT_ASSIGNED_CONTEXT ( ( #4457, #2274, #1152 ) ) REPRESENTATION_CONTEXT ( 'NONE', 'WORKASPACE' ) );
#7 = ORIENTED_EDGE ( 'NONE', *, *, #2880, .F. ) ;
#8 = SURFACE_STYLE_USAGE ( .BOTH. , #4256 ) ;
#9 = SURFACE_STYLE_FILL_AREA ( #295 ) ;
#10 = VERTEX_POINT ( 'NONE', #2267 ) ;
#11 =( LENGTH_UNIT ( ) NAMED_UNIT ( * ) SI_UNIT ( .MILLI., .METRE. ) );
#12 =( NAMED_UNIT ( * ) SI_UNIT ( $, .STERADIAN. ) SOLID_ANGLE_UNIT ( ) );
#13 = EDGE_CURVE ( 'NONE', #1608, #1920, #1081, .T. ) ;
#14 = VERTEX_POINT ( 'NONE', #3389 ) ;
#15 = VECTOR ( 'NONE', #4450, 1000.000000000000000 ) ;
#16 = FILL_AREA_STYLE_COLOUR ( '', #4367 ) ;
#17 = ADVANCED_FACE ( 'NONE', ( #153 ), #807, .T. ) ;
#18 = STYLED_ITEM ( 'NONE', ( #3194 ), #385 ) ;
#19 = ORIENTED_EDGE ( 'NONE', *, *, #13, .T. ) ;
#20 = DIRECTION ( 'NONE',  ( 0.0000000000000000000, -1.000000000000000000, 0.0000000000000000000 ) ) ;
#21 = CARTESIAN_POINT ( 'NONE',  ( 3.294000000000014700, 2.692679999999999700, -2.757597784819791500 ) ) ;
#22 = FILL_AREA_STYLE ('',( #3607 ) ) ;
#23 = ORIENTED_EDGE ( 'NONE', *, *, #2362, .T. ) ;
#24 = DIRECTION ( 'NONE',  ( 0.0000000000000000000, 0.0000000000000000000, 1.000000000000000000 ) ) ;
#25 = CARTESIAN_POINT ( 'NONE',  ( 0.5999999999999999800, 2.687679999999999800, -5.175360000000000400 ) ) ;
#26 = STYLED_ITEM ( 'NONE', ( #3943 ), #1463 ) ;
#27 = EDGE_LOOP ( 'NONE', ( #2185, #4048, #3602, #3230 ) ) ;
#28 = LINE ( 'NONE', #812, #3686 ) ;
#29 = CARTESIAN_POINT ( 'NONE',  ( 2.798905294973047300, 2.692679999999999700, -2.235494930349867500 ) ) ;
#30 = EDGE_LOOP ( 'NONE', ( #2752, #3022, #3777, #2938 ) ) ;
#31 = MECHANICAL_DESIGN_GEOMETRIC_PRESENTATION_REPRESENTATION (  '', ( #3802 ), #3712 ) ;
#32 = AXIS2_PLACEMENT_3D ( 'NONE', #1009, #3537, #1379 ) ;
#33 = FACE_OUTER_BOUND ( 'NONE', #3372, .T. ) ;
#34 = DIRECTION ( 'NONE',  ( 0.0000000000000000000, 0.0000000000000000000, 1.000000000000000000 ) ) ;
#35 = SURFACE_STYLE_FILL_AREA ( #2043 ) ;
#36 = EDGE_CURVE ( 'NONE', #4512, #4312, #855, .T. ) ;
#37 = UNCERTAINTY_MEASURE_WITH_UNIT (LENGTH_MEASURE( 1.000000000000000100E-005 ), #81, 'distance_accuracy_value', 'NONE');
#38 = AXIS2_PLACEMENT_3D ( 'NONE', #2734, #3813, #565 ) ;
#39 = ADVANCED_FACE ( 'NONE', ( #3423 ), #426, .T. ) ;
#40 = LINE ( 'NONE', #3540, #535 ) ;
#41 =( NAMED_UNIT ( * ) PLANE_ANGLE_UNIT ( ) SI_UNIT ( $, .RADIAN. ) );
#42 = FACE_OUTER_BOUND ( 'NONE', #3715, .T. ) ;
#43 = MECHANICAL_DESIGN_GEOMETRIC_PRESENTATION_REPRESENTATION (  '', ( #3357 ), #424 ) ;
#44 = CARTESIAN_POINT ( 'NONE',  ( 6.100000000000000500, 2.687679999999999800, 0.0000000000000000000 ) ) ;
#45 = ORIENTED_EDGE ( 'NONE', *, *, #4458, .T. ) ;
#46 = CARTESIAN_POINT ( 'NONE',  ( 5.500000000000042600, -9.266685234918225900E-015, -5.287679999999999900 ) ) ;
#47 = VERTEX_POINT ( 'NONE', #2716 ) ;
#48 = CARTESIAN_POINT ( 'NONE',  ( 5.503231340801611400, 0.1515815489451533500, -0.1392136124212958700 ) ) ;
#49 = PRESENTATION_STYLE_ASSIGNMENT (( #4601 ) ) ;
#50 =( GEOMETRIC_REPRESENTATION_CONTEXT ( 3 ) GLOBAL_UNCERTAINTY_ASSIGNED_CONTEXT ( ( #1825 ) ) GLOBAL_UNIT_ASSIGNED_CONTEXT ( ( #1787, #4631, #2493 ) ) REPRESENTATION_CONTEXT ( 'NONE', 'WORKASPACE' ) );
#51 = ORIENTED_EDGE ( 'NONE', *, *, #237, .F. ) ;
#52 = ORIENTED_EDGE ( 'NONE', *, *, #1751, .F. ) ;
#53 = DIRECTION ( 'NONE',  ( 0.0000000000000000000, 1.000000000000000000, 0.0000000000000000000 ) ) ;
#54 = PRESENTATION_STYLE_ASSIGNMENT (( #4111 ) ) ;
#55 = ORIENTED_EDGE ( 'NONE', *, *, #4266, .T. ) ;
#56 = CARTESIAN_POINT ( 'NONE',  ( 2.945662692117169400, 2.692679999999999700, -2.193576659344267400 ) ) ;
#57 = MECHANICAL_DESIGN_GEOMETRIC_PRESENTATION_REPRESENTATION (  '', ( #2599 ), #1780 ) ;
#58 =( GEOMETRIC_REPRESENTATION_CONTEXT ( 3 ) GLOBAL_UNCERTAINTY_ASSIGNED_CONTEXT ( ( #1888 ) ) GLOBAL_UNIT_ASSIGNED_CONTEXT ( ( #805, #4384, #1456 ) ) REPRESENTATION_CONTEXT ( 'NONE', 'WORKASPACE' ) );
#59 = LINE ( 'NONE', #2023, #3035 ) ;
#60 = ADVANCED_FACE ( 'NONE', ( #2840 ), #3067, .F. ) ;
#61 = UNCERTAINTY_MEASURE_WITH_UNIT (LENGTH_MEASURE( 1.000000000000000100E-005 ), #1185, 'distance_accuracy_value', 'NONE');
#62 = DIRECTION ( 'NONE',  ( 0.9984327301130250200, 0.0000000000000000000, 0.05596501978067343300 ) ) ;
#63 = SURFACE_STYLE_FILL_AREA ( #2517 ) ;
#64 = DIRECTION ( 'NONE',  ( -0.9612861490927336900, 0.0000000000000000000, -0.2755520632520511700 ) ) ;
#65 = EDGE_CURVE ( 'NONE', #2333, #3786, #1521, .T. ) ;
#66 = CARTESIAN_POINT ( 'NONE',  ( 5.612320000000041300, 0.1123200000000000000, 0.0000000000000000000 ) ) ;
#67 = VERTEX_POINT ( 'NONE', #3468 ) ;
#68 = LINE ( 'NONE', #2822, #2978 ) ;
#69 = CARTESIAN_POINT ( 'NONE',  ( 3.142938774847502600, 2.692679999999999700, -3.868477828883045300 ) ) ;
#70 = CARTESIAN_POINT ( 'NONE',  ( 5.500000000000041700, 0.1234902608961241500, -0.1234902608961267100 ) ) ;
#71 = ORIENTED_EDGE ( 'NONE', *, *, #2053, .T. ) ;
#72 = EDGE_CURVE ( 'NONE', #2273, #2618, #2373, .T. ) ;
#73 = LINE ( 'NONE', #679, #2807 ) ;
#74 = DIRECTION ( 'NONE',  ( -1.000000000000000000, -0.0000000000000000000, 0.0000000000000000000 ) ) ;
#75 = VERTEX_POINT ( 'NONE', #2367 ) ;
#76 = CARTESIAN_POINT ( 'NONE',  ( 2.500140458105373700, 2.692679999999999700, -2.421517818365376100 ) ) ;
#77 = VECTOR ( 'NONE', #1866, 1000.000000000000000 ) ;
#78 = DIRECTION ( 'NONE',  ( -0.6995643972270458900, 0.0000000000000000000, -0.7145695586381776200 ) ) ;
#79 = ORIENTED_EDGE ( 'NONE', *, *, #2473, .T. ) ;
#80 = DIRECTION ( 'NONE',  ( 1.000000000000000000, 0.0000000000000000000, 0.0000000000000000000 ) ) ;
#81 =( LENGTH_UNIT ( ) NAMED_UNIT ( * ) SI_UNIT ( .MILLI., .METRE. ) );
#82 = COLOUR_RGB ( '',0.7686274509803920900, 0.7686274509803920900, 0.7686274509803920900 ) ;
#83 = FACE_OUTER_BOUND ( 'NONE', #2616, .T. ) ;
#84 = VERTEX_POINT ( 'NONE', #4179 ) ;
#85 = DIRECTION ( 'NONE',  ( 0.2764273280489756300, 0.0000000000000000000, -0.9610348236706638400 ) ) ;
#86 = CIRCLE ( 'NONE', #435, 0.1123199999999999500 ) ;
#87 = AXIS2_PLACEMENT_3D ( 'NONE', #3636, #1022, #388 ) ;
#88 =( NAMED_UNIT ( * ) PLANE_ANGLE_UNIT ( ) SI_UNIT ( $, .RADIAN. ) );
#89 = FACE_OUTER_BOUND ( 'NONE', #1478, .T. ) ;
#90 = CARTESIAN_POINT ( 'NONE',  ( 2.798931846913856900, 2.687679999999999800, -3.592974904814171900 ) ) ;
#91 = DIRECTION ( 'NONE',  ( 0.0000000000000000000, 0.0000000000000000000, 1.000000000000000000 ) ) ;
#92 = EDGE_CURVE ( 'NONE', #4081, #4381, #1674, .T. ) ;
#93 = STYLED_ITEM ( 'NONE', ( #2145 ), #2992 ) ;
#94 = UNCERTAINTY_MEASURE_WITH_UNIT (LENGTH_MEASURE( 1.000000000000000100E-005 ), #2587, 'distance_accuracy_value', 'NONE');
#95 = SURFACE_STYLE_USAGE ( .BOTH. , #2956 ) ;
#96 = EDGE_CURVE ( 'NONE', #4348, #2240, #841, .T. ) ;
#97 = CARTESIAN_POINT ( 'NONE',  ( 3.294000000000014700, 2.687679999999999800, -3.825613343307865800 ) ) ;
#98 =( NAMED_UNIT ( * ) SI_UNIT ( $, .STERADIAN. ) SOLID_ANGLE_UNIT ( ) );
#99 = DIRECTION ( 'NONE',  ( 0.0000000000000000000, -1.000000000000000000, 0.0000000000000000000 ) ) ;
#100 = CARTESIAN_POINT ( 'NONE',  ( 0.1123199999999999500, 2.687679999999999800, 0.0000000000000000000 ) ) ;
#101 = ORIENTED_EDGE ( 'NONE', *, *, #1908, .F. ) ;
#102 = CARTESIAN_POINT ( 'NONE',  ( 0.5967686591984298100, 0.1392136124212912900, -0.1515815489451588800 ) ) ;
#103 =( NAMED_UNIT ( * ) PLANE_ANGLE_UNIT ( ) SI_UNIT ( $, .RADIAN. ) );
#104 = PRESENTATION_LAYER_ASSIGNMENT (  '', '', ( #2736 ) ) ;
#105 = ORIENTED_EDGE ( 'NONE', *, *, #4153, .T. ) ;
#106 = DIRECTION ( 'NONE',  ( 0.0000000000000000000, 0.0000000000000000000, -1.000000000000000000 ) ) ;
#107 = ORIENTED_EDGE ( 'NONE', *, *, #3801, .T. ) ;
#108 = VECTOR ( 'NONE', #3424, 1000.000000000000000 ) ;
#109 = ORIENTED_EDGE ( 'NONE', *, *, #421, .T. ) ;
#110 =( GEOMETRIC_REPRESENTATION_CONTEXT ( 3 ) GLOBAL_UNCERTAINTY_ASSIGNED_CONTEXT ( ( #4057 ) ) GLOBAL_UNIT_ASSIGNED_CONTEXT ( ( #498, #1522, #4060 ) ) REPRESENTATION_CONTEXT ( 'NONE', 'WORKASPACE' ) );
#111 = FILL_AREA_STYLE_COLOUR ( '', #82 ) ;
#112 = VERTEX_POINT ( 'NONE', #1587 ) ;
#113 = DIRECTION ( 'NONE',  ( -0.3725077383644826400, 0.0000000000000000000, -0.9280290862136694200 ) ) ;
#114 = PRESENTATION_STYLE_ASSIGNMENT (( #3342 ) ) ;
#115 = CARTESIAN_POINT ( 'NONE',  ( 0.5973702207239192100, 0.1550405786893577200, -5.263517262623245200 ) ) ;
#116 = AXIS2_PLACEMENT_3D ( 'NONE', #3481, #2047, #2380 ) ;
#117 = EDGE_LOOP ( 'NONE', ( #3664, #2033, #4148, #1829 ) ) ;
#118 = AXIS2_PLACEMENT_3D ( 'NONE', #3787, #3021, #1228 ) ;
#119 = DIRECTION ( 'NONE',  ( -1.000000000000000000, 0.0000000000000000000, 0.0000000000000000000 ) ) ;
#120 = ADVANCED_FACE ( 'NONE', ( #2090 ), #3050, .F. ) ;
#121 = ORIENTED_EDGE ( 'NONE', *, *, #3647, .F. ) ;
#122 = DIRECTION ( 'NONE',  ( -0.0000000000000000000, -1.000000000000000000, 0.0000000000000000000 ) ) ;
#123 = VECTOR ( 'NONE', #2296, 1000.000000000000000 ) ;
#124 = EDGE_CURVE ( 'NONE', #3786, #4566, #4251, .T. ) ;
#125 = DIRECTION ( 'NONE',  ( -1.000000000000000000, 0.0000000000000000000, -0.0000000000000000000 ) ) ;
#126 = ORIENTED_EDGE ( 'NONE', *, *, #4266, .F. ) ;
#127 = FILL_AREA_STYLE_COLOUR ( '', #2758 ) ;
#128 =( NAMED_UNIT ( * ) PLANE_ANGLE_UNIT ( ) SI_UNIT ( $, .RADIAN. ) );
#129 = SURFACE_SIDE_STYLE ('',( #4290 ) ) ;
#130 = PRESENTATION_LAYER_ASSIGNMENT (  '', '', ( #3357 ) ) ;
#131 = ORIENTED_EDGE ( 'NONE', *, *, #1940, .T. ) ;
#132 = CARTESIAN_POINT ( 'NONE',  ( 2.500140458105373700, 2.692679999999999700, -2.759594511516080900 ) ) ;
#133 = CARTESIAN_POINT ( 'NONE',  ( 3.294000000000014700, 2.692679999999999700, -2.545961930456503500 ) ) ;
#134 = DIRECTION ( 'NONE',  ( 5.943634068010690000E-014, 0.0000000000000000000, -1.000000000000000000 ) ) ;
#135 = EDGE_LOOP ( 'NONE', ( #2269, #4110, #2174, #984 ) ) ;
#136 = FACE_OUTER_BOUND ( 'NONE', #859, .T. ) ;
#137 = LINE ( 'NONE', #3942, #4590 ) ;
#138 = CARTESIAN_POINT ( 'NONE',  ( 5.612320000000041300, 0.1123200000000000000, 0.0000000000000000000 ) ) ;
#139 =( GEOMETRIC_REPRESENTATION_CONTEXT ( 3 ) GLOBAL_UNCERTAINTY_ASSIGNED_CONTEXT ( ( #4147 ) ) GLOBAL_UNIT_ASSIGNED_CONTEXT ( ( #1953, #571, #3073 ) ) REPRESENTATION_CONTEXT ( 'NONE', 'WORKASPACE' ) );
#140 = CARTESIAN_POINT ( 'NONE',  ( 2.945662692118831100, 2.692679999999999700, -3.551104910063110200 ) ) ;
#141 = ORIENTED_EDGE ( 'NONE', *, *, #1857, .T. ) ;
#142 = FACE_OUTER_BOUND ( 'NONE', #4668, .T. ) ;
#143 = CYLINDRICAL_SURFACE ( 'NONE', #3070, 0.1123200000000000000 ) ;
#144 = DIRECTION ( 'NONE',  ( -1.000000000000000000, 0.0000000000000000000, 0.0000000000000000000 ) ) ;
#145 = FACE_OUTER_BOUND ( 'NONE', #27, .T. ) ;
#146 = CARTESIAN_POINT ( 'NONE',  ( 0.1123200000000000000, 2.687679999999999800, -5.287679999999999900 ) ) ;
#147 = CARTESIAN_POINT ( 'NONE',  ( 2.500140458105373700, 2.692679999999999700, -2.759594511516080900 ) ) ;
#148 = DIRECTION ( 'NONE',  ( -0.0000000000000000000, 0.0000000000000000000, 1.000000000000000000 ) ) ;
#149 = DIRECTION ( 'NONE',  ( 0.0000000000000000000, 0.0000000000000000000, -1.000000000000000000 ) ) ;
#150 = CARTESIAN_POINT ( 'NONE',  ( 0.5999999999999998700, 2.687679999999999800, -0.1123199999999982300 ) ) ;
#151 = EDGE_CURVE ( 'NONE', #1564, #4431, #2313, .T. ) ;
#152 = DIRECTION ( 'NONE',  ( 0.0000000000000000000, 0.0000000000000000000, -1.000000000000000000 ) ) ;
#153 = FACE_OUTER_BOUND ( 'NONE', #4032, .T. ) ;
#154 = FACE_OUTER_BOUND ( 'NONE', #1433, .T. ) ;
#155 = EDGE_CURVE ( 'NONE', #864, #3374, #2208, .T. ) ;
#156 = CLOSED_SHELL ( 'NONE', ( #4320, #2854, #60, #1041, #428, #1659, #1266, #3748, #1508, #2181, #2514, #2558, #3986 ) ) ;
#157 = ORIENTED_EDGE ( 'NONE', *, *, #2887, .T. ) ;
#158 =( NAMED_UNIT ( * ) PLANE_ANGLE_UNIT ( ) SI_UNIT ( $, .RADIAN. ) );
#159 = CARTESIAN_POINT ( 'NONE',  ( 5.504925775900062500, 2.654782233662873000, -0.1452177663371260500 ) ) ;
#160 = LINE ( 'NONE', #3228, #1369 ) ;
#161 = VERTEX_POINT ( 'NONE', #1687 ) ;
#162 = SURFACE_SIDE_STYLE ('',( #4435 ) ) ;
#163 = DIRECTION ( 'NONE',  ( -0.9615825319869173400, 0.0000000000000000000, -0.2745159998572559400 ) ) ;
#164 = DIRECTION ( 'NONE',  ( 0.0000000000000000000, 0.0000000000000000000, -1.000000000000000000 ) ) ;
#165 = VERTEX_POINT ( 'NONE', #2436 ) ;
#166 = CARTESIAN_POINT ( 'NONE',  ( 2.500140458105373700, 2.692679999999999700, -3.010349538618765800 ) ) ;
#167 = CARTESIAN_POINT ( 'NONE',  ( 2.652297554216430000, 2.692679999999999700, -3.999731307183401500 ) ) ;
#168 = ORIENTED_EDGE ( 'NONE', *, *, #1655, .T. ) ;
#169 = AXIS2_PLACEMENT_3D ( 'NONE', #355, #374, #326 ) ;
#170 = FILL_AREA_STYLE_COLOUR ( '', #1410 ) ;
#171 = VECTOR ( 'NONE', #803, 1000.000000000000000 ) ;
#172 = CARTESIAN_POINT ( 'NONE',  ( 2.945662692117169400, 2.692679999999999700, -2.193576659344267400 ) ) ;
#173 = CARTESIAN_POINT ( 'NONE',  ( 3.294000000000014700, 2.692679999999999700, -3.225829168527901900 ) ) ;
#174 = ORIENTED_EDGE ( 'NONE', *, *, #3561, .F. ) ;
#175 = UNCERTAINTY_MEASURE_WITH_UNIT (LENGTH_MEASURE( 1.000000000000000100E-005 ), #2127, 'distance_accuracy_value', 'NONE');
#176 = ORIENTED_EDGE ( 'NONE', *, *, #1424, .F. ) ;
#177 = DIRECTION ( 'NONE',  ( 0.0000000000000000000, 0.0000000000000000000, -1.000000000000000000 ) ) ;
#178 = CARTESIAN_POINT ( 'NONE',  ( 2.798905294973047300, 2.687679999999999800, -1.894761132410661200 ) ) ;
#179 = CARTESIAN_POINT ( 'NONE',  ( 0.1123199999999999500, 0.1123200000000000000, -5.287679999999999900 ) ) ;
#180 = COLOUR_RGB ( '',0.7686274509803920900, 0.7686274509803920900, 0.7686274509803920900 ) ;
#181 = DIRECTION ( 'NONE',  ( 0.0000000000000000000, 0.0000000000000000000, 1.000000000000000000 ) ) ;
#182 = EDGE_LOOP ( 'NONE', ( #354, #1781, #4063 ) ) ;
#183 = EDGE_CURVE ( 'NONE', #1289, #712, #1363, .T. ) ;
#184 = CARTESIAN_POINT ( 'NONE',  ( 0.5993285855785338600, 2.626392684038424600, -5.275417221427713500 ) ) ;
#185 = VERTEX_POINT ( 'NONE', #2780 ) ;
#186 = CARTESIAN_POINT ( 'NONE',  ( 3.294000000000014700, 2.692679999999999700, -3.825613343307865800 ) ) ;
#187 = DIRECTION ( 'NONE',  ( -0.0000000000000000000, -1.000000000000000000, -0.0000000000000000000 ) ) ;
#188 = PLANE ( 'NONE',  #3042 ) ;
#189 = DIRECTION ( 'NONE',  ( -0.9615825319869173400, 0.0000000000000000000, -0.2745159998572559400 ) ) ;
#190 = EDGE_CURVE ( 'NONE', #227, #2240, #1389, .T. ) ;
#191 = VERTEX_POINT ( 'NONE', #2813 ) ;
#192 = CYLINDRICAL_SURFACE ( 'NONE', #1657, 0.1123199999999999500 ) ;
#193 = VECTOR ( 'NONE', #4116, 1000.000000000000100 ) ;
#194 = LINE ( 'NONE', #3810, #2195 ) ;
#195 = CYLINDRICAL_SURFACE ( 'NONE', #768, 0.1123199999999999500 ) ;
#196 = DIRECTION ( 'NONE',  ( 0.9610348236706638400, 0.0000000000000000000, 0.2764273280489756800 ) ) ;
#197 = AXIS2_PLACEMENT_3D ( 'NONE', #888, #1627, #4542 ) ;
#198 =( NAMED_UNIT ( * ) PLANE_ANGLE_UNIT ( ) SI_UNIT ( $, .RADIAN. ) );
#199 = LINE ( 'NONE', #1262, #3418 ) ;
#200 = CARTESIAN_POINT ( 'NONE',  ( 3.294000000000014700, 2.692679999999999700, -3.225829168527901900 ) ) ;
#201 = PLANE ( 'NONE',  #38 ) ;
#202 = VECTOR ( 'NONE', #1672, 1000.000000000000000 ) ;
#203 = STYLED_ITEM ( 'NONE', ( #2933 ), #3278 ) ;
#204 = SURFACE_STYLE_FILL_AREA ( #2973 ) ;
#205 = AXIS2_PLACEMENT_3D ( 'NONE', #1597, #3459, #4135 ) ;
#206 = VECTOR ( 'NONE', #2076, 1000.000000000000000 ) ;
#207 = VECTOR ( 'NONE', #134, 1000.000000000000000 ) ;
#208 = CARTESIAN_POINT ( 'NONE',  ( 3.294000000000014700, 2.692679999999999700, -4.283040501459447000 ) ) ;
#209 = DIRECTION ( 'NONE',  ( 1.544447539153140800E-014, -1.000000000000000000, -0.0000000000000000000 ) ) ;
#210 = EDGE_CURVE ( 'NONE', #1277, #998, #2837, .T. ) ;
#211 = ORIENTED_EDGE ( 'NONE', *, *, #1183, .F. ) ;
#212 = STYLED_ITEM ( 'NONE', ( #4123 ), #4660 ) ;
#213 = LINE ( 'NONE', #3952, #4201 ) ;
#214 = SURFACE_STYLE_USAGE ( .BOTH. , #3133 ) ;
#215 = ORIENTED_EDGE ( 'NONE', *, *, #92, .F. ) ;
#216 = ORIENTED_EDGE ( 'NONE', *, *, #901, .F. ) ;
#217 = EDGE_CURVE ( 'NONE', #550, #278, #4139, .T. ) ;
#218 = VECTOR ( 'NONE', #2654, 1000.000000000000100 ) ;
#219 = CARTESIAN_POINT ( 'NONE',  ( 6.100000000000000500, 0.0000000000000000000, -5.287679999999999900 ) ) ;
#220 = ORIENTED_EDGE ( 'NONE', *, *, #2211, .F. ) ;
#221 = DIRECTION ( 'NONE',  ( 0.9612934544747571100, 0.0000000000000000000, 0.2755265765475048400 ) ) ;
#222 = ORIENTED_EDGE ( 'NONE', *, *, #600, .T. ) ;
#223 = DIRECTION ( 'NONE',  ( 0.0000000000000000000, 0.0000000000000000000, 1.000000000000000000 ) ) ;
#224 = CARTESIAN_POINT ( 'NONE',  ( 5.499945626467120300, 0.1144514952914945900, -5.200449019974534800 ) ) ;
#225 = CARTESIAN_POINT ( 'NONE',  ( 0.5999999999999999800, 0.1123199999999999500, -0.1123199999999999500 ) ) ;
#226 = AXIS2_PLACEMENT_3D ( 'NONE', #1698, #2429, #3091 ) ;
#227 = VERTEX_POINT ( 'NONE', #4242 ) ;
#228 = DIRECTION ( 'NONE',  ( -0.9610664548998939500, 0.0000000000000000000, -0.2763173343569854700 ) ) ;
#229 = VECTOR ( 'NONE', #1364, 1000.000000000000000 ) ;
#230 = VERTEX_POINT ( 'NONE', #4212 ) ;
#231 = MECHANICAL_DESIGN_GEOMETRIC_PRESENTATION_REPRESENTATION (  '', ( #4202 ), #1649 ) ;
#232 = UNCERTAINTY_MEASURE_WITH_UNIT (LENGTH_MEASURE( 1.000000000000000100E-005 ), #4194, 'distance_accuracy_value', 'NONE');
#233 = CARTESIAN_POINT ( 'NONE',  ( 2.651247545699367600, 2.692679999999999700, -2.299417517748308700 ) ) ;
#234 = CARTESIAN_POINT ( 'NONE',  ( 5.987680000000000100, 2.687679999999999800, -0.1123200000000000000 ) ) ;
#235 = SURFACE_STYLE_USAGE ( .BOTH. , #3123 ) ;
#236 = ORIENTED_EDGE ( 'NONE', *, *, #800, .F. ) ;
#237 = EDGE_CURVE ( 'NONE', #2164, #1047, #1761, .T. ) ;
#238 =( GEOMETRIC_REPRESENTATION_CONTEXT ( 3 ) GLOBAL_UNCERTAINTY_ASSIGNED_CONTEXT ( ( #2751 ) ) GLOBAL_UNIT_ASSIGNED_CONTEXT ( ( #2661, #3808, #4472 ) ) REPRESENTATION_CONTEXT ( 'NONE', 'WORKASPACE' ) );
#239 = CARTESIAN_POINT ( 'NONE',  ( 5.612320000000041300, 0.1123200000000000000, -0.1123200000000000000 ) ) ;
#240 = CARTESIAN_POINT ( 'NONE',  ( 5.612320000000041300, 0.1123200000000000000, -5.287679999999999900 ) ) ;
#241 = ORIENTED_EDGE ( 'NONE', *, *, #3233, .T. ) ;
#242 = DIRECTION ( 'NONE',  ( 0.0000000000000000000, 0.0000000000000000000, 1.000000000000000000 ) ) ;
#243 = EDGE_CURVE ( 'NONE', #3434, #1277, #3477, .T. ) ;
#244 = DIRECTION ( 'NONE',  ( 0.0000000000000000000, -1.000000000000000000, 0.0000000000000000000 ) ) ;
#245 = EDGE_LOOP ( 'NONE', ( #1273, #3623, #2061, #3893, #432, #462, #3767, #2932, #1479, #4204, #1159 ) ) ;
#246 = SHAPE_DEFINITION_REPRESENTATION ( #733, #2869 ) ;
#247 = SURFACE_SIDE_STYLE ('',( #3857 ) ) ;
#248 = ADVANCED_FACE ( 'NONE', ( #1020 ), #3360, .T. ) ;
#249 = LINE ( 'NONE', #4506, #1062 ) ;
#250 = DIRECTION ( 'NONE',  ( 7.938847109757213200E-005, 0.0000000000000000000, -0.9999999968487352000 ) ) ;
#251 = ORIENTED_EDGE ( 'NONE', *, *, #3948, .F. ) ;
#252 = PRESENTATION_STYLE_ASSIGNMENT (( #4017 ) ) ;
#253 = AXIS2_PLACEMENT_3D ( 'NONE', #1038, #34, #356 ) ;
#254 = LINE ( 'NONE', #2408, #4351 ) ;
#255 =( NAMED_UNIT ( * ) PLANE_ANGLE_UNIT ( ) SI_UNIT ( $, .RADIAN. ) );
#256 = VECTOR ( 'NONE', #270, 1000.000000000000000 ) ;
#257 = DIRECTION ( 'NONE',  ( 0.0000000000000000000, 0.0000000000000000000, -1.000000000000000000 ) ) ;
#258 =( GEOMETRIC_REPRESENTATION_CONTEXT ( 3 ) GLOBAL_UNCERTAINTY_ASSIGNED_CONTEXT ( ( #175 ) ) GLOBAL_UNIT_ASSIGNED_CONTEXT ( ( #2127, #1799, #2 ) ) REPRESENTATION_CONTEXT ( 'NONE', 'WORKASPACE' ) );
#259 = UNCERTAINTY_MEASURE_WITH_UNIT (LENGTH_MEASURE( 1.000000000000000100E-005 ), #2182, 'distance_accuracy_value', 'NONE');
#260 = CARTESIAN_POINT ( 'NONE',  ( 5.612320000000041300, 0.1123200000000000000, -5.287679999999999900 ) ) ;
#261 = FILL_AREA_STYLE_COLOUR ( '', #2036 ) ;
#262 = CIRCLE ( 'NONE', #3992, 0.1123199999999999500 ) ;
#263 = FILL_AREA_STYLE_COLOUR ( '', #1434 ) ;
#264 = CARTESIAN_POINT ( 'NONE',  ( 0.0000000000000000000, 0.1123200000000000000, -0.1123199999999999900 ) ) ;
#265 = AXIS2_PLACEMENT_3D ( 'NONE', #3492, #689, #3645 ) ;
#266 = PRESENTATION_LAYER_ASSIGNMENT (  '', '', ( #4453 ) ) ;
#267 = LINE ( 'NONE', #1015, #2498 ) ;
#268 = ORIENTED_EDGE ( 'NONE', *, *, #4331, .T. ) ;
#269 = ORIENTED_EDGE ( 'NONE', *, *, #3447, .F. ) ;
#270 = DIRECTION ( 'NONE',  ( 0.0000000000000000000, 0.0000000000000000000, 1.000000000000000000 ) ) ;
#271 = DIRECTION ( 'NONE',  ( -0.9610992334315861000, 0.0000000000000000000, -0.2762033010252009100 ) ) ;
#272 = EDGE_CURVE ( 'NONE', #1277, #4097, #1640, .T. ) ;
#273 = VERTEX_POINT ( 'NONE', #4647 ) ;
#274 = VERTEX_POINT ( 'NONE', #3142 ) ;
#275 = DIRECTION ( 'NONE',  ( -1.000000000000000000, -1.544447539153140800E-014, 0.0000000000000000000 ) ) ;
#276 =( NAMED_UNIT ( * ) PLANE_ANGLE_UNIT ( ) SI_UNIT ( $, .RADIAN. ) );
#277 = LINE ( 'NONE', #3184, #3378 ) ;
#278 = VERTEX_POINT ( 'NONE', #948 ) ;
#279 =( NAMED_UNIT ( * ) SI_UNIT ( $, .STERADIAN. ) SOLID_ANGLE_UNIT ( ) );
#280 = EDGE_CURVE ( 'NONE', #3668, #2264, #1415, .T. ) ;
#281 =( NAMED_UNIT ( * ) SI_UNIT ( $, .STERADIAN. ) SOLID_ANGLE_UNIT ( ) );
#282 = DIRECTION ( 'NONE',  ( 1.000000000000000000, 0.0000000000000000000, 0.0000000000000000000 ) ) ;
#283 = VECTOR ( 'NONE', #2363, 1000.000000000000000 ) ;
#284 = ORIENTED_EDGE ( 'NONE', *, *, #4120, .F. ) ;
#285 = ORIENTED_EDGE ( 'NONE', *, *, #3656, .T. ) ;
#286 = DIRECTION ( 'NONE',  ( -0.0000000000000000000, -1.000000000000000000, 0.0000000000000000000 ) ) ;
#287 = ADVANCED_FACE ( 'NONE', ( #3202 ), #2155, .T. ) ;
#288 = AXIS2_PLACEMENT_3D ( 'NONE', #3702, #3736, #2607 ) ;
#289 = SURFACE_STYLE_USAGE ( .BOTH. , #349 ) ;
#290 = VERTEX_POINT ( 'NONE', #3984 ) ;
#291 = PRESENTATION_STYLE_ASSIGNMENT (( #3868 ) ) ;
#292 =( LENGTH_UNIT ( ) NAMED_UNIT ( * ) SI_UNIT ( .MILLI., .METRE. ) );
#293 =( GEOMETRIC_REPRESENTATION_CONTEXT ( 3 ) GLOBAL_UNCERTAINTY_ASSIGNED_CONTEXT ( ( #1221 ) ) GLOBAL_UNIT_ASSIGNED_CONTEXT ( ( #324, #645, #343 ) ) REPRESENTATION_CONTEXT ( 'NONE', 'WORKASPACE' ) );
#294 = ORIENTED_EDGE ( 'NONE', *, *, #2205, .F. ) ;
#295 = FILL_AREA_STYLE ('',( #2470 ) ) ;
#296 = DIRECTION ( 'NONE',  ( 0.0000000000000000000, 0.0000000000000000000, -1.000000000000000000 ) ) ;
#297 = COLOUR_RGB ( '',0.7686274509803920900, 0.7686274509803920900, 0.7686274509803920900 ) ;
#298 = ORIENTED_EDGE ( 'NONE', *, *, #3594, .T. ) ;
#299 = EDGE_CURVE ( 'NONE', #3746, #2044, #1639, .T. ) ;
#300 = AXIS2_PLACEMENT_3D ( 'NONE', #3597, #3975, #700 ) ;
#301 = CYLINDRICAL_SURFACE ( 'NONE', #2526, 0.1123200000000000000 ) ;
#302 = DIRECTION ( 'NONE',  ( 0.0000000000000000000, 1.000000000000000000, 0.0000000000000000000 ) ) ;
#303 = CARTESIAN_POINT ( 'NONE',  ( 0.5999999999999998700, 2.575359999999999000, -0.1123199999999982300 ) ) ;
#304 = ORIENTED_EDGE ( 'NONE', *, *, #1311, .T. ) ;
#305 = FILL_AREA_STYLE ('',( #2426 ) ) ;
#306 = FACE_OUTER_BOUND ( 'NONE', #3598, .T. ) ;
#307 = EDGE_CURVE ( 'NONE', #494, #2687, #2579, .T. ) ;
#308 = VECTOR ( 'NONE', #1579, 1000.000000000000000 ) ;
#309 = FACE_OUTER_BOUND ( 'NONE', #3348, .T. ) ;
#310 = DIRECTION ( 'NONE',  ( 0.9610674221107078400, 0.0000000000000000000, 0.2763139702539095200 ) ) ;
#311 = CARTESIAN_POINT ( 'NONE',  ( 2.945662692117169400, 2.687679999999999800, -2.193576659344267400 ) ) ;
#312 = CARTESIAN_POINT ( 'NONE',  ( 5.987680000000000100, 2.687679999999999800, -5.287679999999999900 ) ) ;
#313 = CARTESIAN_POINT ( 'NONE',  ( 5.612320000000041300, 0.1123200000000000000, -0.1123200000000008200 ) ) ;
#314 = ADVANCED_FACE ( 'NONE', ( #3587 ), #2111, .F. ) ;
#315 = FILL_AREA_STYLE_COLOUR ( '', #1194 ) ;
#316 = CARTESIAN_POINT ( 'NONE',  ( 0.4876799999999999500, 2.799999999999999800, -0.1123199999999999900 ) ) ;
#317 = SURFACE_STYLE_FILL_AREA ( #2643 ) ;
#318 = COLOUR_RGB ( '',0.7686274509803920900, 0.7686274509803920900, 0.7686274509803920900 ) ;
#319 = UNCERTAINTY_MEASURE_WITH_UNIT (LENGTH_MEASURE( 1.000000000000000100E-005 ), #1736, 'distance_accuracy_value', 'NONE');
#320 = FACE_OUTER_BOUND ( 'NONE', #3762, .T. ) ;
#321 = AXIS2_PLACEMENT_3D ( 'NONE', #2847, #4662, #2459 ) ;
#322 = ORIENTED_EDGE ( 'NONE', *, *, #4190, .T. ) ;
#323 =( LENGTH_UNIT ( ) NAMED_UNIT ( * ) SI_UNIT ( .MILLI., .METRE. ) );
#324 =( LENGTH_UNIT ( ) NAMED_UNIT ( * ) SI_UNIT ( .MILLI., .METRE. ) );
#325 = ORIENTED_EDGE ( 'NONE', *, *, #3415, .T. ) ;
#326 = DIRECTION ( 'NONE',  ( 1.000000000000000000, 0.0000000000000000000, 0.0000000000000000000 ) ) ;
#327 = EDGE_CURVE ( 'NONE', #1592, #2640, #791, .T. ) ;
#328 = EDGE_LOOP ( 'NONE', ( #105, #2673, #619, #284 ) ) ;
#329 = AXIS2_PLACEMENT_3D ( 'NONE', #3397, #1231, #257 ) ;
#330 = AXIS2_PLACEMENT_3D ( 'NONE', #4652, #4436, #2951 ) ;
#331 = CARTESIAN_POINT ( 'NONE',  ( 3.294000000000014700, 2.687679999999999800, -3.825613343307865800 ) ) ;
#332 = ORIENTED_EDGE ( 'NONE', *, *, #4250, .F. ) ;
#333 = CARTESIAN_POINT ( 'NONE',  ( 3.294000000000014700, 2.692679999999999700, -2.382648192138503400 ) ) ;
#334 = CARTESIAN_POINT ( 'NONE',  ( 5.612320000000043100, -7.531961758941410900E-015, -5.287679999999999900 ) ) ;
#335 = EDGE_CURVE ( 'NONE', #4376, #2044, #2257, .T. ) ;
#336 = CYLINDRICAL_SURFACE ( 'NONE', #1716, 0.1123199999999999500 ) ;
#337 = LINE ( 'NONE', #3880, #4039 ) ;
#338 = ORIENTED_EDGE ( 'NONE', *, *, #4353, .T. ) ;
#339 = SURFACE_SIDE_STYLE ('',( #1477 ) ) ;
#340 = ADVANCED_FACE ( 'NONE', ( #850 ), #4023, .T. ) ;
#341 = ORIENTED_EDGE ( 'NONE', *, *, #607, .T. ) ;
#342 =( GEOMETRIC_REPRESENTATION_CONTEXT ( 3 ) GLOBAL_UNCERTAINTY_ASSIGNED_CONTEXT ( ( #1527 ) ) GLOBAL_UNIT_ASSIGNED_CONTEXT ( ( #1432, #375, #3972 ) ) REPRESENTATION_CONTEXT ( 'NONE', 'WORKASPACE' ) );
#343 =( NAMED_UNIT ( * ) SI_UNIT ( $, .STERADIAN. ) SOLID_ANGLE_UNIT ( ) );
#344 = CARTESIAN_POINT ( 'NONE',  ( 2.500140458105373700, 2.687679999999999800, -0.9031415054705247400 ) ) ;
#345 = SURFACE_SIDE_STYLE ('',( #4546 ) ) ;
#346 = ORIENTED_EDGE ( 'NONE', *, *, #1730, .T. ) ;
#347 = CARTESIAN_POINT ( 'NONE',  ( 5.612320000000001300, 2.687679999999999800, -0.1123199999999999900 ) ) ;
#348 = AXIS2_PLACEMENT_3D ( 'NONE', #2748, #3894, #4570 ) ;
#349 = SURFACE_SIDE_STYLE ('',( #878 ) ) ;
#350 = EDGE_LOOP ( 'NONE', ( #969, #3632, #121, #4008, #2494, #1850 ) ) ;
#351 = SURFACE_STYLE_USAGE ( .BOTH. , #339 ) ;
#352 = ADVANCED_FACE ( 'NONE', ( #1195 ), #2834, .T. ) ;
#353 =( NAMED_UNIT ( * ) PLANE_ANGLE_UNIT ( ) SI_UNIT ( $, .RADIAN. ) );
#354 = ORIENTED_EDGE ( 'NONE', *, *, #1635, .T. ) ;
#355 = CARTESIAN_POINT ( 'NONE',  ( 0.4876799999999999500, 2.687679999999999800, -5.400000000000000400 ) ) ;
#356 = DIRECTION ( 'NONE',  ( 1.000000000000000000, 0.0000000000000000000, 0.0000000000000000000 ) ) ;
#357 = DIRECTION ( 'NONE',  ( 0.0000000000000000000, 0.0000000000000000000, -1.000000000000000000 ) ) ;
#358 = LINE ( 'NONE', #2512, #4463 ) ;
#359 = CARTESIAN_POINT ( 'NONE',  ( 2.945662692117169400, 2.692679999999999700, -2.193576659344267400 ) ) ;
#360 = EDGE_CURVE ( 'NONE', #2552, #3398, #1810, .T. ) ;
#361 = ORIENTED_EDGE ( 'NONE', *, *, #3834, .T. ) ;
#362 = FACE_OUTER_BOUND ( 'NONE', #3185, .T. ) ;
#363 = ADVANCED_FACE ( 'NONE', ( #2487 ), #3583, .T. ) ;
#364 = CARTESIAN_POINT ( 'NONE',  ( 0.5998276882378422700, 0.1877834917502317600, -5.281460802068762600 ) ) ;
#365 = DIRECTION ( 'NONE',  ( -1.544447539153147100E-014, 1.000000000000000000, 0.0000000000000000000 ) ) ;
#366 = LINE ( 'NONE', #4087, #3135 ) ;
#367 = EDGE_CURVE ( 'NONE', #3673, #2457, #1018, .T. ) ;
#368 = ADVANCED_FACE ( 'NONE', ( #2952 ), #1301, .T. ) ;
#369 = COLOUR_RGB ( '',0.7686274509803920900, 0.7686274509803920900, 0.7686274509803920900 ) ;
#370 = DIRECTION ( 'NONE',  ( -0.0000000000000000000, 1.000000000000000000, -0.0000000000000000000 ) ) ;
#371 = VECTOR ( 'NONE', #919, 1000.000000000000100 ) ;
#372 = UNCERTAINTY_MEASURE_WITH_UNIT (LENGTH_MEASURE( 1.000000000000000100E-005 ), #1285, 'distance_accuracy_value', 'NONE');
#373 = CARTESIAN_POINT ( 'NONE',  ( 6.100000000000000500, 2.687679999999999800, -5.400000000000000400 ) ) ;
#374 = DIRECTION ( 'NONE',  ( 0.0000000000000000000, 0.0000000000000000000, 1.000000000000000000 ) ) ;
#375 =( NAMED_UNIT ( * ) PLANE_ANGLE_UNIT ( ) SI_UNIT ( $, .RADIAN. ) );
#376 =( GEOMETRIC_REPRESENTATION_CONTEXT ( 3 ) GLOBAL_UNCERTAINTY_ASSIGNED_CONTEXT ( ( #3585 ) ) GLOBAL_UNIT_ASSIGNED_CONTEXT ( ( #3958, #2472, #3936 ) ) REPRESENTATION_CONTEXT ( 'NONE', 'WORKASPACE' ) );
#377 = PLANE ( 'NONE',  #1802 ) ;
#378 = B_SPLINE_CURVE_WITH_KNOTS ( 'NONE', 3,
 ( #2063, #2779, #3204, #4253, #4241, #3158, #959, #646, #3186, #3517 ),
 .UNSPECIFIED., .F., .F.,
 ( 4, 3, 3, 4 ),
 ( 0.0000000000000000000, 3.535348412143785600E-005, 7.052049924266498600E-005, 8.790586026857495600E-005 ),
 .UNSPECIFIED. ) ;
#379 = CARTESIAN_POINT ( 'NONE',  ( 0.4876800000000007800, 2.687679999999999800, -5.400000000000000400 ) ) ;
#380 = VERTEX_POINT ( 'NONE', #66 ) ;
#381 = ORIENTED_EDGE ( 'NONE', *, *, #2565, .T. ) ;
#382 = AXIS2_PLACEMENT_3D ( 'NONE', #3412, #4117, #4066 ) ;
#383 = LINE ( 'NONE', #4658, #968 ) ;
#384 = ORIENTED_EDGE ( 'NONE', *, *, #4528, .T. ) ;
#385 = ADVANCED_FACE ( 'NONE', ( #1985 ), #3318, .F. ) ;
#386 = EDGE_LOOP ( 'NONE', ( #1737, #4504, #669 ) ) ;
#387 =( NAMED_UNIT ( * ) PLANE_ANGLE_UNIT ( ) SI_UNIT ( $, .RADIAN. ) );
#388 = DIRECTION ( 'NONE',  ( -1.000000000000000000, 0.0000000000000000000, 0.0000000000000000000 ) ) ;
#389 = EDGE_CURVE ( 'NONE', #3430, #3374, #4655, .T. ) ;
#390 = LINE ( 'NONE', #1783, #4091 ) ;
#391 = PRESENTATION_LAYER_ASSIGNMENT (  '', '', ( #2944 ) ) ;
#392 = ORIENTED_EDGE ( 'NONE', *, *, #2268, .F. ) ;
#393 = ORIENTED_EDGE ( 'NONE', *, *, #767, .T. ) ;
#394 =( LENGTH_UNIT ( ) NAMED_UNIT ( * ) SI_UNIT ( .MILLI., .METRE. ) );
#395 = EDGE_CURVE ( 'NONE', #1092, #581, #1409, .T. ) ;
#396 =( NAMED_UNIT ( * ) SI_UNIT ( $, .STERADIAN. ) SOLID_ANGLE_UNIT ( ) );
#397 = ORIENTED_EDGE ( 'NONE', *, *, #3937, .T. ) ;
#398 = FACE_OUTER_BOUND ( 'NONE', #3098, .T. ) ;
#399 = DIRECTION ( 'NONE',  ( 0.0000000000000000000, -1.000000000000000000, 0.0000000000000000000 ) ) ;
#400 = VERTEX_POINT ( 'NONE', #464 ) ;
#401 = UNCERTAINTY_MEASURE_WITH_UNIT (LENGTH_MEASURE( 1.000000000000000100E-005 ), #2359, 'distance_accuracy_value', 'NONE');
#402 = DIRECTION ( 'NONE',  ( -0.0000000000000000000, -1.000000000000000000, 0.0000000000000000000 ) ) ;
#403 = CARTESIAN_POINT ( 'NONE',  ( 2.500140458105373700, 2.692679999999999700, -1.129180580096638400 ) ) ;
#404 = VERTEX_POINT ( 'NONE', #1459 ) ;
#405 = ADVANCED_FACE ( 'NONE', ( #4539 ), #1632, .T. ) ;
#406 = VECTOR ( 'NONE', #2238, 1000.000000000000100 ) ;
#407 =( NAMED_UNIT ( * ) PLANE_ANGLE_UNIT ( ) SI_UNIT ( $, .RADIAN. ) );
#408 = AXIS2_PLACEMENT_3D ( 'NONE', #2838, #3950, #4260 ) ;
#409 = ORIENTED_EDGE ( 'NONE', *, *, #3710, .T. ) ;
#410 = LINE ( 'NONE', #3719, #1917 ) ;
#411 = DIRECTION ( 'NONE',  ( 0.2762517575166370500, 0.0000000000000000000, -0.9610853065513848000 ) ) ;
#412 = SPHERICAL_SURFACE ( 'NONE', #2588, 0.1123200000000000000 ) ;
#413 = CARTESIAN_POINT ( 'NONE',  ( 0.1123199999999999500, 0.0000000000000000000, -5.400000000000000400 ) ) ;
#414 = LINE ( 'NONE', #4499, #1404 ) ;
#415 = MECHANICAL_DESIGN_GEOMETRIC_PRESENTATION_REPRESENTATION (  '', ( #1117 ), #238 ) ;
#416 = AXIS2_PLACEMENT_3D ( 'NONE', #3567, #2082, #2451 ) ;
#417 = VECTOR ( 'NONE', #1983, 1000.000000000000000 ) ;
#418 = CARTESIAN_POINT ( 'NONE',  ( 3.142938774847502600, 2.692679999999999700, -3.494785832608279500 ) ) ;
#419 =( NAMED_UNIT ( * ) PLANE_ANGLE_UNIT ( ) SI_UNIT ( $, .RADIAN. ) );
#420 = DIRECTION ( 'NONE',  ( 0.0000000000000000000, 0.0000000000000000000, -1.000000000000000000 ) ) ;
#421 = EDGE_CURVE ( 'NONE', #3786, #4459, #696, .T. ) ;
#422 = FILL_AREA_STYLE_COLOUR ( '', #4397 ) ;
#423 = FACE_OUTER_BOUND ( 'NONE', #2680, .T. ) ;
#424 =( GEOMETRIC_REPRESENTATION_CONTEXT ( 3 ) GLOBAL_UNCERTAINTY_ASSIGNED_CONTEXT ( ( #1131 ) ) GLOBAL_UNIT_ASSIGNED_CONTEXT ( ( #3085, #2011, #1253 ) ) REPRESENTATION_CONTEXT ( 'NONE', 'WORKASPACE' ) );
#425 = VECTOR ( 'NONE', #2972, 1000.000000000000000 ) ;
#426 = CYLINDRICAL_SURFACE ( 'NONE', #967, 0.1123199999999999500 ) ;
#427 = DIRECTION ( 'NONE',  ( 0.0000000000000000000, -0.0000000000000000000, -1.000000000000000000 ) ) ;
#428 = ADVANCED_FACE ( 'NONE', ( #2368 ), #1201, .F. ) ;
#429 = LINE ( 'NONE', #1180, #3912 ) ;
#430 = CARTESIAN_POINT ( 'NONE',  ( 0.1123199999999999500, 0.0000000000000000000, 0.0000000000000000000 ) ) ;
#431 = DIRECTION ( 'NONE',  ( -0.7083077534944016700, 0.0000000000000000000, -0.7059037656364455200 ) ) ;
#432 = ORIENTED_EDGE ( 'NONE', *, *, #3408, .F. ) ;
#433 = UNCERTAINTY_MEASURE_WITH_UNIT (LENGTH_MEASURE( 1.000000000000000100E-005 ), #3885, 'distance_accuracy_value', 'NONE');
#434 = CARTESIAN_POINT ( 'NONE',  ( 0.0000000000000000000, 0.0000000000000000000, -5.287679999999999900 ) ) ;
#435 = AXIS2_PLACEMENT_3D ( 'NONE', #4469, #2114, #3253 ) ;
#436 = EDGE_LOOP ( 'NONE', ( #3033, #895, #3487 ) ) ;
#437 = VERTEX_POINT ( 'NONE', #823 ) ;
#438 = FILL_AREA_STYLE ('',( #127 ) ) ;
#439 = CARTESIAN_POINT ( 'NONE',  ( 5.500000000000001800, 2.687679999999999800, -0.2121806870413389100 ) ) ;
#440 =( NAMED_UNIT ( * ) PLANE_ANGLE_UNIT ( ) SI_UNIT ( $, .RADIAN. ) );
#441 = CIRCLE ( 'NONE', #2316, 0.1123200000000000000 ) ;
#442 = VERTEX_POINT ( 'NONE', #1958 ) ;
#443 = CARTESIAN_POINT ( 'NONE',  ( 0.5999999999999999800, 0.1123199999999999500, -0.2121806870413381100 ) ) ;
#444 = MECHANICAL_DESIGN_GEOMETRIC_PRESENTATION_REPRESENTATION (  '', ( #4554 ), #3345 ) ;
#445 = AXIS2_PLACEMENT_3D ( 'NONE', #3940, #4300, #357 ) ;
#446 = CARTESIAN_POINT ( 'NONE',  ( 3.294000000000014700, 2.692679999999999700, -2.928558481708744700 ) ) ;
#447 = DIRECTION ( 'NONE',  ( 0.0000000000000000000, 0.0000000000000000000, -1.000000000000000000 ) ) ;
#448 = EDGE_CURVE ( 'NONE', #2552, #1889, #4193, .T. ) ;
#449 = CARTESIAN_POINT ( 'NONE',  ( 6.100000000000000500, 0.0000000000000000000, 0.0000000000000000000 ) ) ;
#450 = PRESENTATION_LAYER_ASSIGNMENT (  '', '', ( #212 ) ) ;
#451 = ORIENTED_EDGE ( 'NONE', *, *, #1455, .F. ) ;
#452 = CARTESIAN_POINT ( 'NONE',  ( 3.294000000000014700, 2.692679999999999700, -4.283040501459447000 ) ) ;
#453 = CARTESIAN_POINT ( 'NONE',  ( 6.100000000000000500, 0.1123200000000000000, -5.287679999999999900 ) ) ;
#454 = DIRECTION ( 'NONE',  ( -1.000000000000000000, 0.0000000000000000000, -0.0000000000000000000 ) ) ;
#455 = ORIENTED_EDGE ( 'NONE', *, *, #421, .F. ) ;
#456 = EDGE_CURVE ( 'NONE', #941, #165, #4067, .T. ) ;
#457 = DIRECTION ( 'NONE',  ( 1.000000000000000000, -0.0000000000000000000, 0.0000000000000000000 ) ) ;
#458 = VERTEX_POINT ( 'NONE', #2324 ) ;
#459 = UNCERTAINTY_MEASURE_WITH_UNIT (LENGTH_MEASURE( 1.000000000000000100E-005 ), #553, 'distance_accuracy_value', 'NONE');
#460 = CARTESIAN_POINT ( 'NONE',  ( 2.500140458105373700, 2.692679999999999700, -2.342335107203581800 ) ) ;
#461 = VECTOR ( 'NONE', #296, 1000.000000000000000 ) ;
#462 = ORIENTED_EDGE ( 'NONE', *, *, #3470, .F. ) ;
#463 = PRESENTATION_LAYER_ASSIGNMENT (  '', '', ( #3844 ) ) ;
#464 = CARTESIAN_POINT ( 'NONE',  ( 3.294000000000014700, 2.687679999999999800, -1.527417462849348000 ) ) ;
#465 = SURFACE_STYLE_FILL_AREA ( #3925 ) ;
#466 = VERTEX_POINT ( 'NONE', #508 ) ;
#467 = DIRECTION ( 'NONE',  ( -0.9280290862136694200, 0.0000000000000000000, 0.3725077383644826400 ) ) ;
#468 =( NAMED_UNIT ( * ) PLANE_ANGLE_UNIT ( ) SI_UNIT ( $, .RADIAN. ) );
#469 =( GEOMETRIC_REPRESENTATION_CONTEXT ( 3 ) GLOBAL_UNCERTAINTY_ASSIGNED_CONTEXT ( ( #3531 ) ) GLOBAL_UNIT_ASSIGNED_CONTEXT ( ( #2405, #4648, #2225 ) ) REPRESENTATION_CONTEXT ( 'NONE', 'WORKASPACE' ) );
#470 = DIRECTION ( 'NONE',  ( -1.000000000000000000, 0.0000000000000000000, 0.0000000000000000000 ) ) ;
#471 = ORIENTED_EDGE ( 'NONE', *, *, #3377, .F. ) ;
#472 = SURFACE_SIDE_STYLE ('',( #2967 ) ) ;
#473 = FACE_OUTER_BOUND ( 'NONE', #2790, .T. ) ;
#474 = CARTESIAN_POINT ( 'NONE',  ( 3.067283914678575800, 2.687679999999999800, -2.729064943576893700 ) ) ;
#475 = EDGE_CURVE ( 'NONE', #2723, #165, #366, .T. ) ;
#476 = AXIS2_PLACEMENT_3D ( 'NONE', #2218, #3713, #1562 ) ;
#477 = CARTESIAN_POINT ( 'NONE',  ( 2.587247716295260100, 2.692679999999999700, -2.585577424164422000 ) ) ;
#478 =( NAMED_UNIT ( * ) PLANE_ANGLE_UNIT ( ) SI_UNIT ( $, .RADIAN. ) );
#479 = LINE ( 'NONE', #3520, #3254 ) ;
#480 = EDGE_CURVE ( 'NONE', #3505, #2415, #2151, .T. ) ;
#481 =( NAMED_UNIT ( * ) SI_UNIT ( $, .STERADIAN. ) SOLID_ANGLE_UNIT ( ) );
#482 = DIRECTION ( 'NONE',  ( 0.0000000000000000000, 0.0000000000000000000, 1.000000000000000000 ) ) ;
#483 = CARTESIAN_POINT ( 'NONE',  ( 5.501258765606988500, 2.636877533923819500, -0.1299304188900639300 ) ) ;
#484 = SURFACE_STYLE_USAGE ( .BOTH. , #3704 ) ;
#485 = DIRECTION ( 'NONE',  ( -0.0000000000000000000, -1.000000000000000000, 0.0000000000000000000 ) ) ;
#486 = CARTESIAN_POINT ( 'NONE',  ( 0.5996007598724730800, 0.1226312837360381100, -0.1760033854232477000 ) ) ;
#487 = PRESENTATION_LAYER_ASSIGNMENT (  '', '', ( #18 ) ) ;
#488 = VECTOR ( 'NONE', #106, 1000.000000000000000 ) ;
#489 = ORIENTED_EDGE ( 'NONE', *, *, #1819, .F. ) ;
#490 = DIRECTION ( 'NONE',  ( -0.0000000000000000000, -1.000000000000000000, 0.0000000000000000000 ) ) ;
#491 = ORIENTED_EDGE ( 'NONE', *, *, #3240, .F. ) ;
#492 = DIRECTION ( 'NONE',  ( 0.0000000000000000000, 0.0000000000000000000, 1.000000000000000000 ) ) ;
#493 = SURFACE_SIDE_STYLE ('',( #2543 ) ) ;
#494 = VERTEX_POINT ( 'NONE', #862 ) ;
#495 = ORIENTED_EDGE ( 'NONE', *, *, #3152, .F. ) ;
#496 = AXIS2_PLACEMENT_3D ( 'NONE', #2197, #411, #4325 ) ;
#497 = VERTEX_POINT ( 'NONE', #167 ) ;
#498 =( LENGTH_UNIT ( ) NAMED_UNIT ( * ) SI_UNIT ( .MILLI., .METRE. ) );
#499 = DIRECTION ( 'NONE',  ( -1.000000000000000000, 0.0000000000000000000, 0.0000000000000000000 ) ) ;
#500 = CARTESIAN_POINT ( 'NONE',  ( 3.294000000000014700, 2.692679999999999700, -2.757597784819791500 ) ) ;
#501 = AXIS2_PLACEMENT_3D ( 'NONE', #2069, #925, #2742 ) ;
#502 = EDGE_LOOP ( 'NONE', ( #1429, #1514, #3453, #2002, #3595, #126, #1260, #1910 ) ) ;
#503 = MECHANICAL_DESIGN_GEOMETRIC_PRESENTATION_REPRESENTATION (  '', ( #4555 ), #817 ) ;
#504 = CARTESIAN_POINT ( 'NONE',  ( 3.294000000000014700, 2.692679999999999700, -2.545961930456503500 ) ) ;
#505 = VERTEX_POINT ( 'NONE', #525 ) ;
#506 = CARTESIAN_POINT ( 'NONE',  ( 6.100000000000000500, 0.1123200000000000000, -0.1123199999999999900 ) ) ;
#507 = EDGE_CURVE ( 'NONE', #4459, #2723, #3189, .T. ) ;
#508 = CARTESIAN_POINT ( 'NONE',  ( 2.653437232311451700, 2.687679999999999800, -4.684512721529441300 ) ) ;
#509 = PRESENTATION_STYLE_ASSIGNMENT (( #3155 ) ) ;
#510 = ORIENTED_EDGE ( 'NONE', *, *, #2977, .T. ) ;
#511 =( NAMED_UNIT ( * ) SI_UNIT ( $, .STERADIAN. ) SOLID_ANGLE_UNIT ( ) );
#512 = VECTOR ( 'NONE', #3547, 1000.000000000000000 ) ;
#513 = DIRECTION ( 'NONE',  ( 0.0000000000000000000, 0.0000000000000000000, -1.000000000000000000 ) ) ;
#514 = EDGE_CURVE ( 'NONE', #2183, #3660, #957, .T. ) ;
#515 = ORIENTED_EDGE ( 'NONE', *, *, #183, .T. ) ;
#516 = DIRECTION ( 'NONE',  ( 0.0000000000000000000, 0.0000000000000000000, 1.000000000000000000 ) ) ;
#517 = UNCERTAINTY_MEASURE_WITH_UNIT (LENGTH_MEASURE( 1.000000000000000100E-005 ), #4352, 'distance_accuracy_value', 'NONE');
#518 =( NAMED_UNIT ( * ) PLANE_ANGLE_UNIT ( ) SI_UNIT ( $, .RADIAN. ) );
#519 = VECTOR ( 'NONE', #3083, 1000.000000000000200 ) ;
#520 = CARTESIAN_POINT ( 'NONE',  ( 3.294000000000014700, 2.692679999999999700, -2.928558481708744700 ) ) ;
#521 = CARTESIAN_POINT ( 'NONE',  ( 3.294000000000014700, 2.687679999999999800, -0.9007373474036682900 ) ) ;
#522 = ORIENTED_EDGE ( 'NONE', *, *, #1188, .F. ) ;
#523 = SURFACE_SIDE_STYLE ('',( #1076 ) ) ;
#524 = PRESENTATION_LAYER_ASSIGNMENT (  '', '', ( #671 ) ) ;
#525 = CARTESIAN_POINT ( 'NONE',  ( 2.838672858876865500, 2.692679999999999700, -1.032140482724699600 ) ) ;
#526 = EDGE_LOOP ( 'NONE', ( #890, #3761, #933 ) ) ;
#527 = DIRECTION ( 'NONE',  ( 1.000000000000000000, -0.0000000000000000000, 0.0000000000000000000 ) ) ;
#528 = CIRCLE ( 'NONE', #3564, 0.1123200000000000000 ) ;
#529 = VECTOR ( 'NONE', #3168, 1000.000000000000000 ) ;
#530 =( NAMED_UNIT ( * ) PLANE_ANGLE_UNIT ( ) SI_UNIT ( $, .RADIAN. ) );
#531 = CARTESIAN_POINT ( 'NONE',  ( 6.100000000000000500, 0.1123200000000000000, 0.0000000000000000000 ) ) ;
#532 = FACE_OUTER_BOUND ( 'NONE', #4620, .T. ) ;
#533 = STYLED_ITEM ( 'NONE', ( #4424 ), #2463 ) ;
#534 = PRESENTATION_STYLE_ASSIGNMENT (( #4632 ) ) ;
#535 = VECTOR ( 'NONE', #940, 1000.000000000000200 ) ;
#536 = DIRECTION ( 'NONE',  ( 0.0000000000000000000, 0.0000000000000000000, -1.000000000000000000 ) ) ;
#537 = CARTESIAN_POINT ( 'NONE',  ( 2.500140458105373700, 2.687679999999999800, -0.9031415054705247400 ) ) ;
#538 = EDGE_CURVE ( 'NONE', #2240, #3951, #4404, .T. ) ;
#539 = MECHANICAL_DESIGN_GEOMETRIC_PRESENTATION_REPRESENTATION (  '', ( #1155 ), #3209 ) ;
#540 = VECTOR ( 'NONE', #1999, 1000.000000000000000 ) ;
#541 = CARTESIAN_POINT ( 'NONE',  ( 0.5999915653225467200, 2.592890475672493100, -5.286303520868486300 ) ) ;
#542 = PRESENTATION_STYLE_ASSIGNMENT (( #2690 ) ) ;
#543 = EDGE_CURVE ( 'NONE', #581, #4052, #4471, .T. ) ;
#544 = ORIENTED_EDGE ( 'NONE', *, *, #3215, .T. ) ;
#545 = ORIENTED_EDGE ( 'NONE', *, *, #4518, .F. ) ;
#546 = CARTESIAN_POINT ( 'NONE',  ( 3.294000000000014700, 2.692679999999999700, -0.9007373474036682900 ) ) ;
#547 = CARTESIAN_POINT ( 'NONE',  ( 2.587247716295260100, 2.687679999999999800, -2.585577424164422000 ) ) ;
#548 = DIRECTION ( 'NONE',  ( 0.0000000000000000000, 0.0000000000000000000, -1.000000000000000000 ) ) ;
#549 = CARTESIAN_POINT ( 'NONE',  ( 5.612319999999999500, 2.800000000000001200, -0.1123200000000008200 ) ) ;
#550 = VERTEX_POINT ( 'NONE', #2360 ) ;
#551 = DIRECTION ( 'NONE',  ( -0.0000000000000000000, -1.000000000000000000, 0.0000000000000000000 ) ) ;
#552 = ORIENTED_EDGE ( 'NONE', *, *, #4489, .F. ) ;
#553 =( LENGTH_UNIT ( ) NAMED_UNIT ( * ) SI_UNIT ( .MILLI., .METRE. ) );
#554 = CARTESIAN_POINT ( 'NONE',  ( 3.142967740597627700, 2.692679999999999700, -2.236745285315902900 ) ) ;
#555 = FACE_OUTER_BOUND ( 'NONE', #2672, .T. ) ;
#556 = CARTESIAN_POINT ( 'NONE',  ( 5.612320000000001300, 2.687679999999999800, -5.287679999999999900 ) ) ;
#557 = PRESENTATION_STYLE_ASSIGNMENT (( #4403 ) ) ;
#558 = ORIENTED_EDGE ( 'NONE', *, *, #1057, .T. ) ;
#559 = CARTESIAN_POINT ( 'NONE',  ( 0.1123199999999999500, 0.1123200000000000000, -0.1123199999999999900 ) ) ;
#560 = CARTESIAN_POINT ( 'NONE',  ( 5.612320000000041300, 0.0000000000000000000, -5.287679999999999900 ) ) ;
#561 = LINE ( 'NONE', #3264, #2395 ) ;
#562 = ORIENTED_EDGE ( 'NONE', *, *, #964, .F. ) ;
#563 =( NAMED_UNIT ( * ) SI_UNIT ( $, .STERADIAN. ) SOLID_ANGLE_UNIT ( ) );
#564 = CARTESIAN_POINT ( 'NONE',  ( 5.987680000000000100, 0.0000000000000000000, -5.287679999999999900 ) ) ;
#565 = DIRECTION ( 'NONE',  ( 0.9619530280415479200, 0.0000000000000000000, 0.2732148821746302500 ) ) ;
#566 = ORIENTED_EDGE ( 'NONE', *, *, #1995, .T. ) ;
#567 = FILL_AREA_STYLE ('',( #4149 ) ) ;
#568 = EDGE_CURVE ( 'NONE', #3951, #1268, #1981, .T. ) ;
#569 = AXIS2_PLACEMENT_3D ( 'NONE', #3178, #1338, #2375 ) ;
#570 = CARTESIAN_POINT ( 'NONE',  ( 0.5999999999999998700, 0.0000000000000000000, -0.1123199999999982300 ) ) ;
#571 =( NAMED_UNIT ( * ) PLANE_ANGLE_UNIT ( ) SI_UNIT ( $, .RADIAN. ) );
#572 = FILL_AREA_STYLE_COLOUR ( '', #4255 ) ;
#573 = EDGE_CURVE ( 'NONE', #3554, #497, #1008, .T. ) ;
#574 = CARTESIAN_POINT ( 'NONE',  ( 5.500000000000001800, 0.1123199999999999500, -5.287679999999999900 ) ) ;
#575 = EDGE_LOOP ( 'NONE', ( #2007, #2628, #1315, #3991 ) ) ;
#576 = UNCERTAINTY_MEASURE_WITH_UNIT (LENGTH_MEASURE( 1.000000000000000100E-005 ), #4178, 'distance_accuracy_value', 'NONE');
#577 = CARTESIAN_POINT ( 'NONE',  ( 5.500000000000001800, 0.1123199999999999500, -0.1123199999999999500 ) ) ;
#578 = CARTESIAN_POINT ( 'NONE',  ( 2.500140458105373700, 2.692679999999999700, -1.369523908665738700 ) ) ;
#579 = APPLICATION_PROTOCOL_DEFINITION ( 'draft international standard', 'automotive_design', 1998, #2701 ) ;
#580 = DIRECTION ( 'NONE',  ( -1.544447539153147100E-014, 1.000000000000000000, 0.0000000000000000000 ) ) ;
#581 = VERTEX_POINT ( 'NONE', #560 ) ;
#582 = CIRCLE ( 'NONE', #1971, 0.1123200000000000000 ) ;
#583 = FILL_AREA_STYLE ('',( #4502 ) ) ;
#584 = VECTOR ( 'NONE', #1421, 1000.000000000000200 ) ;
#585 = CARTESIAN_POINT ( 'NONE',  ( 2.500140458105373700, 2.692679999999999700, -3.358530934435405100 ) ) ;
#586 = CARTESIAN_POINT ( 'NONE',  ( 5.500399240127568300, 0.1226312837360412800, -5.223996614576758000 ) ) ;
#587 = VERTEX_POINT ( 'NONE', #3118 ) ;
#588 = LINE ( 'NONE', #3134, #4124 ) ;
#589 =( GEOMETRIC_REPRESENTATION_CONTEXT ( 3 ) GLOBAL_UNCERTAINTY_ASSIGNED_CONTEXT ( ( #576 ) ) GLOBAL_UNIT_ASSIGNED_CONTEXT ( ( #4178, #530, #3437 ) ) REPRESENTATION_CONTEXT ( 'NONE', 'WORKASPACE' ) );
#590 = CARTESIAN_POINT ( 'NONE',  ( 0.5999999999999999800, 2.687679999999999800, -5.400000000000000400 ) ) ;
#591 = CARTESIAN_POINT ( 'NONE',  ( 2.651274097639754900, 2.692679999999999700, -3.635940770522039200 ) ) ;
#592 = DIRECTION ( 'NONE',  ( 0.0000000000000000000, 0.0000000000000000000, -1.000000000000000000 ) ) ;
#593 = DIRECTION ( 'NONE',  ( -0.2755265765475048400, 0.0000000000000000000, 0.9612934544747571100 ) ) ;
#594 = PRESENTATION_LAYER_ASSIGNMENT (  '', '', ( #203 ) ) ;
#595 = PRESENTATION_STYLE_ASSIGNMENT (( #728 ) ) ;
#596 = PRESENTATION_LAYER_ASSIGNMENT (  '', '', ( #4555 ) ) ;
#597 = VECTOR ( 'NONE', #4053, 1000.000000000000000 ) ;
#598 = DIRECTION ( 'NONE',  ( 0.0000000000000000000, 0.0000000000000000000, -1.000000000000000000 ) ) ;
#599 = CARTESIAN_POINT ( 'NONE',  ( 2.500140458105373700, 2.687679999999999800, -2.421517818365376100 ) ) ;
#600 = EDGE_CURVE ( 'NONE', #400, #1555, #194, .T. ) ;
#601 = SURFACE_STYLE_FILL_AREA ( #1161 ) ;
#602 = FILL_AREA_STYLE_COLOUR ( '', #2369 ) ;
#603 =( BOUNDED_CURVE ( )  B_SPLINE_CURVE ( 3, ( #614, #2452, #1044, #2156 ),
 .UNSPECIFIED., .F., .T. ) 
 B_SPLINE_CURVE_WITH_KNOTS ( ( 4, 4 ),
 ( 1.570796326794877200, 1.868047688116087700 ),
 .UNSPECIFIED. ) 
 CURVE ( )  GEOMETRIC_REPRESENTATION_ITEM ( )  RATIONAL_B_SPLINE_CURVE ( ( 1.000000000000000000, 0.9926503465430336300, 0.9926503465430336300, 1.000000000000000000 ) ) 
 REPRESENTATION_ITEM ( '' )  );
#604 = DIRECTION ( 'NONE',  ( 0.0000000000000000000, 0.0000000000000000000, -1.000000000000000000 ) ) ;
#605 = ORIENTED_EDGE ( 'NONE', *, *, #1086, .T. ) ;
#606 = EDGE_LOOP ( 'NONE', ( #772, #3213, #4042, #656 ) ) ;
#607 = EDGE_CURVE ( 'NONE', #3554, #631, #3064, .T. ) ;
#608 = EDGE_LOOP ( 'NONE', ( #719, #2379, #510, #3310 ) ) ;
#609 = CARTESIAN_POINT ( 'NONE',  ( 0.5999999999999998700, 2.575359999999999000, -0.1123199999999982300 ) ) ;
#610 = FILL_AREA_STYLE_COLOUR ( '', #318 ) ;
#611 = VECTOR ( 'NONE', #1444, 1000.000000000000000 ) ;
#612 = EDGE_LOOP ( 'NONE', ( #1684, #2971, #3878, #1329 ) ) ;
#613 = CARTESIAN_POINT ( 'NONE',  ( 2.500140458105373700, 2.692679999999999700, -2.342335107203581800 ) ) ;
#614 = CARTESIAN_POINT ( 'NONE',  ( 5.500000000000000000, 2.687679999999999800, -0.1123199999999982300 ) ) ;
#615 = ORIENTED_EDGE ( 'NONE', *, *, #4303, .F. ) ;
#616 = CARTESIAN_POINT ( 'NONE',  ( 0.1123200000000000000, 2.687679999999999800, -0.1123199999999999900 ) ) ;
#617 = FACE_OUTER_BOUND ( 'NONE', #1123, .T. ) ;
#618 = SURFACE_SIDE_STYLE ('',( #2930 ) ) ;
#619 = ORIENTED_EDGE ( 'NONE', *, *, #2358, .F. ) ;
#620 = AXIS2_PLACEMENT_3D ( 'NONE', #2600, #1441, #1485 ) ;
#621 = CARTESIAN_POINT ( 'NONE',  ( 5.500000000000001800, 0.1123199999999999500, -5.175360000000000400 ) ) ;
#622 =( NAMED_UNIT ( * ) PLANE_ANGLE_UNIT ( ) SI_UNIT ( $, .RADIAN. ) );
#623 = ORIENTED_EDGE ( 'NONE', *, *, #846, .T. ) ;
#624 = EDGE_CURVE ( 'NONE', #712, #581, #749, .T. ) ;
#625 = CIRCLE ( 'NONE', #2100, 0.1123200000000000000 ) ;
#626 = CARTESIAN_POINT ( 'NONE',  ( 2.500140458105373700, 2.692679999999999700, -2.759594511516080900 ) ) ;
#627 = ORIENTED_EDGE ( 'NONE', *, *, #2290, .F. ) ;
#628 = DIRECTION ( 'NONE',  ( 1.000000000000000000, -0.0000000000000000000, -0.0000000000000000000 ) ) ;
#629 = EDGE_CURVE ( 'NONE', #3732, #581, #2080, .T. ) ;
#630 = SURFACE_STYLE_USAGE ( .BOTH. , #3179 ) ;
#631 = VERTEX_POINT ( 'NONE', #4547 ) ;
#632 = DIRECTION ( 'NONE',  ( -0.0000000000000000000, -1.000000000000000000, 0.0000000000000000000 ) ) ;
#633 = VECTOR ( 'NONE', #1387, 1000.000000000000100 ) ;
#634 = SURFACE_SIDE_STYLE ('',( #4571 ) ) ;
#635 = ORIENTED_EDGE ( 'NONE', *, *, #4311, .F. ) ;
#636 = CIRCLE ( 'NONE', #3803, 0.1123199999999999500 ) ;
#637 = LINE ( 'NONE', #2376, #1460 ) ;
#638 = SURFACE_SIDE_STYLE ('',( #3414 ) ) ;
#639 = VECTOR ( 'NONE', #1725, 1000.000000000000000 ) ;
#640 = PRESENTATION_STYLE_ASSIGNMENT (( #2555 ) ) ;
#641 = FACE_OUTER_BOUND ( 'NONE', #2789, .T. ) ;
#642 = AXIS2_PLACEMENT_3D ( 'NONE', #1743, #2803, #2119 ) ;
#643 = FILL_AREA_STYLE_COLOUR ( '', #4299 ) ;
#644 = ORIENTED_EDGE ( 'NONE', *, *, #2179, .T. ) ;
#645 =( NAMED_UNIT ( * ) PLANE_ANGLE_UNIT ( ) SI_UNIT ( $, .RADIAN. ) );
#646 = CARTESIAN_POINT ( 'NONE',  ( 5.499997222547645700, 0.2128991596773419100, -5.287218356280760600 ) ) ;
#647 = DIRECTION ( 'NONE',  ( 0.0000000000000000000, 0.0000000000000000000, 1.000000000000000000 ) ) ;
#648 = AXIS2_PLACEMENT_3D ( 'NONE', #1956, #4171, #4544 ) ;
#649 = AXIS2_PLACEMENT_3D ( 'NONE', #992, #3552, #3173 ) ;
#650 = ORIENTED_EDGE ( 'NONE', *, *, #2812, .T. ) ;
#651 = EDGE_LOOP ( 'NONE', ( #544, #966, #455, #1156 ) ) ;
#652 = VECTOR ( 'NONE', #2124, 1000.000000000000100 ) ;
#653 = EDGE_CURVE ( 'NONE', #550, #1203, #1071, .T. ) ;
#654 = UNCERTAINTY_MEASURE_WITH_UNIT (LENGTH_MEASURE( 1.000000000000000100E-005 ), #2679, 'distance_accuracy_value', 'NONE');
#655 =( GEOMETRIC_REPRESENTATION_CONTEXT ( 3 ) GLOBAL_UNCERTAINTY_ASSIGNED_CONTEXT ( ( #372 ) ) GLOBAL_UNIT_ASSIGNED_CONTEXT ( ( #1285, #1621, #4144 ) ) REPRESENTATION_CONTEXT ( 'NONE', 'WORKASPACE' ) );
#656 = ORIENTED_EDGE ( 'NONE', *, *, #1913, .F. ) ;
#657 = CLOSED_SHELL ( 'NONE', ( #766, #1115, #4027, #3248, #748, #2245, #3574, #3879, #3229, #4361, #4341, #1779, #120, #3648, #1634, #1733, #314, #2876, #2536 ) ) ;
#658 = DIRECTION ( 'NONE',  ( -0.9611638845408968500, 0.0000000000000000000, -0.2759782365590690600 ) ) ;
#659 = SURFACE_STYLE_FILL_AREA ( #3362 ) ;
#660 = VERTEX_POINT ( 'NONE', #3097 ) ;
#661 = FILL_AREA_STYLE ('',( #261 ) ) ;
#662 = AXIS2_PLACEMENT_3D ( 'NONE', #3907, #3562, #1006 ) ;
#663 = COLOUR_RGB ( '',0.7686274509803920900, 0.7686274509803920900, 0.7686274509803920900 ) ;
#664 = CARTESIAN_POINT ( 'NONE',  ( 2.587247716295260100, 2.692679999999999700, -2.585577424164422000 ) ) ;
#665 = FILL_AREA_STYLE ('',( #3855 ) ) ;
#666 = DIRECTION ( 'NONE',  ( -1.000000000000000000, 0.0000000000000000000, -0.0000000000000000000 ) ) ;
#667 = ORIENTED_EDGE ( 'NONE', *, *, #774, .T. ) ;
#668 = PRESENTATION_STYLE_ASSIGNMENT (( #3629 ) ) ;
#669 = ORIENTED_EDGE ( 'NONE', *, *, #1304, .T. ) ;
#670 =( LENGTH_UNIT ( ) NAMED_UNIT ( * ) SI_UNIT ( .MILLI., .METRE. ) );
#671 = STYLED_ITEM ( 'NONE', ( #2134 ), #1065 ) ;
#672 = VECTOR ( 'NONE', #4656, 1000.000000000000000 ) ;
#673 = ORIENTED_EDGE ( 'NONE', *, *, #2760, .T. ) ;
#674 =( NAMED_UNIT ( * ) SI_UNIT ( $, .STERADIAN. ) SOLID_ANGLE_UNIT ( ) );
#675 = EDGE_CURVE ( 'NONE', #2994, #1225, #2595, .T. ) ;
#676 = MECHANICAL_DESIGN_GEOMETRIC_PRESENTATION_REPRESENTATION (  '', ( #3527 ), #2350 ) ;
#677 =( GEOMETRIC_REPRESENTATION_CONTEXT ( 3 ) GLOBAL_UNCERTAINTY_ASSIGNED_CONTEXT ( ( #3322 ) ) GLOBAL_UNIT_ASSIGNED_CONTEXT ( ( #4560, #2371, #4168 ) ) REPRESENTATION_CONTEXT ( 'NONE', 'WORKASPACE' ) );
#678 = ORIENTED_EDGE ( 'NONE', *, *, #3661, .T. ) ;
#679 = CARTESIAN_POINT ( 'NONE',  ( 0.0000000000000000000, 2.799999999999999800, -0.1123199999999999900 ) ) ;
#680 = DIRECTION ( 'NONE',  ( 7.722237695765704100E-015, 0.0000000000000000000, -1.000000000000000000 ) ) ;
#681 = UNCERTAINTY_MEASURE_WITH_UNIT (LENGTH_MEASURE( 1.000000000000000100E-005 ), #1681, 'distance_accuracy_value', 'NONE');
#682 = ORIENTED_EDGE ( 'NONE', *, *, #717, .F. ) ;
#683 = EDGE_CURVE ( 'NONE', #227, #3618, #1248, .T. ) ;
#684 = MECHANICAL_DESIGN_GEOMETRIC_PRESENTATION_REPRESENTATION (  '', ( #212 ), #1880 ) ;
#685 = ADVANCED_FACE ( 'NONE', ( #89 ), #3010, .T. ) ;
#686 = CARTESIAN_POINT ( 'NONE',  ( 2.798931846913856900, 2.687679999999999800, -3.933655598874454800 ) ) ;
#687 = CARTESIAN_POINT ( 'NONE',  ( 3.294000000000014700, 2.692679999999999700, -3.225829168527901900 ) ) ;
#688 = EDGE_LOOP ( 'NONE', ( #3798, #3108, #2589, #871 ) ) ;
#689 = DIRECTION ( 'NONE',  ( -0.0000000000000000000, 0.0000000000000000000, 1.000000000000000000 ) ) ;
#690 = EDGE_CURVE ( 'NONE', #3668, #864, #637, .T. ) ;
#691 = DIRECTION ( 'NONE',  ( -0.0000000000000000000, -1.000000000000000000, 0.0000000000000000000 ) ) ;
#692 = LINE ( 'NONE', #25, #2144 ) ;
#693 = LINE ( 'NONE', #2397, #1565 ) ;
#694 = SURFACE_SIDE_STYLE ('',( #2065 ) ) ;
#695 = CARTESIAN_POINT ( 'NONE',  ( 5.500172311762198300, 0.1877834917502260700, -0.1185391979312374600 ) ) ;
#696 = LINE ( 'NONE', #140, #4410 ) ;
#697 = PRESENTATION_LAYER_ASSIGNMENT (  '', '', ( #1036 ) ) ;
#698 = DIRECTION ( 'NONE',  ( -0.0000000000000000000, -1.000000000000000000, 0.0000000000000000000 ) ) ;
#699 = DIRECTION ( 'NONE',  ( -5.943634068010691200E-014, 0.0000000000000000000, 1.000000000000000000 ) ) ;
#700 = DIRECTION ( 'NONE',  ( -0.9984327301130250200, 0.0000000000000000000, -0.05596501978067342600 ) ) ;
#701 = COLOUR_RGB ( '',0.7686274509803920900, 0.7686274509803920900, 0.7686274509803920900 ) ;
#702 = DIRECTION ( 'NONE',  ( -0.9610674221107078400, 0.0000000000000000000, -0.2763139702539095200 ) ) ;
#703 = SURFACE_STYLE_FILL_AREA ( #2722 ) ;
#704 = AXIS2_PLACEMENT_3D ( 'NONE', #1367, #1732, #4264 ) ;
#705 = FACE_OUTER_BOUND ( 'NONE', #2586, .T. ) ;
#706 = ORIENTED_EDGE ( 'NONE', *, *, #3744, .T. ) ;
#707 = DIRECTION ( 'NONE',  ( -0.0000000000000000000, -1.000000000000000000, 0.0000000000000000000 ) ) ;
#708 = ADVANCED_FACE ( 'NONE', ( #4651 ), #3413, .T. ) ;
#709 = CARTESIAN_POINT ( 'NONE',  ( 5.502629779276084300, 2.644959421310643300, -5.263517262623244300 ) ) ;
#710 = ORIENTED_EDGE ( 'NONE', *, *, #3937, .F. ) ;
#711 = EDGE_CURVE ( 'NONE', #3961, #400, #3859, .T. ) ;
#712 = VERTEX_POINT ( 'NONE', #574 ) ;
#713 = DIRECTION ( 'NONE',  ( 1.000000000000000000, 0.0000000000000000000, 7.722237695765704100E-015 ) ) ;
#714 = UNCERTAINTY_MEASURE_WITH_UNIT (LENGTH_MEASURE( 1.000000000000000100E-005 ), #1033, 'distance_accuracy_value', 'NONE');
#715 = ORIENTED_EDGE ( 'NONE', *, *, #901, .T. ) ;
#716 = DIRECTION ( 'NONE',  ( 0.0000000000000000000, 0.0000000000000000000, 1.000000000000000000 ) ) ;
#717 = EDGE_CURVE ( 'NONE', #2168, #1564, #847, .T. ) ;
#718 = CYLINDRICAL_SURFACE ( 'NONE', #2718, 0.1123200000000000000 ) ;
#719 = ORIENTED_EDGE ( 'NONE', *, *, #3647, .T. ) ;
#720 = CARTESIAN_POINT ( 'NONE',  ( 5.500030899689814800, 0.1155294750999374100, -0.1955092100933757700 ) ) ;
#721 = CARTESIAN_POINT ( 'NONE',  ( 2.500140458105373700, 2.692679999999999700, -3.010349538618765800 ) ) ;
#722 = SURFACE_STYLE_FILL_AREA ( #2345 ) ;
#723 = ORIENTED_EDGE ( 'NONE', *, *, #395, .T. ) ;
#724 =( GEOMETRIC_REPRESENTATION_CONTEXT ( 3 ) GLOBAL_UNCERTAINTY_ASSIGNED_CONTEXT ( ( #94 ) ) GLOBAL_UNIT_ASSIGNED_CONTEXT ( ( #2587, #2927, #2570 ) ) REPRESENTATION_CONTEXT ( 'NONE', 'WORKASPACE' ) );
#725 = ADVANCED_FACE ( 'NONE', ( #145 ), #3876, .F. ) ;
#726 = CARTESIAN_POINT ( 'NONE',  ( 2.500140458105373700, 2.692679999999999700, -4.043498559337699300 ) ) ;
#727 =( NAMED_UNIT ( * ) PLANE_ANGLE_UNIT ( ) SI_UNIT ( $, .RADIAN. ) );
#728 = SURFACE_STYLE_USAGE ( .BOTH. , #2510 ) ;
#729 = ADVANCED_FACE ( 'NONE', ( #913 ), #2642, .T. ) ;
#730 = EDGE_LOOP ( 'NONE', ( #4677, #1235, #4406, #2352 ) ) ;
#731 = CARTESIAN_POINT ( 'NONE',  ( 5.502431037062813800, 0.1370737319058223100, -0.1533618007684302800 ) ) ;
#732 = ORIENTED_EDGE ( 'NONE', *, *, #711, .T. ) ;
#733 = PRODUCT_DEFINITION_SHAPE ( 'NONE', 'NONE',  #1305 ) ;
#734 = DIRECTION ( 'NONE',  ( -0.0000000000000000000, -1.000000000000000000, 0.0000000000000000000 ) ) ;
#735 = VECTOR ( 'NONE', #2700, 1000.000000000000000 ) ;
#736 = STYLED_ITEM ( 'NONE', ( #3752 ), #4273 ) ;
#737 = MECHANICAL_DESIGN_GEOMETRIC_PRESENTATION_REPRESENTATION (  '', ( #4453 ), #1358 ) ;
#738 =( NAMED_UNIT ( * ) SI_UNIT ( $, .STERADIAN. ) SOLID_ANGLE_UNIT ( ) );
#739 = ORIENTED_EDGE ( 'NONE', *, *, #1663, .T. ) ;
#740 = DIRECTION ( 'NONE',  ( 0.0000000000000000000, 0.0000000000000000000, 1.000000000000000000 ) ) ;
#741 = FILL_AREA_STYLE_COLOUR ( '', #1254 ) ;
#742 = PRESENTATION_STYLE_ASSIGNMENT (( #1852 ) ) ;
#743 = VECTOR ( 'NONE', #698, 1000.000000000000000 ) ;
#744 = EDGE_CURVE ( 'NONE', #1288, #2552, #2706, .T. ) ;
#745 = ORIENTED_EDGE ( 'NONE', *, *, #3454, .T. ) ;
#746 = LINE ( 'NONE', #1818, #2710 ) ;
#747 = CARTESIAN_POINT ( 'NONE',  ( 5.504925775900062500, 2.654782233662871700, -5.254782233662874400 ) ) ;
#748 = ADVANCED_FACE ( 'NONE', ( #4401 ), #904, .F. ) ;
#749 = CIRCLE ( 'NONE', #1922, 0.1123199999999999500 ) ;
#750 = FACE_OUTER_BOUND ( 'NONE', #2096, .T. ) ;
#751 = STYLED_ITEM ( 'NONE', ( #3707 ), #17 ) ;
#752 =( NAMED_UNIT ( * ) SI_UNIT ( $, .STERADIAN. ) SOLID_ANGLE_UNIT ( ) );
#753 = ADVANCED_FACE ( 'NONE', ( #2759 ), #3126, .T. ) ;
#754 = PRESENTATION_STYLE_ASSIGNMENT (( #630 ) ) ;
#755 =( LENGTH_UNIT ( ) NAMED_UNIT ( * ) SI_UNIT ( .MILLI., .METRE. ) );
#756 = SURFACE_STYLE_USAGE ( .BOTH. , #2912 ) ;
#757 = STYLED_ITEM ( 'NONE', ( #3680 ), #1192 ) ;
#758 = VERTEX_POINT ( 'NONE', #178 ) ;
#759 = ORIENTED_EDGE ( 'NONE', *, *, #4496, .T. ) ;
#760 = CARTESIAN_POINT ( 'NONE',  ( 3.142938774847502600, 2.692679999999999700, -3.868477828883045300 ) ) ;
#761 = AXIS2_PLACEMENT_3D ( 'NONE', #4670, #3640, #4305 ) ;
#762 = CYLINDRICAL_SURFACE ( 'NONE', #1412, 0.1123199999999999500 ) ;
#763 = ORIENTED_EDGE ( 'NONE', *, *, #1730, .F. ) ;
#764 = SURFACE_SIDE_STYLE ('',( #3485 ) ) ;
#765 = VERTEX_POINT ( 'NONE', #2658 ) ;
#766 = ADVANCED_FACE ( 'NONE', ( #3851 ), #3427, .F. ) ;
#767 = EDGE_CURVE ( 'NONE', #3653, #2454, #1744, .T. ) ;
#768 = AXIS2_PLACEMENT_3D ( 'NONE', #334, #365, #4322 ) ;
#769 = LINE ( 'NONE', #219, #283 ) ;
#770 = ADVANCED_FACE ( 'NONE', ( #1125 ), #2355, .F. ) ;
#771 = CARTESIAN_POINT ( 'NONE',  ( 6.100000000000000500, 0.0000000000000000000, 0.0000000000000000000 ) ) ;
#772 = ORIENTED_EDGE ( 'NONE', *, *, #2942, .T. ) ;
#773 = CARTESIAN_POINT ( 'NONE',  ( 2.500140458105373700, 2.692679999999999700, -2.421517818365376100 ) ) ;
#774 = EDGE_CURVE ( 'NONE', #1092, #3274, #3690, .T. ) ;
#775 = CARTESIAN_POINT ( 'NONE',  ( 5.499997222547647400, 0.1127816437192396100, -0.2128991596773438200 ) ) ;
#776 = ORIENTED_EDGE ( 'NONE', *, *, #2820, .F. ) ;
#777 = LINE ( 'NONE', #1762, #2062 ) ;
#778 = ORIENTED_EDGE ( 'NONE', *, *, #3476, .T. ) ;
#779 = CARTESIAN_POINT ( 'NONE',  ( 2.583844240417757300, 2.687679999999999800, -3.132491859809354300 ) ) ;
#780 = DIRECTION ( 'NONE',  ( -0.0000000000000000000, 1.000000000000000000, -0.0000000000000000000 ) ) ;
#781 = FILL_AREA_STYLE_COLOUR ( '', #3417 ) ;
#782 = ORIENTED_EDGE ( 'NONE', *, *, #4331, .F. ) ;
#783 = SURFACE_STYLE_USAGE ( .BOTH. , #2617 ) ;
#784 = CARTESIAN_POINT ( 'NONE',  ( 5.987680000000000100, 0.1123200000000000000, -5.287679999999999900 ) ) ;
#785 = STYLED_ITEM ( 'NONE', ( #2744 ), #1748 ) ;
#786 = ORIENTED_EDGE ( 'NONE', *, *, #4025, .F. ) ;
#787 = DIRECTION ( 'NONE',  ( -0.8958676361826827300, 0.0000000000000000000, -0.4443210308329466100 ) ) ;
#788 = SURFACE_STYLE_FILL_AREA ( #1480 ) ;
#789 = FILL_AREA_STYLE ('',( #3695 ) ) ;
#790 = CIRCLE ( 'NONE', #2836, 0.1123200000000000000 ) ;
#791 = B_SPLINE_CURVE_WITH_KNOTS ( 'NONE', 3,
 ( #3268, #3622, #4317, #695, #5, #3234, #3959, #48, #2864, #4332 ),
 .UNSPECIFIED., .F., .F.,
 ( 4, 3, 3, 4 ),
 ( 5.587850095852340600E-020, 3.737793887600895900E-005, 7.483306597328791500E-005, 8.800504568266578900E-005 ),
 .UNSPECIFIED. ) ;
#792 = ORIENTED_EDGE ( 'NONE', *, *, #4183, .T. ) ;
#793 = COLOUR_RGB ( '',0.7686274509803920900, 0.7686274509803920900, 0.7686274509803920900 ) ;
#794 = EDGE_CURVE ( 'NONE', #1289, #2385, #3670, .T. ) ;
#795 = AXIS2_PLACEMENT_3D ( 'NONE', #980, #4622, #4221 ) ;
#796 = VECTOR ( 'NONE', #4247, 1000.000000000000000 ) ;
#797 = DIRECTION ( 'NONE',  ( 1.000000000000000000, -0.0000000000000000000, 0.0000000000000000000 ) ) ;
#798 = DIRECTION ( 'NONE',  ( 0.0000000000000000000, 0.0000000000000000000, -1.000000000000000000 ) ) ;
#799 = CARTESIAN_POINT ( 'NONE',  ( 0.1123199999999999500, 0.0000000000000000000, -5.287679999999999900 ) ) ;
#800 = EDGE_CURVE ( 'NONE', #1333, #442, #3002, .T. ) ;
#801 = DIRECTION ( 'NONE',  ( -0.0000000000000000000, -1.000000000000000000, 0.0000000000000000000 ) ) ;
#802 = CARTESIAN_POINT ( 'NONE',  ( 6.100000000000000500, 2.687679999999999800, 0.0000000000000000000 ) ) ;
#803 = DIRECTION ( 'NONE',  ( 0.0000000000000000000, 0.0000000000000000000, 1.000000000000000000 ) ) ;
#804 = AXIS2_PLACEMENT_3D ( 'NONE', #4510, #1186, #3432 ) ;
#805 =( LENGTH_UNIT ( ) NAMED_UNIT ( * ) SI_UNIT ( .MILLI., .METRE. ) );
#806 = DIRECTION ( 'NONE',  ( 0.0000000000000000000, 0.0000000000000000000, -1.000000000000000000 ) ) ;
#807 = SPHERICAL_SURFACE ( 'NONE', #3086, 0.1123200000000000000 ) ;
#808 = CARTESIAN_POINT ( 'NONE',  ( 0.4876799999999999500, 2.687679999999999800, -5.400000000000000400 ) ) ;
#809 = PRESENTATION_LAYER_ASSIGNMENT (  '', '', ( #1462 ) ) ;
#810 = ORIENTED_EDGE ( 'NONE', *, *, #2513, .F. ) ;
#811 = EDGE_LOOP ( 'NONE', ( #2326, #710, #4336, #1227 ) ) ;
#812 = CARTESIAN_POINT ( 'NONE',  ( 2.653419977114756600, 2.692679999999999700, -4.467161305080550100 ) ) ;
#813 = DIRECTION ( 'NONE',  ( -0.0000000000000000000, 0.0000000000000000000, 1.000000000000000000 ) ) ;
#814 = CARTESIAN_POINT ( 'NONE',  ( 5.500000000000001800, 0.1123199999999999500, -0.1123199999999999500 ) ) ;
#815 = CARTESIAN_POINT ( 'NONE',  ( 2.651247545699367600, 2.692679999999999700, -1.937726998119464500 ) ) ;
#816 = ORIENTED_EDGE ( 'NONE', *, *, #4250, .T. ) ;
#817 =( GEOMETRIC_REPRESENTATION_CONTEXT ( 3 ) GLOBAL_UNCERTAINTY_ASSIGNED_CONTEXT ( ( #4568 ) ) GLOBAL_UNIT_ASSIGNED_CONTEXT ( ( #2480, #1757, #973 ) ) REPRESENTATION_CONTEXT ( 'NONE', 'WORKASPACE' ) );
#818 = CARTESIAN_POINT ( 'NONE',  ( 3.067283914678575800, 2.692679999999999700, -2.729064943576893700 ) ) ;
#819 = VECTOR ( 'NONE', #1704, 1000.000000000000000 ) ;
#820 = ORIENTED_EDGE ( 'NONE', *, *, #3863, .F. ) ;
#821 = DIRECTION ( 'NONE',  ( 0.0000000000000000000, 0.0000000000000000000, -1.000000000000000000 ) ) ;
#822 = EDGE_CURVE ( 'NONE', #75, #442, #249, .T. ) ;
#823 = CARTESIAN_POINT ( 'NONE',  ( 2.500140458105373700, 2.692679999999999700, -3.358530934435405100 ) ) ;
#824 = ORIENTED_EDGE ( 'NONE', *, *, #1304, .F. ) ;
#825 = DIRECTION ( 'NONE',  ( 0.0000000000000000000, -0.0000000000000000000, 1.000000000000000000 ) ) ;
#826 =( LENGTH_UNIT ( ) NAMED_UNIT ( * ) SI_UNIT ( .MILLI., .METRE. ) );
#827 = ORIENTED_EDGE ( 'NONE', *, *, #72, .F. ) ;
#828 =( NAMED_UNIT ( * ) PLANE_ANGLE_UNIT ( ) SI_UNIT ( $, .RADIAN. ) );
#829 = ORIENTED_EDGE ( 'NONE', *, *, #1500, .T. ) ;
#830 = CARTESIAN_POINT ( 'NONE',  ( 5.504925775900102500, 0.1452177663371261000, -5.254782233662872700 ) ) ;
#831 = DIRECTION ( 'NONE',  ( 0.0000000000000000000, 0.0000000000000000000, -1.000000000000000000 ) ) ;
#832 = VERTEX_POINT ( 'NONE', #1574 ) ;
#833 = AXIS2_PLACEMENT_3D ( 'NONE', #1884, #2254, #1160 ) ;
#834 = DIRECTION ( 'NONE',  ( 1.000000000000000000, 0.0000000000000000000, 0.0000000000000000000 ) ) ;
#835 = ORIENTED_EDGE ( 'NONE', *, *, #3119, .F. ) ;
#836 = VECTOR ( 'NONE', #2237, 1000.000000000000000 ) ;
#837 = PLANE ( 'NONE',  #288 ) ;
#838 = CARTESIAN_POINT ( 'NONE',  ( 5.500086068518855100, 2.615943630607955300, -0.1192533956990773400 ) ) ;
#839 = LINE ( 'NONE', #4577, #796 ) ;
#840 = AXIS2_PLACEMENT_3D ( 'NONE', #179, #2625, #1198 ) ;
#841 =( BOUNDED_CURVE ( )  B_SPLINE_CURVE ( 3, ( #1654, #2025, #2382, #1271 ),
 .UNSPECIFIED., .F., .T. ) 
 B_SPLINE_CURVE_WITH_KNOTS ( ( 4, 4 ),
 ( 4.712388980384689700, 5.009640341705899200 ),
 .UNSPECIFIED. ) 
 CURVE ( )  GEOMETRIC_REPRESENTATION_ITEM ( )  RATIONAL_B_SPLINE_CURVE ( ( 1.000000000000000000, 0.9926503465430336300, 0.9926503465430336300, 1.000000000000000000 ) ) 
 REPRESENTATION_ITEM ( '' )  );
#842 =( NAMED_UNIT ( * ) PLANE_ANGLE_UNIT ( ) SI_UNIT ( $, .RADIAN. ) );
#843 = SURFACE_STYLE_FILL_AREA ( #3467 ) ;
#844 = DIRECTION ( 'NONE',  ( 1.000000000000000000, -0.0000000000000000000, 0.0000000000000000000 ) ) ;
#845 = DIRECTION ( 'NONE',  ( 0.0000000000000000000, 0.0000000000000000000, 1.000000000000000000 ) ) ;
#846 = EDGE_CURVE ( 'NONE', #4431, #400, #1184, .T. ) ;
#847 = LINE ( 'NONE', #2394, #529 ) ;
#848 = FACE_OUTER_BOUND ( 'NONE', #1646, .T. ) ;
#849 = DIRECTION ( 'NONE',  ( -1.000000000000000000, 0.0000000000000000000, -0.0000000000000000000 ) ) ;
#850 = FACE_OUTER_BOUND ( 'NONE', #3340, .T. ) ;
#851 = EDGE_CURVE ( 'NONE', #2454, #4557, #2027, .T. ) ;
#852 = DIRECTION ( 'NONE',  ( -1.000000000000000000, 0.0000000000000000000, -0.0000000000000000000 ) ) ;
#853 = FACE_OUTER_BOUND ( 'NONE', #1087, .T. ) ;
#854 = CARTESIAN_POINT ( 'NONE',  ( 3.294000000000014700, 2.687679999999999800, -2.928558481708744700 ) ) ;
#855 = LINE ( 'NONE', #3738, #4200 ) ;
#856 = LINE ( 'NONE', #29, #2844 ) ;
#857 = CARTESIAN_POINT ( 'NONE',  ( 5.500000000000001800, 0.1123199999999999500, -5.287679999999999900 ) ) ;
#858 = CARTESIAN_POINT ( 'NONE',  ( 2.500140458105373700, 2.687679999999999800, -1.755858281729635300 ) ) ;
#859 = EDGE_LOOP ( 'NONE', ( #3654, #1842, #4274, #2234 ) ) ;
#860 = VERTEX_POINT ( 'NONE', #537 ) ;
#861 = CARTESIAN_POINT ( 'NONE',  ( -2.033509805128725000, 2.687679999999999000, 0.01221870379636692600 ) ) ;
#862 = CARTESIAN_POINT ( 'NONE',  ( 0.5950742240999387100, 0.1452177663371256000, -0.1452177663371265500 ) ) ;
#863 = ORIENTED_EDGE ( 'NONE', *, *, #2004, .F. ) ;
#864 = VERTEX_POINT ( 'NONE', #2370 ) ;
#865 = MECHANICAL_DESIGN_GEOMETRIC_PRESENTATION_REPRESENTATION (  '', ( #954 ), #3556 ) ;
#866 = ORIENTED_EDGE ( 'NONE', *, *, #3240, .T. ) ;
#867 = CARTESIAN_POINT ( 'NONE',  ( 5.612320000000041300, 0.1123200000000000000, 0.0000000000000000000 ) ) ;
#868 = CARTESIAN_POINT ( 'NONE',  ( 3.142938774847502600, 2.692679999999999700, -3.494785832608279500 ) ) ;
#869 =( LENGTH_UNIT ( ) NAMED_UNIT ( * ) SI_UNIT ( .MILLI., .METRE. ) );
#870 = AXIS2_PLACEMENT_3D ( 'NONE', #4644, #1385, #310 ) ;
#871 = ORIENTED_EDGE ( 'NONE', *, *, #1114, .T. ) ;
#872 = STYLED_ITEM ( 'NONE', ( #534 ), #2893 ) ;
#873 = CARTESIAN_POINT ( 'NONE',  ( 0.0000000000000000000, 2.687679999999999800, -5.400000000000000400 ) ) ;
#874 = ORIENTED_EDGE ( 'NONE', *, *, #3047, .T. ) ;
#875 = CARTESIAN_POINT ( 'NONE',  ( 0.5999999999999999800, 2.687679999999999800, -5.400000000000000400 ) ) ;
#876 = EDGE_CURVE ( 'NONE', #4312, #4614, #839, .T. ) ;
#877 =( NAMED_UNIT ( * ) SI_UNIT ( $, .STERADIAN. ) SOLID_ANGLE_UNIT ( ) );
#878 = SURFACE_STYLE_FILL_AREA ( #305 ) ;
#879 = ORIENTED_EDGE ( 'NONE', *, *, #906, .F. ) ;
#880 = CARTESIAN_POINT ( 'NONE',  ( 6.100000000000000500, 0.0000000000000000000, 0.0000000000000000000 ) ) ;
#881 = COLOUR_RGB ( '',0.7686274509803920900, 0.7686274509803920900, 0.7686274509803920900 ) ;
#882 = FILL_AREA_STYLE ('',( #4108 ) ) ;
#883 = CARTESIAN_POINT ( 'NONE',  ( 5.612320000000041300, 0.1123200000000000000, -0.1123199999999999900 ) ) ;
#884 = CARTESIAN_POINT ( 'NONE',  ( 0.5999691003102255400, 0.1155294750999378800, -5.204490789906624400 ) ) ;
#885 = EDGE_CURVE ( 'NONE', #3214, #2501, #2140, .T. ) ;
#886 = VERTEX_POINT ( 'NONE', #3508 ) ;
#887 = LINE ( 'NONE', #547, #4586 ) ;
#888 = CARTESIAN_POINT ( 'NONE',  ( 2.651274097639754900, 2.692679999999999700, -3.635940770522039200 ) ) ;
#889 = DIRECTION ( 'NONE',  ( 0.0000000000000000000, 0.0000000000000000000, 1.000000000000000000 ) ) ;
#890 = ORIENTED_EDGE ( 'NONE', *, *, #1340, .T. ) ;
#891 = SURFACE_STYLE_FILL_AREA ( #2266 ) ;
#892 = DIRECTION ( 'NONE',  ( 0.2763173343569854700, 0.0000000000000000000, -0.9610664548998939500 ) ) ;
#893 = MECHANICAL_DESIGN_GEOMETRIC_PRESENTATION_REPRESENTATION (  '', ( #1137 ), #50 ) ;
#894 = DIRECTION ( 'NONE',  ( 0.9280290862136694200, 0.0000000000000000000, -0.3725077383644825900 ) ) ;
#895 = ORIENTED_EDGE ( 'NONE', *, *, #2358, .T. ) ;
#896 = LINE ( 'NONE', #1738, #3463 ) ;
#897 = UNCERTAINTY_MEASURE_WITH_UNIT (LENGTH_MEASURE( 1.000000000000000100E-005 ), #869, 'distance_accuracy_value', 'NONE');
#898 = DIRECTION ( 'NONE',  ( 0.0000000000000000000, 0.0000000000000000000, 1.000000000000000000 ) ) ;
#899 =( NAMED_UNIT ( * ) PLANE_ANGLE_UNIT ( ) SI_UNIT ( $, .RADIAN. ) );
#900 =( NAMED_UNIT ( * ) SI_UNIT ( $, .STERADIAN. ) SOLID_ANGLE_UNIT ( ) );
#901 = EDGE_CURVE ( 'NONE', #864, #1741, #2476, .T. ) ;
#902 = PRESENTATION_LAYER_ASSIGNMENT (  '', '', ( #2599 ) ) ;
#903 = CARTESIAN_POINT ( 'NONE',  ( 2.798931846913856900, 2.687679999999999800, -3.592974904814171900 ) ) ;
#904 = PLANE ( 'NONE',  #3129 ) ;
#905 = CARTESIAN_POINT ( 'NONE',  ( 2.500140458105373700, 2.692679999999999700, -0.9031415054705247400 ) ) ;
#906 = EDGE_CURVE ( 'NONE', #1920, #3334, #86, .T. ) ;
#907 = MECHANICAL_DESIGN_GEOMETRIC_PRESENTATION_REPRESENTATION (  '', ( #2944 ), #3685 ) ;
#908 = VECTOR ( 'NONE', #1026, 1000.000000000000000 ) ;
#909 = DIRECTION ( 'NONE',  ( -0.0000000000000000000, 1.000000000000000000, -0.0000000000000000000 ) ) ;
#910 = DIRECTION ( 'NONE',  ( -1.000000000000000000, 0.0000000000000000000, 0.0000000000000000000 ) ) ;
#911 = FACE_OUTER_BOUND ( 'NONE', #2522, .T. ) ;
#912 = EDGE_CURVE ( 'NONE', #4608, #765, #137, .T. ) ;
#913 = FACE_OUTER_BOUND ( 'NONE', #945, .T. ) ;
#914 = CARTESIAN_POINT ( 'NONE',  ( 0.5999691003102256600, 2.684470524900062200, -0.1955092100933743500 ) ) ;
#915 = DIRECTION ( 'NONE',  ( 0.0000000000000000000, 1.000000000000000000, -0.0000000000000000000 ) ) ;
#916 = ORIENTED_EDGE ( 'NONE', *, *, #2482, .F. ) ;
#917 = FILL_AREA_STYLE_COLOUR ( '', #4497 ) ;
#918 = ORIENTED_EDGE ( 'NONE', *, *, #217, .T. ) ;
#919 = DIRECTION ( 'NONE',  ( 0.9610992334315861000, 0.0000000000000000000, 0.2762033010252008500 ) ) ;
#920 = VECTOR ( 'NONE', #3068, 1000.000000000000000 ) ;
#921 = CARTESIAN_POINT ( 'NONE',  ( 5.500942924539846700, 0.1288250177456471400, -5.235259863643322300 ) ) ;
#922 = FILL_AREA_STYLE_COLOUR ( '', #3147 ) ;
#923 = MECHANICAL_DESIGN_GEOMETRIC_PRESENTATION_REPRESENTATION (  '', ( #2988 ), #3484 ) ;
#924 = ORIENTED_EDGE ( 'NONE', *, *, #389, .T. ) ;
#925 = DIRECTION ( 'NONE',  ( 0.0000000000000000000, -1.000000000000000000, 0.0000000000000000000 ) ) ;
#926 = CYLINDRICAL_SURFACE ( 'NONE', #1933, 0.1123199999999999500 ) ;
#927 = ORIENTED_EDGE ( 'NONE', *, *, #2914, .F. ) ;
#928 = MECHANICAL_DESIGN_GEOMETRIC_PRESENTATION_REPRESENTATION (  '', ( #4676 ), #3705 ) ;
#929 = CARTESIAN_POINT ( 'NONE',  ( 5.612320000000001300, 2.687679999999999800, 0.0000000000000000000 ) ) ;
#930 = APPLICATION_PROTOCOL_DEFINITION ( 'draft international standard', 'automotive_design', 1998, #3101 ) ;
#931 = VECTOR ( 'NONE', #2126, 1000.000000000000000 ) ;
#932 = DIRECTION ( 'NONE',  ( 0.9610853065513848000, 0.0000000000000000000, 0.2762517575166370500 ) ) ;
#933 = ORIENTED_EDGE ( 'NONE', *, *, #4004, .F. ) ;
#934 = VECTOR ( 'NONE', #1807, 1000.000000000000000 ) ;
#935 = EDGE_CURVE ( 'NONE', #2528, #2415, #1682, .T. ) ;
#936 =( GEOMETRIC_REPRESENTATION_CONTEXT ( 3 ) GLOBAL_UNCERTAINTY_ASSIGNED_CONTEXT ( ( #3726 ) ) GLOBAL_UNIT_ASSIGNED_CONTEXT ( ( #2348, #3456, #900 ) ) REPRESENTATION_CONTEXT ( 'NONE', 'WORKASPACE' ) );
#937 = ORIENTED_EDGE ( 'NONE', *, *, #2977, .F. ) ;
#938 =( NAMED_UNIT ( * ) SI_UNIT ( $, .STERADIAN. ) SOLID_ANGLE_UNIT ( ) );
#939 = CARTESIAN_POINT ( 'NONE',  ( 0.5950742240999387100, 0.1452177663371256000, -0.1452177663371265500 ) ) ;
#940 = DIRECTION ( 'NONE',  ( 0.004650693823668812000, 0.0000000000000000000, -0.9999891854650021500 ) ) ;
#941 = VERTEX_POINT ( 'NONE', #1139 ) ;
#942 = EDGE_CURVE ( 'NONE', #3732, #3548, #3630, .T. ) ;
#943 = SURFACE_STYLE_USAGE ( .BOTH. , #4203 ) ;
#944 = DIRECTION ( 'NONE',  ( -0.0000000000000000000, -1.000000000000000000, 0.0000000000000000000 ) ) ;
#945 = EDGE_LOOP ( 'NONE', ( #916, #55, #4530 ) ) ;
#946 = CARTESIAN_POINT ( 'NONE',  ( 2.500140458105373700, 2.692679999999999700, -3.454171021088409300 ) ) ;
#947 = SURFACE_STYLE_FILL_AREA ( #3780 ) ;
#948 = CARTESIAN_POINT ( 'NONE',  ( 3.294000000000014700, 2.687679999999999800, -1.438848608204118500 ) ) ;
#949 = PRESENTATION_LAYER_ASSIGNMENT (  '', '', ( #1406 ) ) ;
#950 = ORIENTED_EDGE ( 'NONE', *, *, #935, .T. ) ;
#951 = VERTEX_POINT ( 'NONE', #331 ) ;
#952 = CARTESIAN_POINT ( 'NONE',  ( 2.500140458105373700, 2.687679999999999800, -3.358530934435405100 ) ) ;
#953 = LINE ( 'NONE', #2220, #1690 ) ;
#954 = STYLED_ITEM ( 'NONE', ( #4627 ), #1702 ) ;
#955 = CARTESIAN_POINT ( 'NONE',  ( 2.651274097639754900, 2.692679999999999700, -3.635940770522039200 ) ) ;
#956 =( NAMED_UNIT ( * ) PLANE_ANGLE_UNIT ( ) SI_UNIT ( $, .RADIAN. ) );
#957 = LINE ( 'NONE', #3790, #4014 ) ;
#958 = CARTESIAN_POINT ( 'NONE',  ( 0.5993285855785333000, 2.675417221427713900, -0.1736073159615773000 ) ) ;
#959 = CARTESIAN_POINT ( 'NONE',  ( 5.500008434677493300, 0.2071095243275074500, -5.286303520868486300 ) ) ;
#960 = AXIS2_PLACEMENT_3D ( 'NONE', #559, #3059, #3076 ) ;
#961 = AXIS2_PLACEMENT_3D ( 'NONE', #570, #1274, #3506 ) ;
#962 = LINE ( 'NONE', #3889, #1359 ) ;
#963 = LINE ( 'NONE', #4485, #2832 ) ;
#964 = EDGE_CURVE ( 'NONE', #3838, #951, #896, .T. ) ;
#965 = ORIENTED_EDGE ( 'NONE', *, *, #3541, .F. ) ;
#966 = ORIENTED_EDGE ( 'NONE', *, *, #507, .F. ) ;
#967 = AXIS2_PLACEMENT_3D ( 'NONE', #549, #580, #2735 ) ;
#968 = VECTOR ( 'NONE', #2502, 1000.000000000000000 ) ;
#969 = ORIENTED_EDGE ( 'NONE', *, *, #4496, .F. ) ;
#970 = VERTEX_POINT ( 'NONE', #4667 ) ;
#971 = DIRECTION ( 'NONE',  ( 1.000000000000000000, 0.0000000000000000000, -7.360257803776688000E-015 ) ) ;
#972 = SURFACE_STYLE_FILL_AREA ( #583 ) ;
#973 =( NAMED_UNIT ( * ) SI_UNIT ( $, .STERADIAN. ) SOLID_ANGLE_UNIT ( ) );
#974 = DIRECTION ( 'NONE',  ( -1.000000000000000000, -0.0000000000000000000, -0.0000000000000000000 ) ) ;
#975 = PRESENTATION_LAYER_ASSIGNMENT (  '', '', ( #4234 ) ) ;
#976 = UNCERTAINTY_MEASURE_WITH_UNIT (LENGTH_MEASURE( 1.000000000000000100E-005 ), #4392, 'distance_accuracy_value', 'NONE');
#977 = LINE ( 'NONE', #233, #2172 ) ;
#978 = EDGE_LOOP ( 'NONE', ( #1966, #820, #3768, #4495 ) ) ;
#979 = CARTESIAN_POINT ( 'NONE',  ( 3.294000000000014700, 2.687679999999999800, -2.382648192138503400 ) ) ;
#980 = CARTESIAN_POINT ( 'NONE',  ( 5.987680000000000100, 2.687679999999999800, -5.287679999999999900 ) ) ;
#981 =( LENGTH_UNIT ( ) NAMED_UNIT ( * ) SI_UNIT ( .MILLI., .METRE. ) );
#982 = CARTESIAN_POINT ( 'NONE',  ( 3.294000000000014700, 2.692679999999999700, -2.928558481708744700 ) ) ;
#983 = AXIS2_PLACEMENT_3D ( 'NONE', #4044, #85, #1138 ) ;
#984 = ORIENTED_EDGE ( 'NONE', *, *, #1246, .F. ) ;
#985 = MECHANICAL_DESIGN_GEOMETRIC_PRESENTATION_REPRESENTATION (  '', ( #3932 ), #4414 ) ;
#986 = DIRECTION ( 'NONE',  ( 0.0000000000000000000, 0.0000000000000000000, 1.000000000000000000 ) ) ;
#987 = DIRECTION ( 'NONE',  ( -0.9617234872620624700, 0.0000000000000000000, -0.2740217765953968900 ) ) ;
#988 = SURFACE_STYLE_USAGE ( .BOTH. , #3187 ) ;
#989 = ORIENTED_EDGE ( 'NONE', *, *, #3408, .T. ) ;
#990 = EDGE_CURVE ( 'NONE', #3271, #2548, #358, .T. ) ;
#991 = MECHANICAL_DESIGN_GEOMETRIC_PRESENTATION_REPRESENTATION (  '', ( #1332 ), #1909 ) ;
#992 = CARTESIAN_POINT ( 'NONE',  ( -2.033509805128725000, 2.692679999999998900, 0.01221870379636692600 ) ) ;
#993 = CARTESIAN_POINT ( 'NONE',  ( 0.5960158448510977100, 2.651708328011441300, -0.1421438606851709900 ) ) ;
#994 = ORIENTED_EDGE ( 'NONE', *, *, #4219, .F. ) ;
#995 = SURFACE_STYLE_FILL_AREA ( #2329 ) ;
#996 = CARTESIAN_POINT ( 'NONE',  ( 2.945662692118831100, 2.692679999999999700, -3.891737327869781100 ) ) ;
#997 = EDGE_CURVE ( 'NONE', #1720, #3884, #3804, .T. ) ;
#998 = VERTEX_POINT ( 'NONE', #2153 ) ;
#999 = CARTESIAN_POINT ( 'NONE',  ( 5.500000000000001800, 2.687679999999999800, -5.175360000000000400 ) ) ;
#1000 = LINE ( 'NONE', #69, #836 ) ;
#1001 = LINE ( 'NONE', #2962, #3954 ) ;
#1002 = CARTESIAN_POINT ( 'NONE',  ( 2.500140458105373700, 2.692679999999999700, -1.630775682670778900 ) ) ;
#1003 = ORIENTED_EDGE ( 'NONE', *, *, #1482, .T. ) ;
#1004 =( NAMED_UNIT ( * ) SI_UNIT ( $, .STERADIAN. ) SOLID_ANGLE_UNIT ( ) );
#1005 = FACE_OUTER_BOUND ( 'NONE', #2500, .T. ) ;
#1006 = DIRECTION ( 'NONE',  ( 0.0000000000000000000, 0.0000000000000000000, -1.000000000000000000 ) ) ;
#1007 = VECTOR ( 'NONE', #2319, 1000.000000000000000 ) ;
#1008 = LINE ( 'NONE', #955, #3693 ) ;
#1009 = CARTESIAN_POINT ( 'NONE',  ( 6.100000000000000500, 2.799999999999999800, 0.0000000000000000000 ) ) ;
#1010 = CARTESIAN_POINT ( 'NONE',  ( 0.5973702207239187700, 2.644959421310642900, -0.1364827373767546500 ) ) ;
#1011 = COLOUR_RGB ( '',0.7686274509803920900, 0.7686274509803920900, 0.7686274509803920900 ) ;
#1012 = CIRCLE ( 'NONE', #265, 0.1123199999999999500 ) ;
#1013 = CARTESIAN_POINT ( 'NONE',  ( 2.862955814443219900, 2.692679999999999700, -1.260178193614535300 ) ) ;
#1014 = MECHANICAL_DESIGN_GEOMETRIC_PRESENTATION_REPRESENTATION (  '', ( #785 ), #1202 ) ;
#1015 = CARTESIAN_POINT ( 'NONE',  ( 3.294000000000014700, 2.692679999999999700, -1.197303200920297100 ) ) ;
#1016 = VECTOR ( 'NONE', #1211, 1000.000000000000200 ) ;
#1017 = ADVANCED_FACE ( 'NONE', ( #4011 ), #301, .T. ) ;
#1018 = LINE ( 'NONE', #2206, #4543 ) ;
#1019 = FACE_OUTER_BOUND ( 'NONE', #612, .T. ) ;
#1020 = FACE_OUTER_BOUND ( 'NONE', #328, .T. ) ;
#1021 = SURFACE_SIDE_STYLE ('',( #9 ) ) ;
#1022 = DIRECTION ( 'NONE',  ( 0.0000000000000000000, 0.0000000000000000000, -1.000000000000000000 ) ) ;
#1023 = EDGE_CURVE ( 'NONE', #4638, #2390, #4180, .T. ) ;
#1024 = CARTESIAN_POINT ( 'NONE',  ( 5.987680000000000100, 2.687679999999999800, -0.1123199999999999900 ) ) ;
#1025 = STYLED_ITEM ( 'NONE', ( #557 ), #3917 ) ;
#1026 = DIRECTION ( 'NONE',  ( 0.0000000000000000000, 0.0000000000000000000, 1.000000000000000000 ) ) ;
#1027 = CARTESIAN_POINT ( 'NONE',  ( 5.987680000000000100, 2.687679999999999800, -5.400000000000000400 ) ) ;
#1028 = SURFACE_STYLE_USAGE ( .BOTH. , #1349 ) ;
#1029 = DIRECTION ( 'NONE',  ( -1.000000000000000000, -0.0000000000000000000, -0.0000000000000000000 ) ) ;
#1030 = EDGE_CURVE ( 'NONE', #84, #765, #3687, .T. ) ;
#1031 = ORIENTED_EDGE ( 'NONE', *, *, #36, .F. ) ;
#1032 = ORIENTED_EDGE ( 'NONE', *, *, #690, .T. ) ;
#1033 =( LENGTH_UNIT ( ) NAMED_UNIT ( * ) SI_UNIT ( .MILLI., .METRE. ) );
#1034 = PLANE ( 'NONE',  #3650 ) ;
#1035 = ORIENTED_EDGE ( 'NONE', *, *, #3013, .T. ) ;
#1036 = STYLED_ITEM ( 'NONE', ( #4418 ), #352 ) ;
#1037 = B_SPLINE_CURVE_WITH_KNOTS ( 'NONE', 3,
 ( #159, #3737, #483, #1224, #838, #3782, #2651, #1568, #4109, #1949 ),
 .UNSPECIFIED., .F., .F.,
 ( 4, 3, 3, 4 ),
 ( 0.0000000000000000000, 3.535348412143792400E-005, 7.052049924266540600E-005, 8.790586026857430500E-005 ),
 .UNSPECIFIED. ) ;
#1038 = CARTESIAN_POINT ( 'NONE',  ( 0.4876799999999998900, 0.1123200000000000000, 0.0000000000000000000 ) ) ;
#1039 = EDGE_LOOP ( 'NONE', ( #3366, #3872, #1504, #1032 ) ) ;
#1040 = UNCERTAINTY_MEASURE_WITH_UNIT (LENGTH_MEASURE( 1.000000000000000100E-005 ), #3446, 'distance_accuracy_value', 'NONE');
#1041 = ADVANCED_FACE ( 'NONE', ( #1856 ), #377, .F. ) ;
#1042 = ORIENTED_EDGE ( 'NONE', *, *, #4056, .F. ) ;
#1043 = DIRECTION ( 'NONE',  ( -0.8843386665637649200, 0.0000000000000000000, -0.4668459304955137600 ) ) ;
#1044 = CARTESIAN_POINT ( 'NONE',  ( 5.501654082231210600, 2.665462624527664000, -0.1345373754723350200 ) ) ;
#1045 = LINE ( 'NONE', #3584, #672 ) ;
#1046 = CARTESIAN_POINT ( 'NONE',  ( 5.500000000000000000, 0.2246399999999999000, -0.1123199999999982300 ) ) ;
#1047 = VERTEX_POINT ( 'NONE', #1027 ) ;
#1048 = LINE ( 'NONE', #4106, #123 ) ;
#1049 =( LENGTH_UNIT ( ) NAMED_UNIT ( * ) SI_UNIT ( .MILLI., .METRE. ) );
#1050 =( GEOMETRIC_REPRESENTATION_CONTEXT ( 3 ) GLOBAL_UNCERTAINTY_ASSIGNED_CONTEXT ( ( #1163 ) ) GLOBAL_UNIT_ASSIGNED_CONTEXT ( ( #1865, #2979, #2192 ) ) REPRESENTATION_CONTEXT ( 'NONE', 'WORKASPACE' ) );
#1051 = ORIENTED_EDGE ( 'NONE', *, *, #935, .F. ) ;
#1052 = CARTESIAN_POINT ( 'NONE',  ( 5.503984155148905300, 2.651708328011440400, -5.257856139314828400 ) ) ;
#1053 = DIRECTION ( 'NONE',  ( -0.9619530280415478100, 0.0000000000000000000, -0.2732148821746301900 ) ) ;
#1054 = DIRECTION ( 'NONE',  ( 0.0000000000000000000, -1.000000000000000000, 0.0000000000000000000 ) ) ;
#1055 = ORIENTED_EDGE ( 'NONE', *, *, #4130, .T. ) ;
#1056 = DIRECTION ( 'NONE',  ( -0.0000000000000000000, -1.000000000000000000, 0.0000000000000000000 ) ) ;
#1057 = EDGE_CURVE ( 'NONE', #3746, #4437, #790, .T. ) ;
#1058 = CIRCLE ( 'NONE', #1615, 0.1123200000000000000 ) ;
#1059 = SURFACE_STYLE_USAGE ( .BOTH. , #1758 ) ;
#1060 = ADVANCED_FACE ( 'NONE', ( #4346 ), #837, .T. ) ;
#1061 = ORIENTED_EDGE ( 'NONE', *, *, #2565, .F. ) ;
#1062 = VECTOR ( 'NONE', #3770, 1000.000000000000000 ) ;
#1063 = PRESENTATION_LAYER_ASSIGNMENT (  '', '', ( #3601 ) ) ;
#1064 = CARTESIAN_POINT ( 'NONE',  ( 2.798931846913856900, 2.692679999999999700, -3.592974904814171900 ) ) ;
#1065 = ADVANCED_FACE ( 'NONE', ( #3519 ), #1972, .T. ) ;
#1066 = CIRCLE ( 'NONE', #1847, 0.1123199999999999500 ) ;
#1067 = UNCERTAINTY_MEASURE_WITH_UNIT (LENGTH_MEASURE( 1.000000000000000100E-005 ), #2940, 'distance_accuracy_value', 'NONE');
#1068 = CARTESIAN_POINT ( 'NONE',  ( 5.612320000000041300, 0.0000000000000000000, -0.1123199999999999900 ) ) ;
#1069 = DIRECTION ( 'NONE',  ( 0.8843386665637649200, 0.0000000000000000000, 0.4668459304955137100 ) ) ;
#1070 = CARTESIAN_POINT ( 'NONE',  ( 0.6000027774523933900, 0.2128991596773416300, -0.1127816437192382100 ) ) ;
#1071 = LINE ( 'NONE', #1280, #3902 ) ;
#1072 = PRESENTATION_STYLE_ASSIGNMENT (( #1059 ) ) ;
#1073 = VECTOR ( 'NONE', #1043, 1000.000000000000200 ) ;
#1074 = MECHANICAL_DESIGN_GEOMETRIC_PRESENTATION_REPRESENTATION (  '', ( #671 ), #110 ) ;
#1075 = DIRECTION ( 'NONE',  ( 0.0000000000000000000, 0.0000000000000000000, 1.000000000000000000 ) ) ;
#1076 = SURFACE_STYLE_FILL_AREA ( #3450 ) ;
#1077 = DIRECTION ( 'NONE',  ( 0.0000000000000000000, 0.0000000000000000000, -1.000000000000000000 ) ) ;
#1078 = CARTESIAN_POINT ( 'NONE',  ( 5.612320000000001300, 2.687679999999999800, -5.287679999999999900 ) ) ;
#1079 = LINE ( 'NONE', #1834, #1989 ) ;
#1080 = MECHANICAL_DESIGN_GEOMETRIC_PRESENTATION_REPRESENTATION (  '', ( #2872 ), #2621 ) ;
#1081 = LINE ( 'NONE', #3339, #3480 ) ;
#1082 = LINE ( 'NONE', #413, #3870 ) ;
#1083 = CARTESIAN_POINT ( 'NONE',  ( 2.653419977114756600, 2.692679999999999700, -4.467161305080550100 ) ) ;
#1084 = ORIENTED_EDGE ( 'NONE', *, *, #243, .F. ) ;
#1085 = FILL_AREA_STYLE_COLOUR ( '', #881 ) ;
#1086 = EDGE_CURVE ( 'NONE', #2525, #1288, #1290, .T. ) ;
#1087 = EDGE_LOOP ( 'NONE', ( #3615, #1055, #3428, #4575, #4360, #4490, #1820, #1498, #3051, #71, #45, #304, #4340, #3157, #2821, #3900, #4270, #2959, #2112, #1101, #3029, #1532, #1666 ) ) ;
#1088 = DIRECTION ( 'NONE',  ( -0.2793947940814875400, 0.0000000000000000000, 0.9601763114346048000 ) ) ;
#1089 = AXIS2_PLACEMENT_3D ( 'NONE', #3929, #2239, #2560 ) ;
#1090 = PLANE ( 'NONE',  #3346 ) ;
#1091 = VECTOR ( 'NONE', #707, 1000.000000000000000 ) ;
#1092 = VERTEX_POINT ( 'NONE', #3388 ) ;
#1093 = ADVANCED_FACE ( 'NONE', ( #83 ), #412, .T. ) ;
#1094 = ORIENTED_EDGE ( 'NONE', *, *, #367, .T. ) ;
#1095 = CARTESIAN_POINT ( 'NONE',  ( 5.612320000000043100, -7.531961758941410900E-015, -5.287679999999999900 ) ) ;
#1096 = EDGE_CURVE ( 'NONE', #4209, #2816, #1001, .T. ) ;
#1097 = LINE ( 'NONE', #2214, #3435 ) ;
#1098 = ORIENTED_EDGE ( 'NONE', *, *, #573, .T. ) ;
#1099 = PLANE ( 'NONE',  #3792 ) ;
#1100 = CARTESIAN_POINT ( 'NONE',  ( 5.500000000000000000, 0.2246399999999999000, -5.287679999999999900 ) ) ;
#1101 = ORIENTED_EDGE ( 'NONE', *, *, #4056, .T. ) ;
#1102 = LINE ( 'NONE', #946, #2976 ) ;
#1103 = DIRECTION ( 'NONE',  ( 1.000000000000000000, -0.0000000000000000000, -0.0000000000000000000 ) ) ;
#1104 = FILL_AREA_STYLE ('',( #4013 ) ) ;
#1105 = MANIFOLD_SOLID_BREP ( 'Scale1[2]', #3890 ) ;
#1106 = ORIENTED_EDGE ( 'NONE', *, *, #1455, .T. ) ;
#1107 = FACE_OUTER_BOUND ( 'NONE', #1241, .T. ) ;
#1108 = DIRECTION ( 'NONE',  ( -0.9601763114327565000, 0.0000000000000000000, -0.2793947940878394000 ) ) ;
#1109 = ORIENTED_EDGE ( 'NONE', *, *, #2148, .T. ) ;
#1110 = PRESENTATION_LAYER_ASSIGNMENT (  '', '', ( #785 ) ) ;
#1111 = LINE ( 'NONE', #2435, #461 ) ;
#1112 = DIRECTION ( 'NONE',  ( 1.000000000000000000, -0.0000000000000000000, 0.0000000000000000000 ) ) ;
#1113 = ORIENTED_EDGE ( 'NONE', *, *, #1814, .T. ) ;
#1114 = EDGE_CURVE ( 'NONE', #2784, #2997, #2877, .T. ) ;
#1115 = ADVANCED_FACE ( 'NONE', ( #3791 ), #2591, .F. ) ;
#1116 = CYLINDRICAL_SURFACE ( 'NONE', #2275, 0.1123199999999999500 ) ;
#1117 = STYLED_ITEM ( 'NONE', ( #3359 ), #3967 ) ;
#1118 = MECHANICAL_DESIGN_GEOMETRIC_PRESENTATION_REPRESENTATION (  '', ( #1934 ), #4617 ) ;
#1119 = ORIENTED_EDGE ( 'NONE', *, *, #280, .T. ) ;
#1120 = CARTESIAN_POINT ( 'NONE',  ( 2.838672858876865500, 2.692679999999999700, -1.032140482724699600 ) ) ;
#1121 =( NAMED_UNIT ( * ) PLANE_ANGLE_UNIT ( ) SI_UNIT ( $, .RADIAN. ) );
#1122 = EDGE_CURVE ( 'NONE', #951, #4162, #4113, .T. ) ;
#1123 = EDGE_LOOP ( 'NONE', ( #176, #3226, #2478, #2471, #3293, #2295 ) ) ;
#1124 = PLANE ( 'NONE',  #983 ) ;
#1125 = FACE_OUTER_BOUND ( 'NONE', #3919, .T. ) ;
#1126 = CARTESIAN_POINT ( 'NONE',  ( 2.500140458105373700, 2.692679999999999700, -3.010349538618765800 ) ) ;
#1127 = VECTOR ( 'NONE', #604, 1000.000000000000000 ) ;
#1128 = SURFACE_STYLE_FILL_AREA ( #2608 ) ;
#1129 = CARTESIAN_POINT ( 'NONE',  ( 5.500000000000041700, 0.1123199999999999500, -0.2187785217711350800 ) ) ;
#1130 = EDGE_CURVE ( 'NONE', #3668, #2784, #1058, .T. ) ;
#1131 = UNCERTAINTY_MEASURE_WITH_UNIT (LENGTH_MEASURE( 1.000000000000000100E-005 ), #3085, 'distance_accuracy_value', 'NONE');
#1132 = SURFACE_SIDE_STYLE ('',( #1935 ) ) ;
#1133 = ADVANCED_FACE ( 'NONE', ( #2995 ), #1116, .T. ) ;
#1134 = SURFACE_SIDE_STYLE ('',( #317 ) ) ;
#1135 = DIRECTION ( 'NONE',  ( 0.0000000000000000000, 0.0000000000000000000, -1.000000000000000000 ) ) ;
#1136 = COLOUR_RGB ( '',0.7686274509803920900, 0.7686274509803920900, 0.7686274509803920900 ) ;
#1137 = STYLED_ITEM ( 'NONE', ( #3181 ), #1017 ) ;
#1138 = DIRECTION ( 'NONE',  ( -0.9610348236706638400, 0.0000000000000000000, -0.2764273280489756300 ) ) ;
#1139 = CARTESIAN_POINT ( 'NONE',  ( 2.798931846913856900, 2.692679999999999700, -3.933655598874454800 ) ) ;
#1140 =( NAMED_UNIT ( * ) SI_UNIT ( $, .STERADIAN. ) SOLID_ANGLE_UNIT ( ) );
#1141 = CARTESIAN_POINT ( 'NONE',  ( 0.1123199999999999500, 0.1123200000000000000, -5.287679999999999900 ) ) ;
#1142 = ORIENTED_EDGE ( 'NONE', *, *, #1188, .T. ) ;
#1143 =( LENGTH_UNIT ( ) NAMED_UNIT ( * ) SI_UNIT ( .MILLI., .METRE. ) );
#1144 = EDGE_CURVE ( 'NONE', #2447, #47, #887, .T. ) ;
#1145 = STYLED_ITEM ( 'NONE', ( #509 ), #3201 ) ;
#1146 = AXIS2_PLACEMENT_3D ( 'NONE', #2113, #4664, #2475 ) ;
#1147 = PRESENTATION_STYLE_ASSIGNMENT (( #3631 ) ) ;
#1148 = VERTEX_POINT ( 'NONE', #200 ) ;
#1149 =( LENGTH_UNIT ( ) NAMED_UNIT ( * ) SI_UNIT ( .MILLI., .METRE. ) );
#1150 = VERTEX_POINT ( 'NONE', #3065 ) ;
#1151 = LINE ( 'NONE', #90, #218 ) ;
#1152 =( NAMED_UNIT ( * ) SI_UNIT ( $, .STERADIAN. ) SOLID_ANGLE_UNIT ( ) );
#1153 = EDGE_CURVE ( 'NONE', #998, #587, #4636, .T. ) ;
#1154 = FILL_AREA_STYLE_COLOUR ( '', #3969 ) ;
#1155 = STYLED_ITEM ( 'NONE', ( #1072 ), #4402 ) ;
#1156 = ORIENTED_EDGE ( 'NONE', *, *, #124, .T. ) ;
#1157 = LINE ( 'NONE', #1002, #819 ) ;
#1158 = DIRECTION ( 'NONE',  ( 0.0000000000000000000, 1.000000000000000000, 0.0000000000000000000 ) ) ;
#1159 = ORIENTED_EDGE ( 'NONE', *, *, #2261, .F. ) ;
#1160 = DIRECTION ( 'NONE',  ( 1.000000000000000000, 0.0000000000000000000, 0.0000000000000000000 ) ) ;
#1161 = FILL_AREA_STYLE ('',( #1569 ) ) ;
#1162 = EDGE_CURVE ( 'NONE', #278, #3502, #1617, .T. ) ;
#1163 = UNCERTAINTY_MEASURE_WITH_UNIT (LENGTH_MEASURE( 1.000000000000000100E-005 ), #1865, 'distance_accuracy_value', 'NONE');
#1164 = DIRECTION ( 'NONE',  ( 0.0000000000000000000, 0.0000000000000000000, 1.000000000000000000 ) ) ;
#1165 = DIRECTION ( 'NONE',  ( -1.000000000000000000, -1.544447539153140800E-014, 0.0000000000000000000 ) ) ;
#1166 = EDGE_LOOP ( 'NONE', ( #4498, #3150, #3496, #397 ) ) ;
#1167 = VECTOR ( 'NONE', #3516, 1000.000000000000000 ) ;
#1168 = DIRECTION ( 'NONE',  ( 1.000000000000000000, 0.0000000000000000000, 0.0000000000000000000 ) ) ;
#1169 = ORIENTED_EDGE ( 'NONE', *, *, #543, .T. ) ;
#1170 = PLANE ( 'NONE',  #2814 ) ;
#1171 = MECHANICAL_DESIGN_GEOMETRIC_PRESENTATION_REPRESENTATION (  '', ( #3393 ), #3160 ) ;
#1172 = DIRECTION ( 'NONE',  ( 1.000000000000000000, 0.0000000000000000000, 0.0000000000000000000 ) ) ;
#1173 = ORIENTED_EDGE ( 'NONE', *, *, #3509, .T. ) ;
#1174 = CYLINDRICAL_SURFACE ( 'NONE', #2929, 0.1123200000000000000 ) ;
#1175 = SURFACE_STYLE_USAGE ( .BOTH. , #4073 ) ;
#1176 =( NAMED_UNIT ( * ) SI_UNIT ( $, .STERADIAN. ) SOLID_ANGLE_UNIT ( ) );
#1177 = ORIENTED_EDGE ( 'NONE', *, *, #1096, .F. ) ;
#1178 = SURFACE_STYLE_USAGE ( .BOTH. , #2422 ) ;
#1179 = PLANE ( 'NONE',  #2018 ) ;
#1180 = CARTESIAN_POINT ( 'NONE',  ( 2.653437232311451700, 2.687679999999999800, -4.684512721529441300 ) ) ;
#1181 = ORIENTED_EDGE ( 'NONE', *, *, #151, .F. ) ;
#1182 = LINE ( 'NONE', #531, #2705 ) ;
#1183 = EDGE_CURVE ( 'NONE', #1293, #505, #3625, .T. ) ;
#1184 = LINE ( 'NONE', #858, #2593 ) ;
#1185 =( LENGTH_UNIT ( ) NAMED_UNIT ( * ) SI_UNIT ( .MILLI., .METRE. ) );
#1186 = DIRECTION ( 'NONE',  ( -1.000000000000000000, -0.0000000000000000000, -0.0000000000000000000 ) ) ;
#1187 = ORIENTED_EDGE ( 'NONE', *, *, #1388, .T. ) ;
#1188 = EDGE_CURVE ( 'NONE', #1148, #3838, #3896, .T. ) ;
#1189 = VECTOR ( 'NONE', #2665, 1000.000000000000200 ) ;
#1190 = VECTOR ( 'NONE', #4633, 1000.000000000000000 ) ;
#1191 = FACE_OUTER_BOUND ( 'NONE', #1769, .T. ) ;
#1192 = MANIFOLD_SOLID_BREP ( 'Fillet3', #3551 ) ;
#1193 = CARTESIAN_POINT ( 'NONE',  ( 0.5973702207239183200, 0.1364827373767554800, -0.1550405786893558100 ) ) ;
#1194 = COLOUR_RGB ( '',0.6470588235294118000, 0.5176470588235293500, 0.0000000000000000000 ) ;
#1195 = FACE_OUTER_BOUND ( 'NONE', #2916, .T. ) ;
#1196 = AXIS2_PLACEMENT_3D ( 'NONE', #3775, #1975, #834 ) ;
#1197 = LINE ( 'NONE', #2003, #2157 ) ;
#1198 = DIRECTION ( 'NONE',  ( -1.000000000000000000, 0.0000000000000000000, 0.0000000000000000000 ) ) ;
#1199 = VECTOR ( 'NONE', #4470, 1000.000000000000000 ) ;
#1200 = CARTESIAN_POINT ( 'NONE',  ( 5.987680000000000100, 0.0000000000000000000, -0.1123199999999999900 ) ) ;
#1201 = PLANE ( 'NONE',  #2638 ) ;
#1202 =( GEOMETRIC_REPRESENTATION_CONTEXT ( 3 ) GLOBAL_UNCERTAINTY_ASSIGNED_CONTEXT ( ( #517 ) ) GLOBAL_UNIT_ASSIGNED_CONTEXT ( ( #4352, #1466, #4006 ) ) REPRESENTATION_CONTEXT ( 'NONE', 'WORKASPACE' ) );
#1203 = VERTEX_POINT ( 'NONE', #3781 ) ;
#1204 = ORIENTED_EDGE ( 'NONE', *, *, #538, .F. ) ;
#1205 = CARTESIAN_POINT ( 'NONE',  ( 0.5999999999999999800, 0.1123199999999999500, -0.2246399999999999000 ) ) ;
#1206 = FILL_AREA_STYLE_COLOUR ( '', #3405 ) ;
#1207 = ORIENTED_EDGE ( 'NONE', *, *, #1396, .T. ) ;
#1208 = DIRECTION ( 'NONE',  ( -0.0000000000000000000, -1.000000000000000000, 0.0000000000000000000 ) ) ;
#1209 = ORIENTED_EDGE ( 'NONE', *, *, #1845, .F. ) ;
#1210 = MECHANICAL_DESIGN_GEOMETRIC_PRESENTATION_REPRESENTATION (  '', ( #533 ), #677 ) ;
#1211 = DIRECTION ( 'NONE',  ( 0.9610029908221285900, 0.0000000000000000000, 0.2765379750249932200 ) ) ;
#1212 = CARTESIAN_POINT ( 'NONE',  ( 5.502629779276125200, 0.1364827373767627500, -5.244959421310651800 ) ) ;
#1213 = LINE ( 'NONE', #1083, #1656 ) ;
#1214 = ORIENTED_EDGE ( 'NONE', *, *, #2540, .T. ) ;
#1215 = PLANE ( 'NONE',  #3316 ) ;
#1216 = EDGE_CURVE ( 'NONE', #442, #1150, #1796, .T. ) ;
#1217 = CARTESIAN_POINT ( 'NONE',  ( 0.5975689629372267200, 2.646638199231572000, -5.262926268094173700 ) ) ;
#1218 = ORIENTED_EDGE ( 'NONE', *, *, #1482, .F. ) ;
#1219 = DIRECTION ( 'NONE',  ( -1.000000000000000000, -0.0000000000000000000, 0.0000000000000000000 ) ) ;
#1220 = VECTOR ( 'NONE', #144, 1000.000000000000000 ) ;
#1221 = UNCERTAINTY_MEASURE_WITH_UNIT (LENGTH_MEASURE( 1.000000000000000100E-005 ), #324, 'distance_accuracy_value', 'NONE');
#1222 = CARTESIAN_POINT ( 'NONE',  ( 6.100000000000000500, 2.799999999999999800, -0.1123199999999999900 ) ) ;
#1223 =( NAMED_UNIT ( * ) SI_UNIT ( $, .STERADIAN. ) SOLID_ANGLE_UNIT ( ) );
#1224 = CARTESIAN_POINT ( 'NONE',  ( 5.500671414421469200, 2.626392684038423300, -0.1245827785722855600 ) ) ;
#1225 = VERTEX_POINT ( 'NONE', #1297 ) ;
#1226 = LINE ( 'NONE', #2926, #1959 ) ;
#1227 = ORIENTED_EDGE ( 'NONE', *, *, #2851, .T. ) ;
#1228 = DIRECTION ( 'NONE',  ( 0.0000000000000000000, 0.0000000000000000000, -1.000000000000000000 ) ) ;
#1229 = DIRECTION ( 'NONE',  ( -0.2762437428917280900, 0.0000000000000000000, 0.9610876102172833900 ) ) ;
#1230 = DIRECTION ( 'NONE',  ( -0.0000000000000000000, -1.000000000000000000, 0.0000000000000000000 ) ) ;
#1231 = DIRECTION ( 'NONE',  ( 0.0000000000000000000, -1.000000000000000000, 0.0000000000000000000 ) ) ;
#1232 = ORIENTED_EDGE ( 'NONE', *, *, #3509, .F. ) ;
#1233 = MECHANICAL_DESIGN_GEOMETRIC_PRESENTATION_REPRESENTATION (  '', ( #4234 ), #1710 ) ;
#1234 = FILL_AREA_STYLE ('',( #2235 ) ) ;
#1235 = ORIENTED_EDGE ( 'NONE', *, *, #3145, .F. ) ;
#1236 = CARTESIAN_POINT ( 'NONE',  ( 5.987680000000000100, 0.1123200000000000000, -5.400000000000000400 ) ) ;
#1237 = DIRECTION ( 'NONE',  ( -0.7145695586381776200, 0.0000000000000000000, 0.6995643972270460000 ) ) ;
#1238 = CARTESIAN_POINT ( 'NONE',  ( 2.500140458105373700, 2.687679999999999800, -1.369523908665738700 ) ) ;
#1239 = PRESENTATION_LAYER_ASSIGNMENT (  '', '', ( #3262 ) ) ;
#1240 = STYLED_ITEM ( 'NONE', ( #2850 ), #1919 ) ;
#1241 = EDGE_LOOP ( 'NONE', ( #3543, #2339, #782, #1833 ) ) ;
#1242 = VECTOR ( 'NONE', #3751, 1000.000000000000000 ) ;
#1243 = CIRCLE ( 'NONE', #2078, 0.1123199999999999500 ) ;
#1244 = DIRECTION ( 'NONE',  ( 0.0000000000000000000, 0.0000000000000000000, 1.000000000000000000 ) ) ;
#1245 = SURFACE_SIDE_STYLE ('',( #2160 ) ) ;
#1246 = EDGE_CURVE ( 'NONE', #3709, #998, #3400, .T. ) ;
#1247 = STYLED_ITEM ( 'NONE', ( #252 ), #4549 ) ;
#1248 = LINE ( 'NONE', #590, #2430 ) ;
#1249 = FACE_OUTER_BOUND ( 'NONE', #3313, .T. ) ;
#1250 = CARTESIAN_POINT ( 'NONE',  ( 5.987680000000000100, 0.0000000000000000000, -5.287679999999999900 ) ) ;
#1251 = EDGE_CURVE ( 'NONE', #2248, #278, #3291, .T. ) ;
#1252 = CARTESIAN_POINT ( 'NONE',  ( 0.1123200000000000000, 0.1123200000000000000, -5.287679999999999900 ) ) ;
#1253 =( NAMED_UNIT ( * ) SI_UNIT ( $, .STERADIAN. ) SOLID_ANGLE_UNIT ( ) );
#1254 = COLOUR_RGB ( '',0.7686274509803920900, 0.7686274509803920900, 0.7686274509803920900 ) ;
#1255 = CIRCLE ( 'NONE', #648, 0.1123199999999999500 ) ;
#1256 = VECTOR ( 'NONE', #647, 1000.000000000000000 ) ;
#1257 = CARTESIAN_POINT ( 'NONE',  ( 2.500140458105373700, 2.692679999999999700, -2.342335107203581800 ) ) ;
#1258 =( NAMED_UNIT ( * ) PLANE_ANGLE_UNIT ( ) SI_UNIT ( $, .RADIAN. ) );
#1259 = DIRECTION ( 'NONE',  ( 0.0000000000000000000, 1.000000000000000000, 0.0000000000000000000 ) ) ;
#1260 = ORIENTED_EDGE ( 'NONE', *, *, #4183, .F. ) ;
#1261 = PRESENTATION_STYLE_ASSIGNMENT (( #4678 ) ) ;
#1262 = CARTESIAN_POINT ( 'NONE',  ( 5.500000000000000000, 0.0000000000000000000, -5.287679999999999900 ) ) ;
#1263 =( LENGTH_UNIT ( ) NAMED_UNIT ( * ) SI_UNIT ( .MILLI., .METRE. ) );
#1264 = VERTEX_POINT ( 'NONE', #3482 ) ;
#1265 = ORIENTED_EDGE ( 'NONE', *, *, #4359, .T. ) ;
#1266 = ADVANCED_FACE ( 'NONE', ( #1346 ), #4514, .F. ) ;
#1267 = CARTESIAN_POINT ( 'NONE',  ( 6.100000000000000500, 0.0000000000000000000, -0.1123199999999999900 ) ) ;
#1268 = VERTEX_POINT ( 'NONE', #2347 ) ;
#1269 =( NAMED_UNIT ( * ) SI_UNIT ( $, .STERADIAN. ) SOLID_ANGLE_UNIT ( ) );
#1270 = SURFACE_STYLE_USAGE ( .BOTH. , #4195 ) ;
#1271 = CARTESIAN_POINT ( 'NONE',  ( 0.5950742240999387100, 2.654782233662874400, -5.254782233662871800 ) ) ;
#1272 = EDGE_CURVE ( 'NONE', #458, #75, #2870, .T. ) ;
#1273 = ORIENTED_EDGE ( 'NONE', *, *, #2812, .F. ) ;
#1274 = DIRECTION ( 'NONE',  ( -0.0000000000000000000, 0.0000000000000000000, 1.000000000000000000 ) ) ;
#1275 = DIRECTION ( 'NONE',  ( -1.000000000000000000, 0.0000000000000000000, 0.0000000000000000000 ) ) ;
#1276 = DIRECTION ( 'NONE',  ( 1.000000000000000000, 1.544447539153140800E-014, 0.0000000000000000000 ) ) ;
#1277 = VERTEX_POINT ( 'NONE', #2399 ) ;
#1278 = CARTESIAN_POINT ( 'NONE',  ( 2.798905294973047300, 2.687679999999999800, -2.235494930349867500 ) ) ;
#1279 = UNCERTAINTY_MEASURE_WITH_UNIT (LENGTH_MEASURE( 1.000000000000000100E-005 ), #4457, 'distance_accuracy_value', 'NONE');
#1280 = CARTESIAN_POINT ( 'NONE',  ( 2.862955814443219900, 2.692679999999999700, -1.260178193614535300 ) ) ;
#1281 = LINE ( 'NONE', #1013, #2285 ) ;
#1282 = VERTEX_POINT ( 'NONE', #264 ) ;
#1283 = FILL_AREA_STYLE_COLOUR ( '', #3663 ) ;
#1284 = FILL_AREA_STYLE_COLOUR ( '', #1450 ) ;
#1285 =( LENGTH_UNIT ( ) NAMED_UNIT ( * ) SI_UNIT ( .MILLI., .METRE. ) );
#1286 = CARTESIAN_POINT ( 'NONE',  ( 0.5950742240999388200, 0.1452177663371255200, -5.254782233662872700 ) ) ;
#1287 = AXIS2_PLACEMENT_3D ( 'NONE', #2412, #4607, #1341 ) ;
#1288 = VERTEX_POINT ( 'NONE', #2763 ) ;
#1289 = VERTEX_POINT ( 'NONE', #621 ) ;
#1290 = CIRCLE ( 'NONE', #833, 0.1123200000000000000 ) ;
#1291 = CARTESIAN_POINT ( 'NONE',  ( 0.6000000000000003100, 0.1234902608961257500, -5.276509739103874900 ) ) ;
#1292 = MECHANICAL_DESIGN_GEOMETRIC_PRESENTATION_REPRESENTATION (  '', ( #3820 ), #376 ) ;
#1293 = VERTEX_POINT ( 'NONE', #578 ) ;
#1294 = SURFACE_STYLE_FILL_AREA ( #2288 ) ;
#1295 = CARTESIAN_POINT ( 'NONE',  ( 0.5999139314811476900, 2.680746604300922300, -0.1840563693920449800 ) ) ;
#1296 = ORIENTED_EDGE ( 'NONE', *, *, #675, .T. ) ;
#1297 = CARTESIAN_POINT ( 'NONE',  ( 3.294000000000014700, 2.692679999999999700, -1.197303200920297100 ) ) ;
#1298 = DIRECTION ( 'NONE',  ( 0.0000000000000000000, 0.0000000000000000000, 1.000000000000000000 ) ) ;
#1299 = AXIS2_PLACEMENT_3D ( 'NONE', #3734, #1158, #3701 ) ;
#1300 = LINE ( 'NONE', #2653, #4594 ) ;
#1301 = CYLINDRICAL_SURFACE ( 'NONE', #4318, 0.1123199999999999500 ) ;
#1302 = SURFACE_STYLE_FILL_AREA ( #1997 ) ;
#1303 = CARTESIAN_POINT ( 'NONE',  ( 0.5950742240999387100, 2.654782233662873900, -0.1452177663371269100 ) ) ;
#1304 = EDGE_CURVE ( 'NONE', #2385, #2183, #378, .T. ) ;
#1305 = PRODUCT_DEFINITION ( 'UNKNOWN', '', #3887, #3003 ) ;
#1306 = VECTOR ( 'NONE', #2407, 1000.000000000000200 ) ;
#1307 = SURFACE_STYLE_FILL_AREA ( #2541 ) ;
#1308 = SURFACE_STYLE_FILL_AREA ( #3534 ) ;
#1309 = SPHERICAL_SURFACE ( 'NONE', #3883, 0.1123200000000000000 ) ;
#1310 = ADVANCED_FACE ( 'NONE', ( #2413 ), #1174, .T. ) ;
#1311 = EDGE_CURVE ( 'NONE', #10, #4059, #1111, .T. ) ;
#1312 = CARTESIAN_POINT ( 'NONE',  ( 5.500000000000042600, -9.266685234918225900E-015, -5.287679999999999900 ) ) ;
#1313 =( NAMED_UNIT ( * ) SI_UNIT ( $, .STERADIAN. ) SOLID_ANGLE_UNIT ( ) );
#1314 = COLOUR_RGB ( '',0.6470588235294118000, 0.5176470588235293500, 0.0000000000000000000 ) ;
#1315 = ORIENTED_EDGE ( 'NONE', *, *, #2232, .T. ) ;
#1316 = ORIENTED_EDGE ( 'NONE', *, *, #1696, .F. ) ;
#1317 = DIRECTION ( 'NONE',  ( 1.000000000000000000, 0.0000000000000000000, -0.0000000000000000000 ) ) ;
#1318 = PLANE ( 'NONE',  #3296 ) ;
#1319 = ORIENTED_EDGE ( 'NONE', *, *, #4394, .T. ) ;
#1320 = ORIENTED_EDGE ( 'NONE', *, *, #3295, .T. ) ;
#1321 = CARTESIAN_POINT ( 'NONE',  ( 5.612320000000001300, 2.687679999999999800, -0.1123200000000008200 ) ) ;
#1322 = LINE ( 'NONE', #2925, #3273 ) ;
#1323 = ORIENTED_EDGE ( 'NONE', *, *, #367, .F. ) ;
#1324 = AXIS2_PLACEMENT_3D ( 'NONE', #2289, #1168, #164 ) ;
#1325 = CARTESIAN_POINT ( 'NONE',  ( 0.5999915653225459400, 2.686303520868486700, -0.2071095243275095900 ) ) ;
#1326 = FILL_AREA_STYLE ('',( #2074 ) ) ;
#1327 = PRESENTATION_STYLE_ASSIGNMENT (( #3867 ) ) ;
#1328 = DIRECTION ( 'NONE',  ( 0.0000000000000000000, 0.0000000000000000000, -1.000000000000000000 ) ) ;
#1329 = ORIENTED_EDGE ( 'NONE', *, *, #3175, .T. ) ;
#1330 = VECTOR ( 'NONE', #3287, 1000.000000000000000 ) ;
#1331 = EDGE_CURVE ( 'NONE', #941, #274, #4107, .T. ) ;
#1332 = STYLED_ITEM ( 'NONE', ( #2479 ), #4460 ) ;
#1333 = VERTEX_POINT ( 'NONE', #4599 ) ;
#1334 = DIRECTION ( 'NONE',  ( 0.0000000000000000000, 0.0000000000000000000, 1.000000000000000000 ) ) ;
#1335 = CARTESIAN_POINT ( 'NONE',  ( 0.4876799999999999500, 0.1123200000000000000, -5.287679999999999900 ) ) ;
#1336 = CARTESIAN_POINT ( 'NONE',  ( 3.294000000000014700, 2.687679999999999800, -4.056900046700764800 ) ) ;
#1337 = UNCERTAINTY_MEASURE_WITH_UNIT (LENGTH_MEASURE( 1.000000000000000100E-005 ), #826, 'distance_accuracy_value', 'NONE');
#1338 = DIRECTION ( 'NONE',  ( 1.000000000000000000, -0.0000000000000000000, -0.0000000000000000000 ) ) ;
#1339 = ORIENTED_EDGE ( 'NONE', *, *, #3778, .F. ) ;
#1340 = EDGE_CURVE ( 'NONE', #3709, #1282, #625, .T. ) ;
#1341 = DIRECTION ( 'NONE',  ( 0.9601763114327566100, 0.0000000000000000000, 0.2793947940878394000 ) ) ;
#1342 = VECTOR ( 'NONE', #987, 1000.000000000000100 ) ;
#1343 = EDGE_LOOP ( 'NONE', ( #4363, #4176, #4624, #1625 ) ) ;
#1344 = CARTESIAN_POINT ( 'NONE',  ( 5.504925775900062500, 2.654782233662871700, -5.254782233662874400 ) ) ;
#1345 =( NAMED_UNIT ( * ) SI_UNIT ( $, .STERADIAN. ) SOLID_ANGLE_UNIT ( ) );
#1346 = FACE_OUTER_BOUND ( 'NONE', #2276, .T. ) ;
#1347 = ORIENTED_EDGE ( 'NONE', *, *, #210, .T. ) ;
#1348 = FACE_OUTER_BOUND ( 'NONE', #1386, .T. ) ;
#1349 = SURFACE_SIDE_STYLE ('',( #3529 ) ) ;
#1350 = CARTESIAN_POINT ( 'NONE',  ( 0.5999999999999998700, 0.2246399999999999500, -0.1123199999999982300 ) ) ;
#1351 = SPHERICAL_SURFACE ( 'NONE', #2207, 0.1123200000000000000 ) ;
#1352 = CARTESIAN_POINT ( 'NONE',  ( 5.500000000000001800, 2.687679999999999400, -5.181221478228866100 ) ) ;
#1353 =( GEOMETRIC_REPRESENTATION_CONTEXT ( 3 ) GLOBAL_UNCERTAINTY_ASSIGNED_CONTEXT ( ( #4207 ) ) GLOBAL_UNIT_ASSIGNED_CONTEXT ( ( #1556, #2581, #2612 ) ) REPRESENTATION_CONTEXT ( 'NONE', 'WORKASPACE' ) );
#1354 = LINE ( 'NONE', #3239, #1633 ) ;
#1355 = DIRECTION ( 'NONE',  ( 0.9615454294334447900, 0.0000000000000000000, 0.2746459304917006600 ) ) ;
#1356 = EDGE_CURVE ( 'NONE', #2997, #1920, #3396, .T. ) ;
#1357 = STYLED_ITEM ( 'NONE', ( #1811 ), #4010 ) ;
#1358 =( GEOMETRIC_REPRESENTATION_CONTEXT ( 3 ) GLOBAL_UNCERTAINTY_ASSIGNED_CONTEXT ( ( #2874 ) ) GLOBAL_UNIT_ASSIGNED_CONTEXT ( ( #4035, #440, #2577 ) ) REPRESENTATION_CONTEXT ( 'NONE', 'WORKASPACE' ) );
#1359 = VECTOR ( 'NONE', #3862, 1000.000000000000000 ) ;
#1360 = B_SPLINE_CURVE_WITH_KNOTS ( 'NONE', 3,
 ( #3672, #439, #2948, #1492, #4034, #3703, #2226, #1586, #2255, #4074 ),
 .UNSPECIFIED., .F., .F.,
 ( 4, 3, 3, 4 ),
 ( 1.735570302229820800E-018, 3.737793887600303000E-005, 7.483306597327547400E-005, 8.800504568266154700E-005 ),
 .UNSPECIFIED. ) ;
#1361 = VECTOR ( 'NONE', #3072, 1000.000000000000000 ) ;
#1362 = EDGE_CURVE ( 'NONE', #505, #2390, #3999, .T. ) ;
#1363 = LINE ( 'NONE', #3439, #206 ) ;
#1364 = DIRECTION ( 'NONE',  ( 0.0000000000000000000, 0.0000000000000000000, -1.000000000000000000 ) ) ;
#1365 = FACE_OUTER_BOUND ( 'NONE', #730, .T. ) ;
#1366 = VERTEX_POINT ( 'NONE', #3533 ) ;
#1367 = CARTESIAN_POINT ( 'NONE',  ( 0.4876799999999999500, 0.1123200000000000000, -0.1123200000000000000 ) ) ;
#1368 = PRESENTATION_LAYER_ASSIGNMENT (  '', '', ( #751 ) ) ;
#1369 = VECTOR ( 'NONE', #1398, 1000.000000000000100 ) ;
#1370 = SURFACE_STYLE_USAGE ( .BOTH. , #1021 ) ;
#1371 = ORIENTED_EDGE ( 'NONE', *, *, #4276, .F. ) ;
#1372 = DIRECTION ( 'NONE',  ( -1.000000000000000000, 0.0000000000000000000, 0.0000000000000000000 ) ) ;
#1373 = ORIENTED_EDGE ( 'NONE', *, *, #327, .F. ) ;
#1374 = CARTESIAN_POINT ( 'NONE',  ( 0.5967686591984298100, 2.660786387578708600, -5.248418451054838800 ) ) ;
#1375 = SURFACE_STYLE_FILL_AREA ( #1984 ) ;
#1376 = CARTESIAN_POINT ( 'NONE',  ( 2.500140458105373700, 2.687679999999999800, -3.010349538618765800 ) ) ;
#1377 = VERTEX_POINT ( 'NONE', #609 ) ;
#1378 = ADVANCED_FACE ( 'NONE', ( #4456 ), #3336, .T. ) ;
#1379 = DIRECTION ( 'NONE',  ( 0.0000000000000000000, -0.0000000000000000000, -1.000000000000000000 ) ) ;
#1380 =( GEOMETRIC_REPRESENTATION_CONTEXT ( 3 ) GLOBAL_UNCERTAINTY_ASSIGNED_CONTEXT ( ( #2229 ) ) GLOBAL_UNIT_ASSIGNED_CONTEXT ( ( #3000, #128, #1552 ) ) REPRESENTATION_CONTEXT ( 'NONE', 'WORKASPACE' ) );
#1381 = ORIENTED_EDGE ( 'NONE', *, *, #2148, .F. ) ;
#1382 =( NAMED_UNIT ( * ) PLANE_ANGLE_UNIT ( ) SI_UNIT ( $, .RADIAN. ) );
#1383 = VERTEX_POINT ( 'NONE', #1403 ) ;
#1384 =( GEOMETRIC_REPRESENTATION_CONTEXT ( 3 ) GLOBAL_UNCERTAINTY_ASSIGNED_CONTEXT ( ( #3817 ) ) GLOBAL_UNIT_ASSIGNED_CONTEXT ( ( #4576, #255, #938 ) ) REPRESENTATION_CONTEXT ( 'NONE', 'WORKASPACE' ) );
#1385 = DIRECTION ( 'NONE',  ( -0.2763139702539095800, 0.0000000000000000000, 0.9610674221107079500 ) ) ;
#1386 = EDGE_LOOP ( 'NONE', ( #4293, #522, #2410, #778 ) ) ;
#1387 = DIRECTION ( 'NONE',  ( 0.7083077534944017800, 0.0000000000000000000, 0.7059037656364454100 ) ) ;
#1388 = EDGE_CURVE ( 'NONE', #1150, #112, #4338, .T. ) ;
#1389 = B_SPLINE_CURVE_WITH_KNOTS ( 'NONE', 3,
 ( #3869, #4615, #4268, #3856, #3205, #2460, #1669, #1374, #4585, #4229 ),
 .UNSPECIFIED., .F., .F.,
 ( 4, 3, 3, 4 ),
 ( 0.0000000000000000000, 3.737793887600253500E-005, 7.483306597327487800E-005, 8.800504568265941900E-005 ),
 .UNSPECIFIED. ) ;
#1390 = LINE ( 'NONE', #344, #1790 ) ;
#1391 = FILL_AREA_STYLE ('',( #4231 ) ) ;
#1392 = SURFACE_STYLE_USAGE ( .BOTH. , #4307 ) ;
#1393 = ADVANCED_FACE ( 'NONE', ( #2353 ), #4265, .F. ) ;
#1394 = ORIENTED_EDGE ( 'NONE', *, *, #4464, .F. ) ;
#1395 = CARTESIAN_POINT ( 'NONE',  ( 5.500671414421468300, 2.675417221427712100, -5.226392684038425600 ) ) ;
#1396 = EDGE_CURVE ( 'NONE', #1366, #4395, #2466, .T. ) ;
#1397 = ORIENTED_EDGE ( 'NONE', *, *, #3656, .F. ) ;
#1398 = DIRECTION ( 'NONE',  ( -0.9620200793798762100, 0.0000000000000000000, -0.2729786930695083400 ) ) ;
#1399 = ADVANCED_FACE ( 'NONE', ( #4174 ), #3591, .F. ) ;
#1400 = VECTOR ( 'NONE', #3909, 1000.000000000000100 ) ;
#1401 = CARTESIAN_POINT ( 'NONE',  ( 0.5999999999999999800, 2.687679999999999800, -0.2246400000000007800 ) ) ;
#1402 = EDGE_LOOP ( 'NONE', ( #1187, #763, #2143, #2750 ) ) ;
#1403 = CARTESIAN_POINT ( 'NONE',  ( 5.500000000000000000, 2.575359999999999000, -0.1123199999999982300 ) ) ;
#1404 = VECTOR ( 'NONE', #2310, 1000.000000000000000 ) ;
#1405 = PLANE ( 'NONE',  #445 ) ;
#1406 = STYLED_ITEM ( 'NONE', ( #595 ), #340 ) ;
#1407 = PLANE ( 'NONE',  #32 ) ;
#1408 = CIRCLE ( 'NONE', #4271, 0.1123200000000000000 ) ;
#1409 = CIRCLE ( 'NONE', #804, 0.1123199999999999500 ) ;
#1410 = COLOUR_RGB ( '',0.7686274509803920900, 0.7686274509803920900, 0.7686274509803920900 ) ;
#1411 = CARTESIAN_POINT ( 'NONE',  ( 5.500086068518853300, 2.680746604300920000, -5.215943630607958100 ) ) ;
#1412 = AXIS2_PLACEMENT_3D ( 'NONE', #3800, #4468, #3469 ) ;
#1413 = SURFACE_SIDE_STYLE ('',( #3212 ) ) ;
#1414 = VECTOR ( 'NONE', #1317, 1000.000000000000000 ) ;
#1415 = CIRCLE ( 'NONE', #1701, 0.1123199999999999500 ) ;
#1416 =( BOUNDED_CURVE ( )  B_SPLINE_CURVE ( 3, ( #2083, #2819, #2029, #3149 ),
 .UNSPECIFIED., .F., .T. ) 
 B_SPLINE_CURVE_WITH_KNOTS ( ( 4, 4 ),
 ( 4.712388980384678100, 5.009640341705888600 ),
 .UNSPECIFIED. ) 
 CURVE ( )  GEOMETRIC_REPRESENTATION_ITEM ( )  RATIONAL_B_SPLINE_CURVE ( ( 1.000000000000000000, 0.9926503465430336300, 0.9926503465430336300, 1.000000000000000000 ) ) 
 REPRESENTATION_ITEM ( '' )  );
#1417 = CARTESIAN_POINT ( 'NONE',  ( 2.500140458105373700, 2.692679999999999700, -1.369523908665738700 ) ) ;
#1418 = EDGE_CURVE ( 'NONE', #67, #860, #1390, .T. ) ;
#1419 = CARTESIAN_POINT ( 'NONE',  ( 0.4876799999999998900, 0.1123200000000000000, -5.287679999999999900 ) ) ;
#1420 = AXIS2_PLACEMENT_3D ( 'NONE', #784, #53, #1867 ) ;
#1421 = DIRECTION ( 'NONE',  ( -0.9615454294334449000, 0.0000000000000000000, -0.2746459304917006600 ) ) ;
#1422 = LINE ( 'NONE', #2298, #2663 ) ;
#1423 = ADVANCED_FACE ( 'NONE', ( #1904 ), #1612, .T. ) ;
#1424 = EDGE_CURVE ( 'NONE', #3548, #1592, #2986, .T. ) ;
#1425 = EDGE_LOOP ( 'NONE', ( #4446, #1394, #1614, #4525, #2224, #4508 ) ) ;
#1426 = ORIENTED_EDGE ( 'NONE', *, *, #1057, .F. ) ;
#1427 = ADVANCED_FACE ( 'NONE', ( #2462 ), #2521, .T. ) ;
#1428 = EDGE_LOOP ( 'NONE', ( #2613, #3061, #4279, #3491, #3154, #4494, #2635, #1543, #3153, #4028, #1316, #3678, #2624, #776, #786, #3486, #2026, #236, #1218, #3104, #1323, #392, #2383 ) ) ;
#1429 = ORIENTED_EDGE ( 'NONE', *, *, #2059, .T. ) ;
#1430 = AXIS2_PLACEMENT_3D ( 'NONE', #3416, #1941, #4445 ) ;
#1431 = SURFACE_SIDE_STYLE ('',( #2409 ) ) ;
#1432 =( LENGTH_UNIT ( ) NAMED_UNIT ( * ) SI_UNIT ( .MILLI., .METRE. ) );
#1433 = EDGE_LOOP ( 'NONE', ( #4286, #552, #3283, #1214 ) ) ;
#1434 = COLOUR_RGB ( '',0.7686274509803920900, 0.7686274509803920900, 0.7686274509803920900 ) ;
#1435 = VERTEX_POINT ( 'NONE', #1784 ) ;
#1436 = DIRECTION ( 'NONE',  ( -1.000000000000000000, 0.0000000000000000000, 0.0000000000000000000 ) ) ;
#1437 = AXIS2_PLACEMENT_3D ( 'NONE', #4021, #4365, #1855 ) ;
#1438 = CARTESIAN_POINT ( 'NONE',  ( 2.500140458105373700, 2.692679999999999700, -0.9031415054705247400 ) ) ;
#1439 = ORIENTED_EDGE ( 'NONE', *, *, #1023, .T. ) ;
#1440 = FACE_OUTER_BOUND ( 'NONE', #2782, .T. ) ;
#1441 = DIRECTION ( 'NONE',  ( -1.000000000000000000, 0.0000000000000000000, 0.0000000000000000000 ) ) ;
#1442 = ADVANCED_FACE ( 'NONE', ( #4170 ), #4335, .T. ) ;
#1443 = ORIENTED_EDGE ( 'NONE', *, *, #3772, .T. ) ;
#1444 = DIRECTION ( 'NONE',  ( -0.0000000000000000000, -1.000000000000000000, 0.0000000000000000000 ) ) ;
#1445 = CARTESIAN_POINT ( 'NONE',  ( 3.294000000000014700, 2.687679999999999800, -2.382648192138503400 ) ) ;
#1446 =( LENGTH_UNIT ( ) NAMED_UNIT ( * ) SI_UNIT ( .MILLI., .METRE. ) );
#1447 = COLOUR_RGB ( '',0.7686274509803920900, 0.7686274509803920900, 0.7686274509803920900 ) ;
#1448 = EDGE_LOOP ( 'NONE', ( #4040, #792, #1426 ) ) ;
#1449 = PRESENTATION_LAYER_ASSIGNMENT (  '', '', ( #2424 ) ) ;
#1450 = COLOUR_RGB ( '',0.7686274509803920900, 0.7686274509803920900, 0.7686274509803920900 ) ;
#1451 =( LENGTH_UNIT ( ) NAMED_UNIT ( * ) SI_UNIT ( .MILLI., .METRE. ) );
#1452 = ORIENTED_EDGE ( 'NONE', *, *, #942, .F. ) ;
#1453 = FACE_OUTER_BOUND ( 'NONE', #2909, .T. ) ;
#1454 = CARTESIAN_POINT ( 'NONE',  ( 5.987680000000000100, 0.1123200000000000000, 0.0000000000000000000 ) ) ;
#1455 = EDGE_CURVE ( 'NONE', #1282, #1288, #73, .T. ) ;
#1456 =( NAMED_UNIT ( * ) SI_UNIT ( $, .STERADIAN. ) SOLID_ANGLE_UNIT ( ) );
#1457 = ORIENTED_EDGE ( 'NONE', *, *, #1251, .T. ) ;
#1458 =( LENGTH_UNIT ( ) NAMED_UNIT ( * ) SI_UNIT ( .MILLI., .METRE. ) );
#1459 = CARTESIAN_POINT ( 'NONE',  ( 3.294000000000014700, 2.692679999999999700, -3.825613343307865800 ) ) ;
#1460 = VECTOR ( 'NONE', #244, 1000.000000000000000 ) ;
#1461 = LINE ( 'NONE', #333, #2433 ) ;
#1462 = STYLED_ITEM ( 'NONE', ( #3176 ), #1133 ) ;
#1463 = ADVANCED_FACE ( 'NONE', ( #3391 ), #3785, .T. ) ;
#1464 = DIRECTION ( 'NONE',  ( 0.0000000000000000000, 0.0000000000000000000, 1.000000000000000000 ) ) ;
#1465 = LINE ( 'NONE', #2058, #2949 ) ;
#1466 =( NAMED_UNIT ( * ) PLANE_ANGLE_UNIT ( ) SI_UNIT ( $, .RADIAN. ) );
#1467 = LINE ( 'NONE', #133, #1575 ) ;
#1468 =( GEOMETRIC_REPRESENTATION_CONTEXT ( 3 ) GLOBAL_UNCERTAINTY_ASSIGNED_CONTEXT ( ( #2810 ) ) GLOBAL_UNIT_ASSIGNED_CONTEXT ( ( #323, #1382, #3557 ) ) REPRESENTATION_CONTEXT ( 'NONE', 'WORKASPACE' ) );
#1469 = UNCERTAINTY_MEASURE_WITH_UNIT (LENGTH_MEASURE( 1.000000000000000100E-005 ), #2169, 'distance_accuracy_value', 'NONE');
#1470 = CARTESIAN_POINT ( 'NONE',  ( 2.500140458105373700, 2.687679999999999800, -2.421517818365376100 ) ) ;
#1471 = LINE ( 'NONE', #1988, #2839 ) ;
#1472 = DIRECTION ( 'NONE',  ( -1.000000000000000000, 0.0000000000000000000, 0.0000000000000000000 ) ) ;
#1473 = ORIENTED_EDGE ( 'NONE', *, *, #2104, .T. ) ;
#1474 = EDGE_CURVE ( 'NONE', #712, #2183, #2118, .T. ) ;
#1475 = EDGE_LOOP ( 'NONE', ( #623, #3518, #1578, #1490 ) ) ;
#1476 =( GEOMETRIC_REPRESENTATION_CONTEXT ( 3 ) GLOBAL_UNCERTAINTY_ASSIGNED_CONTEXT ( ( #2403 ) ) GLOBAL_UNIT_ASSIGNED_CONTEXT ( ( #2279, #3049, #4434 ) ) REPRESENTATION_CONTEXT ( 'NONE', 'WORKASPACE' ) );
#1477 = SURFACE_STYLE_FILL_AREA ( #3277 ) ;
#1478 = EDGE_LOOP ( 'NONE', ( #3241, #2704, #332, #489 ) ) ;
#1479 = ORIENTED_EDGE ( 'NONE', *, *, #1760, .F. ) ;
#1480 = FILL_AREA_STYLE ('',( #111 ) ) ;
#1481 = SURFACE_SIDE_STYLE ('',( #1515 ) ) ;
#1482 = EDGE_CURVE ( 'NONE', #4614, #1333, #4511, .T. ) ;
#1483 = ORIENTED_EDGE ( 'NONE', *, *, #3710, .F. ) ;
#1484 = FILL_AREA_STYLE_COLOUR ( '', #4507 ) ;
#1485 = DIRECTION ( 'NONE',  ( 0.0000000000000000000, 0.0000000000000000000, 1.000000000000000000 ) ) ;
#1486 = LINE ( 'NONE', #779, #3495 ) ;
#1487 = ORIENTED_EDGE ( 'NONE', *, *, #2423, .T. ) ;
#1488 = CARTESIAN_POINT ( 'NONE',  ( 3.294000000000014700, 2.692679999999999700, -1.527417462849348000 ) ) ;
#1489 = FILL_AREA_STYLE_COLOUR ( '', #4475 ) ;
#1490 = ORIENTED_EDGE ( 'NONE', *, *, #151, .T. ) ;
#1491 = DIRECTION ( 'NONE',  ( 0.0000000000000000000, 0.0000000000000000000, -1.000000000000000000 ) ) ;
#1492 = CARTESIAN_POINT ( 'NONE',  ( 5.500172311762160100, 2.681460802068762500, -0.1877834917502306500 ) ) ;
#1493 = EDGE_LOOP ( 'NONE', ( #79, #1339, #1952, #2853 ) ) ;
#1494 = AXIS2_PLACEMENT_3D ( 'NONE', #3259, #74, #2563 ) ;
#1495 = DIRECTION ( 'NONE',  ( 0.0000000000000000000, 0.0000000000000000000, 1.000000000000000000 ) ) ;
#1496 = PRESENTATION_STYLE_ASSIGNMENT (( #2508 ) ) ;
#1497 =( NAMED_UNIT ( * ) SI_UNIT ( $, .STERADIAN. ) SOLID_ANGLE_UNIT ( ) );
#1498 = ORIENTED_EDGE ( 'NONE', *, *, #3152, .T. ) ;
#1499 = CARTESIAN_POINT ( 'NONE',  ( 0.5999999999999999800, 0.1123199999999999500, -5.400000000000000400 ) ) ;
#1500 = EDGE_CURVE ( 'NONE', #505, #3653, #4163, .T. ) ;
#1501 = VECTOR ( 'NONE', #1053, 1000.000000000000100 ) ;
#1502 = AXIS2_PLACEMENT_3D ( 'NONE', #1613, #892, #228 ) ;
#1503 = CARTESIAN_POINT ( 'NONE',  ( 3.294000000000014700, 2.692679999999999700, -2.382648192138503400 ) ) ;
#1504 = ORIENTED_EDGE ( 'NONE', *, *, #4518, .T. ) ;
#1505 = FILL_AREA_STYLE ('',( #781 ) ) ;
#1506 = LINE ( 'NONE', #3163, #2641 ) ;
#1507 = ORIENTED_EDGE ( 'NONE', *, *, #2969, .T. ) ;
#1508 = ADVANCED_FACE ( 'NONE', ( #3045 ), #2553, .F. ) ;
#1509 = CARTESIAN_POINT ( 'NONE',  ( 5.612320000000001300, 2.687679999999999800, -5.400000000000000400 ) ) ;
#1510 = FILL_AREA_STYLE ('',( #2278 ) ) ;
#1511 = CARTESIAN_POINT ( 'NONE',  ( 5.504925775900101600, 0.1452177663371246600, -0.1452177663371274900 ) ) ;
#1512 = COLOUR_RGB ( '',0.6470588235294118000, 0.5176470588235293500, 0.0000000000000000000 ) ;
#1513 = DIRECTION ( 'NONE',  ( 0.0000000000000000000, 0.0000000000000000000, -1.000000000000000000 ) ) ;
#1514 = ORIENTED_EDGE ( 'NONE', *, *, #96, .T. ) ;
#1515 = SURFACE_STYLE_FILL_AREA ( #3338 ) ;
#1516 = AXIS2_PLACEMENT_3D ( 'NONE', #1024, #3922, #2149 ) ;
#1517 = CARTESIAN_POINT ( 'NONE',  ( 5.987680000000000100, 2.799999999999999800, 0.0000000000000000000 ) ) ;
#1518 = CARTESIAN_POINT ( 'NONE',  ( 0.4876799999999999500, 2.687679999999999800, -5.287679999999999900 ) ) ;
#1519 = LINE ( 'NONE', #4054, #425 ) ;
#1520 = PRESENTATION_LAYER_ASSIGNMENT (  '', '', ( #1137 ) ) ;
#1521 = LINE ( 'NONE', #4145, #3078 ) ;
#1522 =( NAMED_UNIT ( * ) PLANE_ANGLE_UNIT ( ) SI_UNIT ( $, .RADIAN. ) );
#1523 = DIRECTION ( 'NONE',  ( -0.0000000000000000000, 1.000000000000000000, 0.0000000000000000000 ) ) ;
#1524 = LINE ( 'NONE', #1517, #597 ) ;
#1525 = CARTESIAN_POINT ( 'NONE',  ( 0.5999999999999998700, 0.2246399999999999000, -5.287679999999999900 ) ) ;
#1526 = COLOUR_RGB ( '',0.7686274509803920900, 0.7686274509803920900, 0.7686274509803920900 ) ;
#1527 = UNCERTAINTY_MEASURE_WITH_UNIT (LENGTH_MEASURE( 1.000000000000000100E-005 ), #1432, 'distance_accuracy_value', 'NONE');
#1528 = CARTESIAN_POINT ( 'NONE',  ( 0.5999999999999999800, 0.1123199999999999500, -0.2246399999999999000 ) ) ;
#1529 =( GEOMETRIC_REPRESENTATION_CONTEXT ( 3 ) GLOBAL_UNCERTAINTY_ASSIGNED_CONTEXT ( ( #4175 ) ) GLOBAL_UNIT_ASSIGNED_CONTEXT ( ( #4002, #4432, #481 ) ) REPRESENTATION_CONTEXT ( 'NONE', 'WORKASPACE' ) );
#1530 = EDGE_LOOP ( 'NONE', ( #4452, #2461, #101, #3930 ) ) ;
#1531 = CARTESIAN_POINT ( 'NONE',  ( 0.1123199999999999500, 2.799999999999999800, -5.287679999999999900 ) ) ;
#1532 = ORIENTED_EDGE ( 'NONE', *, *, #4388, .T. ) ;
#1533 = VECTOR ( 'NONE', #691, 1000.000000000000000 ) ;
#1534 =( NAMED_UNIT ( * ) SI_UNIT ( $, .STERADIAN. ) SOLID_ANGLE_UNIT ( ) );
#1535 = EDGE_CURVE ( 'NONE', #2390, #67, #1226, .T. ) ;
#1536 = CARTESIAN_POINT ( 'NONE',  ( 0.5987412343930141900, 2.636877533923821300, -5.270069581109933800 ) ) ;
#1537 = MECHANICAL_DESIGN_GEOMETRIC_PRESENTATION_REPRESENTATION (  '', ( #2424 ), #655 ) ;
#1538 = ORIENTED_EDGE ( 'NONE', *, *, #307, .T. ) ;
#1539 = CARTESIAN_POINT ( 'NONE',  ( 2.500140458105373700, 2.687679999999999800, -1.630775682670778900 ) ) ;
#1540 = ORIENTED_EDGE ( 'NONE', *, *, #1559, .F. ) ;
#1541 = EDGE_CURVE ( 'NONE', #2501, #886, #2802, .T. ) ;
#1542 = SURFACE_STYLE_USAGE ( .BOTH. , #472 ) ;
#1543 = ORIENTED_EDGE ( 'NONE', *, *, #1600, .F. ) ;
#1544 = CARTESIAN_POINT ( 'NONE',  ( 5.504925775900101600, 0.1452177663371246600, -0.1452177663371274900 ) ) ;
#1545 = LINE ( 'NONE', #1438, #934 ) ;
#1546 = CARTESIAN_POINT ( 'NONE',  ( 3.294000000000014700, 2.687679999999999800, -1.197303200920297100 ) ) ;
#1547 = EDGE_LOOP ( 'NONE', ( #4078, #1051, #1798, #3023 ) ) ;
#1548 = CARTESIAN_POINT ( 'NONE',  ( 2.500140458105373700, 2.692679999999999700, -3.358530934435405100 ) ) ;
#1549 = PRESENTATION_LAYER_ASSIGNMENT (  '', '', ( #3193 ) ) ;
#1550 = DIRECTION ( 'NONE',  ( 0.0000000000000000000, 0.0000000000000000000, 1.000000000000000000 ) ) ;
#1551 = DIRECTION ( 'NONE',  ( 0.0000000000000000000, 0.0000000000000000000, 1.000000000000000000 ) ) ;
#1552 =( NAMED_UNIT ( * ) SI_UNIT ( $, .STERADIAN. ) SOLID_ANGLE_UNIT ( ) );
#1553 = CARTESIAN_POINT ( 'NONE',  ( 5.987680000000000100, 2.687679999999999800, -0.1123199999999999900 ) ) ;
#1554 = PRESENTATION_LAYER_ASSIGNMENT (  '', '', ( #3932 ) ) ;
#1555 = VERTEX_POINT ( 'NONE', #979 ) ;
#1556 =( LENGTH_UNIT ( ) NAMED_UNIT ( * ) SI_UNIT ( .MILLI., .METRE. ) );
#1557 = CARTESIAN_POINT ( 'NONE',  ( 5.503984155148945200, 0.1421438606851735400, -5.251708328011443600 ) ) ;
#1558 = ORIENTED_EDGE ( 'NONE', *, *, #3661, .F. ) ;
#1559 = EDGE_CURVE ( 'NONE', #4381, #3165, #1739, .T. ) ;
#1560 = PRESENTATION_LAYER_ASSIGNMENT (  '', '', ( #1247 ) ) ;
#1561 = VECTOR ( 'NONE', #2253, 1000.000000000000000 ) ;
#1562 = DIRECTION ( 'NONE',  ( 1.000000000000000000, 0.0000000000000000000, 0.0000000000000000000 ) ) ;
#1563 = CARTESIAN_POINT ( 'NONE',  ( 0.6000000000000008700, 2.581221478228865200, -5.287679999999999900 ) ) ;
#1564 = VERTEX_POINT ( 'NONE', #3242 ) ;
#1565 = VECTOR ( 'NONE', #2443, 1000.000000000000000 ) ;
#1566 = EDGE_CURVE ( 'NONE', #3871, #1366, #1607, .T. ) ;
#1567 = SURFACE_STYLE_USAGE ( .BOTH. , #3063 ) ;
#1568 = CARTESIAN_POINT ( 'NONE',  ( 5.499997222547610100, 2.587100840322656700, -0.1127816437192389200 ) ) ;
#1569 = FILL_AREA_STYLE_COLOUR ( '', #1526 ) ;
#1570 = CYLINDRICAL_SURFACE ( 'NONE', #416, 0.1123200000000000000 ) ;
#1571 = CARTESIAN_POINT ( 'NONE',  ( 0.1123199999999999500, 2.687679999999999800, -5.400000000000000400 ) ) ;
#1572 = VECTOR ( 'NONE', #2322, 1000.000000000000000 ) ;
#1573 = CARTESIAN_POINT ( 'NONE',  ( 5.500000000000041700, 0.1234902608961249800, -5.276509739103873100 ) ) ;
#1574 = CARTESIAN_POINT ( 'NONE',  ( 2.587247716295260100, 2.692679999999999700, -2.585577424164422000 ) ) ;
#1575 = VECTOR ( 'NONE', #3769, 1000.000000000000000 ) ;
#1576 = VECTOR ( 'NONE', #122, 1000.000000000000000 ) ;
#1577 = CARTESIAN_POINT ( 'NONE',  ( 2.500140458105373700, 2.687679999999999800, -3.454171021088409300 ) ) ;
#1578 = ORIENTED_EDGE ( 'NONE', *, *, #2602, .F. ) ;
#1579 = DIRECTION ( 'NONE',  ( -0.0000000000000000000, -1.000000000000000000, 0.0000000000000000000 ) ) ;
#1580 = LINE ( 'NONE', #2639, #3478 ) ;
#1581 = PRESENTATION_LAYER_ASSIGNMENT (  '', '', ( #2996 ) ) ;
#1582 = VERTEX_POINT ( 'NONE', #4291 ) ;
#1583 = ORIENTED_EDGE ( 'NONE', *, *, #1970, .F. ) ;
#1584 = DIRECTION ( 'NONE',  ( -0.0000000000000000000, -1.000000000000000000, 0.0000000000000000000 ) ) ;
#1585 = SURFACE_STYLE_USAGE ( .BOTH. , #4534 ) ;
#1586 = CARTESIAN_POINT ( 'NONE',  ( 5.503231340801571400, 2.660786387578708100, -0.1515815489451590700 ) ) ;
#1587 = CARTESIAN_POINT ( 'NONE',  ( 2.798905294973047300, 2.687679999999999800, -2.235494930349867500 ) ) ;
#1588 = PLANE ( 'NONE',  #4521 ) ;
#1589 = ORIENTED_EDGE ( 'NONE', *, *, #3626, .T. ) ;
#1590 = CARTESIAN_POINT ( 'NONE',  ( 6.100000000000000500, 2.687679999999999800, -5.400000000000000400 ) ) ;
#1591 = EDGE_CURVE ( 'NONE', #4562, #437, #4103, .T. ) ;
#1592 = VERTEX_POINT ( 'NONE', #1046 ) ;
#1593 = SURFACE_SIDE_STYLE ('',( #1302 ) ) ;
#1594 = PRESENTATION_LAYER_ASSIGNMENT (  '', '', ( #1357 ) ) ;
#1595 = PRESENTATION_LAYER_ASSIGNMENT (  '', '', ( #93 ) ) ;
#1596 = CARTESIAN_POINT ( 'NONE',  ( 3.142967740597627700, 2.687679999999999800, -1.796673440335074400 ) ) ;
#1597 = CARTESIAN_POINT ( 'NONE',  ( 0.1123199999999999500, 0.0000000000000000000, -0.1123199999999999900 ) ) ;
#1598 = ORIENTED_EDGE ( 'NONE', *, *, #675, .F. ) ;
#1599 = PLANE ( 'NONE',  #1502 ) ;
#1600 = EDGE_CURVE ( 'NONE', #1555, #2447, #1843, .T. ) ;
#1601 = CARTESIAN_POINT ( 'NONE',  ( 0.5999691003102264300, 2.604490789906627900, -5.284470524900061000 ) ) ;
#1602 = LINE ( 'NONE', #3853, #3383 ) ;
#1603 = ORIENTED_EDGE ( 'NONE', *, *, #3514, .F. ) ;
#1604 = DIRECTION ( 'NONE',  ( 0.0000000000000000000, 0.0000000000000000000, -1.000000000000000000 ) ) ;
#1605 = ORIENTED_EDGE ( 'NONE', *, *, #822, .T. ) ;
#1606 = EDGE_CURVE ( 'NONE', #1293, #4638, #3285, .T. ) ;
#1607 = LINE ( 'NONE', #3683, #229 ) ;
#1608 = VERTEX_POINT ( 'NONE', #3600 ) ;
#1609 = CARTESIAN_POINT ( 'NONE',  ( 5.501654082231250500, 0.1345373754723352400, -5.265462624527662800 ) ) ;
#1610 = CARTESIAN_POINT ( 'NONE',  ( 5.500000000000001800, 0.1123199999999999500, -5.175360000000000400 ) ) ;
#1611 = VECTOR ( 'NONE', #2308, 1000.000000000000000 ) ;
#1612 = CYLINDRICAL_SURFACE ( 'NONE', #169, 0.1123200000000000000 ) ;
#1613 = CARTESIAN_POINT ( 'NONE',  ( 2.653419977112785300, 2.692679999999999700, -4.241073954201232800 ) ) ;
#1614 = ORIENTED_EDGE ( 'NONE', *, *, #4657, .F. ) ;
#1615 = AXIS2_PLACEMENT_3D ( 'NONE', #234, #187, #2733 ) ;
#1616 =( BOUNDED_CURVE ( )  B_SPLINE_CURVE ( 3, ( #857, #1573, #1609, #830 ),
 .UNSPECIFIED., .F., .F. ) 
 B_SPLINE_CURVE_WITH_KNOTS ( ( 4, 4 ),
 ( 1.570796326794904100, 1.868047688116111900 ),
 .UNSPECIFIED. ) 
 CURVE ( )  GEOMETRIC_REPRESENTATION_ITEM ( )  RATIONAL_B_SPLINE_CURVE ( ( 1.000000000000000000, 0.9926503465430337500, 0.9926503465430337500, 1.000000000000000000 ) ) 
 REPRESENTATION_ITEM ( '' )  );
#1617 = LINE ( 'NONE', #3455, #519 ) ;
#1618 = ORIENTED_EDGE ( 'NONE', *, *, #1591, .F. ) ;
#1619 = CARTESIAN_POINT ( 'NONE',  ( 3.294000000000000000, 2.687679999999999800, -0.6750000000000000400 ) ) ;
#1620 = DIRECTION ( 'NONE',  ( 1.000000000000000000, -0.0000000000000000000, -0.0000000000000000000 ) ) ;
#1621 =( NAMED_UNIT ( * ) PLANE_ANGLE_UNIT ( ) SI_UNIT ( $, .RADIAN. ) );
#1622 = CARTESIAN_POINT ( 'NONE',  ( 5.504925775900062500, 2.654782233662871700, -5.254782233662874400 ) ) ;
#1623 = MECHANICAL_DESIGN_GEOMETRIC_PRESENTATION_REPRESENTATION (  '', ( #1145 ), #3440 ) ;
#1624 = AXIS2_PLACEMENT_3D ( 'NONE', #613, #2739, #598 ) ;
#1625 = ORIENTED_EDGE ( 'NONE', *, *, #3535, .F. ) ;
#1626 = PLANE ( 'NONE',  #3677 ) ;
#1627 = DIRECTION ( 'NONE',  ( -0.9999960426590096500, 0.0000000000000000000, -0.002813301676014987700 ) ) ;
#1628 = DIRECTION ( 'NONE',  ( 5.943634068010690000E-014, 0.0000000000000000000, -1.000000000000000000 ) ) ;
#1629 = EDGE_CURVE ( 'NONE', #3653, #67, #777, .T. ) ;
#1630 = AXIS2_PLACEMENT_3D ( 'NONE', #1095, #3641, #4672 ) ;
#1631 = CARTESIAN_POINT ( 'NONE',  ( 5.612320000000041300, 0.0000000000000000000, 0.0000000000000000000 ) ) ;
#1632 = CYLINDRICAL_SURFACE ( 'NONE', #1196, 0.1123200000000000000 ) ;
#1633 = VECTOR ( 'NONE', #2886, 1000.000000000000000 ) ;
#1634 = ADVANCED_FACE ( 'NONE', ( #1107 ), #4278, .F. ) ;
#1635 = EDGE_CURVE ( 'NONE', #4081, #1608, #2343, .T. ) ;
#1636 = DIRECTION ( 'NONE',  ( -0.2762033010288898500, 0.0000000000000000000, 0.9610992334305259500 ) ) ;
#1637 = DIRECTION ( 'NONE',  ( -1.000000000000000000, 0.0000000000000000000, 0.0000000000000000000 ) ) ;
#1638 = LINE ( 'NONE', #3472, #202 ) ;
#1639 = CIRCLE ( 'NONE', #2920, 0.1123199999999999500 ) ;
#1640 = CIRCLE ( 'NONE', #2826, 0.1123199999999999500 ) ;
#1641 = SURFACE_SIDE_STYLE ('',( #972 ) ) ;
#1642 = VECTOR ( 'NONE', #1628, 1000.000000000000000 ) ;
#1643 = CARTESIAN_POINT ( 'NONE',  ( 2.945662692118831100, 2.687679999999999800, -3.891737327869781100 ) ) ;
#1644 = MECHANICAL_DESIGN_GEOMETRIC_PRESENTATION_REPRESENTATION (  '', ( #1036 ), #3699 ) ;
#1645 = LINE ( 'NONE', #2186, #4428 ) ;
#1646 = EDGE_LOOP ( 'NONE', ( #3237, #2116, #4430, #3538, #3841, #3379 ) ) ;
#1647 = ORIENTED_EDGE ( 'NONE', *, *, #3684, .F. ) ;
#1648 = CARTESIAN_POINT ( 'NONE',  ( 3.294000000000014700, 2.692679999999999700, -2.382648192138503400 ) ) ;
#1649 =( GEOMETRIC_REPRESENTATION_CONTEXT ( 3 ) GLOBAL_UNCERTAINTY_ASSIGNED_CONTEXT ( ( #4654 ) ) GLOBAL_UNIT_ASSIGNED_CONTEXT ( ( #1921, #828, #3358 ) ) REPRESENTATION_CONTEXT ( 'NONE', 'WORKASPACE' ) );
#1650 = COLOUR_RGB ( '',0.7921568627450980000, 0.8196078431372548800, 0.9333333333333333500 ) ;
#1651 = DIRECTION ( 'NONE',  ( 0.9610992334305259500, 0.0000000000000000000, 0.2762033010288898500 ) ) ;
#1652 = ORIENTED_EDGE ( 'NONE', *, *, #4112, .T. ) ;
#1653 = SURFACE_STYLE_USAGE ( .BOTH. , #3560 ) ;
#1654 = CARTESIAN_POINT ( 'NONE',  ( 0.5999999999999999800, 2.687679999999999800, -5.287679999999999900 ) ) ;
#1655 = EDGE_CURVE ( 'NONE', #1582, #161, #68, .T. ) ;
#1656 = VECTOR ( 'NONE', #2568, 1000.000000000000200 ) ;
#1657 = AXIS2_PLACEMENT_3D ( 'NONE', #867, #3419, #1637 ) ;
#1658 = ORIENTED_EDGE ( 'NONE', *, *, #794, .F. ) ;
#1659 = ADVANCED_FACE ( 'NONE', ( #398 ), #2139, .F. ) ;
#1660 = CARTESIAN_POINT ( 'NONE',  ( 2.862955814443229700, 2.687679999999999800, -1.024283521815165100 ) ) ;
#1661 = DIRECTION ( 'NONE',  ( 0.0000000000000000000, 0.0000000000000000000, -1.000000000000000000 ) ) ;
#1662 = ORIENTED_EDGE ( 'NONE', *, *, #4276, .T. ) ;
#1663 = EDGE_CURVE ( 'NONE', #1203, #3502, #1281, .T. ) ;
#1664 = DIRECTION ( 'NONE',  ( -0.9237839814038671900, 0.0000000000000000000, 0.3829140317376987800 ) ) ;
#1665 = FILL_AREA_STYLE ('',( #2021 ) ) ;
#1666 = ORIENTED_EDGE ( 'NONE', *, *, #1591, .T. ) ;
#1667 = CARTESIAN_POINT ( 'NONE',  ( 2.653437232311451700, 2.692679999999999700, -4.684512721529441300 ) ) ;
#1668 = CARTESIAN_POINT ( 'NONE',  ( 6.100000000000000500, 2.687679999999999800, -5.287679999999999900 ) ) ;
#1669 = CARTESIAN_POINT ( 'NONE',  ( 0.5973702207239183200, 2.663517262623244600, -5.244959421310642100 ) ) ;
#1670 = MECHANICAL_DESIGN_GEOMETRIC_PRESENTATION_REPRESENTATION (  '', ( #18 ), #724 ) ;
#1671 = EDGE_LOOP ( 'NONE', ( #409, #2137, #2163, #1881 ) ) ;
#1672 = DIRECTION ( 'NONE',  ( -0.0000000000000000000, -1.000000000000000000, 0.0000000000000000000 ) ) ;
#1673 = ORIENTED_EDGE ( 'NONE', *, *, #3979, .T. ) ;
#1674 =( BOUNDED_CURVE ( )  B_SPLINE_CURVE ( 3, ( #4516, #2702, #3840, #1622 ),
 .UNSPECIFIED., .F., .T. ) 
 B_SPLINE_CURVE_WITH_KNOTS ( ( 4, 4 ),
 ( 1.570796326794888800, 1.868047688116097400 ),
 .UNSPECIFIED. ) 
 CURVE ( )  GEOMETRIC_REPRESENTATION_ITEM ( )  RATIONAL_B_SPLINE_CURVE ( ( 1.000000000000000000, 0.9926503465430337500, 0.9926503465430337500, 1.000000000000000000 ) ) 
 REPRESENTATION_ITEM ( '' )  );
#1675 = COLOUR_RGB ( '',0.7686274509803920900, 0.7686274509803920900, 0.7686274509803920900 ) ;
#1676 = SURFACE_STYLE_FILL_AREA ( #882 ) ;
#1677 =( NAMED_UNIT ( * ) SI_UNIT ( $, .STERADIAN. ) SOLID_ANGLE_UNIT ( ) );
#1678 = MECHANICAL_DESIGN_GEOMETRIC_PRESENTATION_REPRESENTATION (  '', ( #1775 ), #1353 ) ;
#1679 = DIRECTION ( 'NONE',  ( 0.0000000000000000000, 0.0000000000000000000, -1.000000000000000000 ) ) ;
#1680 = ORIENTED_EDGE ( 'NONE', *, *, #4030, .F. ) ;
#1681 =( LENGTH_UNIT ( ) NAMED_UNIT ( * ) SI_UNIT ( .MILLI., .METRE. ) );
#1682 = LINE ( 'NONE', #2477, #743 ) ;
#1683 = SURFACE_SIDE_STYLE ('',( #722 ) ) ;
#1684 = ORIENTED_EDGE ( 'NONE', *, *, #4090, .T. ) ;
#1685 =( NAMED_UNIT ( * ) PLANE_ANGLE_UNIT ( ) SI_UNIT ( $, .RADIAN. ) );
#1686 = CYLINDRICAL_SURFACE ( 'NONE', #1630, 0.1123199999999999500 ) ;
#1687 = CARTESIAN_POINT ( 'NONE',  ( 2.500140458105373700, 2.687679999999999800, -3.358530934435405100 ) ) ;
#1688 = AXIS2_PLACEMENT_3D ( 'NONE', #726, #3971, #447 ) ;
#1689 = MECHANICAL_DESIGN_GEOMETRIC_PRESENTATION_REPRESENTATION (  '', ( #2655 ), #1384 ) ;
#1690 = VECTOR ( 'NONE', #1699, 1000.000000000000000 ) ;
#1691 = PRESENTATION_STYLE_ASSIGNMENT (( #943 ) ) ;
#1692 = LINE ( 'NONE', #3164, #4597 ) ;
#1693 = PLANE ( 'NONE',  #761 ) ;
#1694 = CARTESIAN_POINT ( 'NONE',  ( 0.6000543735329203500, 2.600449019974530300, -0.1144514952914930000 ) ) ;
#1695 = COLOUR_RGB ( '',0.7686274509803920900, 0.7686274509803920900, 0.7686274509803920900 ) ;
#1696 = EDGE_CURVE ( 'NONE', #4395, #4431, #1045, .T. ) ;
#1697 =( LENGTH_UNIT ( ) NAMED_UNIT ( * ) SI_UNIT ( .MILLI., .METRE. ) );
#1698 = CARTESIAN_POINT ( 'NONE',  ( 0.4876799999999998900, 0.1123200000000000000, 0.0000000000000000000 ) ) ;
#1699 = DIRECTION ( 'NONE',  ( -0.0000000000000000000, -1.000000000000000000, 0.0000000000000000000 ) ) ;
#1700 = COLOUR_RGB ( '',0.6470588235294118000, 0.5176470588235293500, 0.0000000000000000000 ) ;
#1701 = AXIS2_PLACEMENT_3D ( 'NONE', #3637, #3938, #2830 ) ;
#1702 = ADVANCED_FACE ( 'NONE', ( #3452 ), #3779, .T. ) ;
#1703 = ORIENTED_EDGE ( 'NONE', *, *, #2261, .T. ) ;
#1704 = DIRECTION ( 'NONE',  ( -0.0000000000000000000, -1.000000000000000000, 0.0000000000000000000 ) ) ;
#1705 = ORIENTED_EDGE ( 'NONE', *, *, #2211, .T. ) ;
#1706 = EDGE_LOOP ( 'NONE', ( #1901, #2614, #1106, #1969 ) ) ;
#1707 = PLANE ( 'NONE',  #1782 ) ;
#1708 = DIRECTION ( 'NONE',  ( 0.0000000000000000000, 1.000000000000000000, 0.0000000000000000000 ) ) ;
#1709 = LINE ( 'NONE', #1764, #652 ) ;
#1710 =( GEOMETRIC_REPRESENTATION_CONTEXT ( 3 ) GLOBAL_UNCERTAINTY_ASSIGNED_CONTEXT ( ( #3448 ) ) GLOBAL_UNIT_ASSIGNED_CONTEXT ( ( #4612, #1685, #1004 ) ) REPRESENTATION_CONTEXT ( 'NONE', 'WORKASPACE' ) );
#1711 = VERTEX_POINT ( 'NONE', #760 ) ;
#1712 = ORIENTED_EDGE ( 'NONE', *, *, #2880, .T. ) ;
#1713 = CARTESIAN_POINT ( 'NONE',  ( 5.500000000000001800, 2.687679999999999800, -5.175360000000000400 ) ) ;
#1714 = ORIENTED_EDGE ( 'NONE', *, *, #653, .F. ) ;
#1715 =( GEOMETRIC_REPRESENTATION_CONTEXT ( 3 ) GLOBAL_UNCERTAINTY_ASSIGNED_CONTEXT ( ( #2689 ) ) GLOBAL_UNIT_ASSIGNED_CONTEXT ( ( #292, #956, #279 ) ) REPRESENTATION_CONTEXT ( 'NONE', 'WORKASPACE' ) );
#1716 = AXIS2_PLACEMENT_3D ( 'NONE', #2636, #4037, #1165 ) ;
#1717 = CARTESIAN_POINT ( 'NONE',  ( 0.5999999999999998700, 0.2246399999999999000, -5.287679999999999900 ) ) ;
#1718 = SURFACE_SIDE_STYLE ('',( #2991 ) ) ;
#1719 = DIRECTION ( 'NONE',  ( 0.0000000000000000000, 0.0000000000000000000, 1.000000000000000000 ) ) ;
#1720 = VERTEX_POINT ( 'NONE', #56 ) ;
#1721 = FACE_OUTER_BOUND ( 'NONE', #526, .T. ) ;
#1722 = EDGE_CURVE ( 'NONE', #2640, #1955, #2458, .T. ) ;
#1723 = PRESENTATION_LAYER_ASSIGNMENT (  '', '', ( #1155 ) ) ;
#1724 = ORIENTED_EDGE ( 'NONE', *, *, #4528, .F. ) ;
#1725 = DIRECTION ( 'NONE',  ( 0.0000000000000000000, 0.0000000000000000000, 1.000000000000000000 ) ) ;
#1726 = CARTESIAN_POINT ( 'NONE',  ( 3.294000000000014700, 2.692679999999999700, -3.825613343307865800 ) ) ;
#1727 = ADVANCED_FACE ( 'NONE', ( #1899 ), #3966, .F. ) ;
#1728 = VECTOR ( 'NONE', #3196, 1000.000000000000000 ) ;
#1729 = ORIENTED_EDGE ( 'NONE', *, *, #65, .T. ) ;
#1730 = EDGE_CURVE ( 'NONE', #3884, #112, #3727, .T. ) ;
#1731 = SURFACE_STYLE_FILL_AREA ( #1104 ) ;
#1732 = DIRECTION ( 'NONE',  ( 1.000000000000000000, -4.826398559853563100E-016, 0.0000000000000000000 ) ) ;
#1733 = ADVANCED_FACE ( 'NONE', ( #1440 ), #1099, .F. ) ;
#1734 = ORIENTED_EDGE ( 'NONE', *, *, #1970, .T. ) ;
#1735 = CARTESIAN_POINT ( 'NONE',  ( 5.500000000000000000, 2.575359999999999000, -5.287679999999999900 ) ) ;
#1736 =( LENGTH_UNIT ( ) NAMED_UNIT ( * ) SI_UNIT ( .MILLI., .METRE. ) );
#1737 = ORIENTED_EDGE ( 'NONE', *, *, #1474, .F. ) ;
#1738 = CARTESIAN_POINT ( 'NONE',  ( 3.294000000000014700, 2.687679999999999800, -3.225829168527901900 ) ) ;
#1739 = B_SPLINE_CURVE_WITH_KNOTS ( 'NONE', 3,
 ( #3294, #2859, #3888, #1395, #1411, #4621, #2086, #4637, #1352, #1713 ),
 .UNSPECIFIED., .F., .F.,
 ( 4, 3, 3, 4 ),
 ( 0.0000000000000000000, 3.535348412143684600E-005, 7.052049924266287200E-005, 8.790586026857483400E-005 ),
 .UNSPECIFIED. ) ;
#1740 = PLANE ( 'NONE',  #4589 ) ;
#1741 = VERTEX_POINT ( 'NONE', #1454 ) ;
#1742 = FACE_OUTER_BOUND ( 'NONE', #2344, .T. ) ;
#1743 = CARTESIAN_POINT ( 'NONE',  ( 2.862955814443219900, 2.692679999999999700, -1.260178193614535300 ) ) ;
#1744 = LINE ( 'NONE', #3445, #1007 ) ;
#1745 = PRESENTATION_LAYER_ASSIGNMENT (  '', '', ( #1775 ) ) ;
#1746 = SURFACE_STYLE_FILL_AREA ( #3847 ) ;
#1747 = LINE ( 'NONE', #802, #2596 ) ;
#1748 = ADVANCED_FACE ( 'NONE', ( #2404 ), #2516, .T. ) ;
#1749 = CARTESIAN_POINT ( 'NONE',  ( 5.500000000000000000, 2.587819312958659500, -5.287679999999999900 ) ) ;
#1750 =( NAMED_UNIT ( * ) PLANE_ANGLE_UNIT ( ) SI_UNIT ( $, .RADIAN. ) );
#1751 = EDGE_CURVE ( 'NONE', #2454, #860, #1545, .T. ) ;
#1752 = CARTESIAN_POINT ( 'NONE',  ( 0.1123199999999999500, 2.799999999999999800, -0.1123199999999999900 ) ) ;
#1753 = VECTOR ( 'NONE', #2016, 1000.000000000000100 ) ;
#1754 = LINE ( 'NONE', #2387, #371 ) ;
#1755 = ADVANCED_FACE ( 'NONE', ( #1721 ), #4272, .T. ) ;
#1756 = PRESENTATION_STYLE_ASSIGNMENT (( #95 ) ) ;
#1757 =( NAMED_UNIT ( * ) PLANE_ANGLE_UNIT ( ) SI_UNIT ( $, .RADIAN. ) );
#1758 = SURFACE_SIDE_STYLE ('',( #4128 ) ) ;
#1759 = CYLINDRICAL_SURFACE ( 'NONE', #476, 0.1123199999999999500 ) ;
#1760 = EDGE_CURVE ( 'NONE', #290, #2248, #4623, .T. ) ;
#1761 = CIRCLE ( 'NONE', #2088, 0.1123199999999999500 ) ;
#1762 = CARTESIAN_POINT ( 'NONE',  ( 2.500140458105373700, 2.692679999999999700, -1.129180580096638400 ) ) ;
#1763 = ORIENTED_EDGE ( 'NONE', *, *, #1130, .F. ) ;
#1764 = CARTESIAN_POINT ( 'NONE',  ( 2.583844240417757300, 2.692679999999999700, -3.132491859809354300 ) ) ;
#1765 = PRESENTATION_LAYER_ASSIGNMENT (  '', '', ( #2615 ) ) ;
#1766 = PLANE ( 'NONE',  #3765 ) ;
#1767 = ORIENTED_EDGE ( 'NONE', *, *, #4366, .T. ) ;
#1768 = CARTESIAN_POINT ( 'NONE',  ( 2.651247545699367600, 2.687679999999999800, -2.299417517748308700 ) ) ;
#1769 = EDGE_LOOP ( 'NONE', ( #3682, #2906, #2325 ) ) ;
#1770 =( NAMED_UNIT ( * ) PLANE_ANGLE_UNIT ( ) SI_UNIT ( $, .RADIAN. ) );
#1771 = EDGE_LOOP ( 'NONE', ( #1061, #3117, #4334, #937 ) ) ;
#1772 =( NAMED_UNIT ( * ) PLANE_ANGLE_UNIT ( ) SI_UNIT ( $, .RADIAN. ) );
#1773 = CARTESIAN_POINT ( 'NONE',  ( 2.500140458105373700, 2.692679999999999700, -1.755858281729635300 ) ) ;
#1774 = ADVANCED_FACE ( 'NONE', ( #4100 ), #4330, .T. ) ;
#1775 = STYLED_ITEM ( 'NONE', ( #2337 ), #1774 ) ;
#1776 = VECTOR ( 'NONE', #402, 1000.000000000000000 ) ;
#1777 = ORIENTED_EDGE ( 'NONE', *, *, #1851, .T. ) ;
#1778 = FILL_AREA_STYLE_COLOUR ( '', #1650 ) ;
#1779 = ADVANCED_FACE ( 'NONE', ( #3504 ), #1179, .F. ) ;
#1780 =( GEOMETRIC_REPRESENTATION_CONTEXT ( 3 ) GLOBAL_UNCERTAINTY_ASSIGNED_CONTEXT ( ( #2052 ) ) GLOBAL_UNIT_ASSIGNED_CONTEXT ( ( #3749, #3016, #511 ) ) REPRESENTATION_CONTEXT ( 'NONE', 'WORKASPACE' ) );
#1781 = ORIENTED_EDGE ( 'NONE', *, *, #4083, .T. ) ;
#1782 = AXIS2_PLACEMENT_3D ( 'NONE', #2855, #2801, #699 ) ;
#1783 = CARTESIAN_POINT ( 'NONE',  ( 2.653419977112785300, 2.687679999999999800, -4.241073954201232800 ) ) ;
#1784 = CARTESIAN_POINT ( 'NONE',  ( 3.142938774847502600, 2.687679999999999800, -3.494785832608279500 ) ) ;
#1785 = CARTESIAN_POINT ( 'NONE',  ( 0.5999999999999998700, 0.2246399999999999000, -0.1123199999999982300 ) ) ;
#1786 = ORIENTED_EDGE ( 'NONE', *, *, #210, .F. ) ;
#1787 =( LENGTH_UNIT ( ) NAMED_UNIT ( * ) SI_UNIT ( .MILLI., .METRE. ) );
#1788 = EDGE_CURVE ( 'NONE', #4321, #4512, #2176, .T. ) ;
#1789 = DIRECTION ( 'NONE',  ( 1.000000000000000000, 0.0000000000000000000, 0.0000000000000000000 ) ) ;
#1790 = VECTOR ( 'NONE', #740, 1000.000000000000000 ) ;
#1791 = DIRECTION ( 'NONE',  ( 0.2765379750249931700, 0.0000000000000000000, -0.9610029908221287000 ) ) ;
#1792 = ORIENTED_EDGE ( 'NONE', *, *, #4429, .F. ) ;
#1793 = FILL_AREA_STYLE_COLOUR ( '', #4449 ) ;
#1794 = ORIENTED_EDGE ( 'NONE', *, *, #1722, .F. ) ;
#1795 = FILL_AREA_STYLE_COLOUR ( '', #3918 ) ;
#1796 = LINE ( 'NONE', #4143, #735 ) ;
#1797 = PLANE ( 'NONE',  #1688 ) ;
#1798 = ORIENTED_EDGE ( 'NONE', *, *, #4225, .F. ) ;
#1799 =( NAMED_UNIT ( * ) PLANE_ANGLE_UNIT ( ) SI_UNIT ( $, .RADIAN. ) );
#1800 = SURFACE_STYLE_FILL_AREA ( #438 ) ;
#1801 = VECTOR ( 'NONE', #3411, 1000.000000000000000 ) ;
#1802 = AXIS2_PLACEMENT_3D ( 'NONE', #4302, #113, #467 ) ;
#1803 = ORIENTED_EDGE ( 'NONE', *, *, #683, .T. ) ;
#1804 = COLOUR_RGB ( '',0.7686274509803920900, 0.7686274509803920900, 0.7686274509803920900 ) ;
#1805 = ADVANCED_FACE ( 'NONE', ( #617 ), #336, .T. ) ;
#1806 = FILL_AREA_STYLE ('',( #2497 ) ) ;
#1807 = DIRECTION ( 'NONE',  ( -0.0000000000000000000, -1.000000000000000000, 0.0000000000000000000 ) ) ;
#1808 = MECHANICAL_DESIGN_GEOMETRIC_PRESENTATION_REPRESENTATION (  '', ( #4480 ), #469 ) ;
#1809 = FILL_AREA_STYLE ('',( #4007 ) ) ;
#1810 = LINE ( 'NONE', #434, #3143 ) ;
#1811 = PRESENTATION_STYLE_ASSIGNMENT (( #2340 ) ) ;
#1812 = CARTESIAN_POINT ( 'NONE',  ( 2.651247545699367600, 2.687679999999999800, -1.937726998119464500 ) ) ;
#1813 = DIRECTION ( 'NONE',  ( 0.0000000000000000000, 0.0000000000000000000, 1.000000000000000000 ) ) ;
#1814 = EDGE_CURVE ( 'NONE', #191, #230, #3321, .T. ) ;
#1815 = FILL_AREA_STYLE ('',( #610 ) ) ;
#1816 = CARTESIAN_POINT ( 'NONE',  ( 2.500140458105373700, 2.692679999999999700, -0.9031415054705247400 ) ) ;
#1817 = LINE ( 'NONE', #3092, #908 ) ;
#1818 = CARTESIAN_POINT ( 'NONE',  ( 0.5999999999999998700, 2.575359999999999900, -0.1123199999999982300 ) ) ;
#1819 = EDGE_CURVE ( 'NONE', #4052, #3941, #3605, .T. ) ;
#1820 = ORIENTED_EDGE ( 'NONE', *, *, #1272, .T. ) ;
#1821 = EDGE_LOOP ( 'NONE', ( #3221, #3821, #2282, #1035 ) ) ;
#1822 = SURFACE_STYLE_USAGE ( .BOTH. , #2871 ) ;
#1823 = CARTESIAN_POINT ( 'NONE',  ( 0.5950742240999388200, 0.1452177663371255200, -5.254782233662872700 ) ) ;
#1824 = DIRECTION ( 'NONE',  ( 0.0000000000000000000, 0.0000000000000000000, -1.000000000000000000 ) ) ;
#1825 = UNCERTAINTY_MEASURE_WITH_UNIT (LENGTH_MEASURE( 1.000000000000000100E-005 ), #1787, 'distance_accuracy_value', 'NONE');
#1826 = ORIENTED_EDGE ( 'NONE', *, *, #2053, .F. ) ;
#1827 =( NAMED_UNIT ( * ) SI_UNIT ( $, .STERADIAN. ) SOLID_ANGLE_UNIT ( ) );
#1828 = ADVANCED_FACE ( 'NONE', ( #4038 ), #1890, .F. ) ;
#1829 = ORIENTED_EDGE ( 'NONE', *, *, #1114, .F. ) ;
#1830 = DIRECTION ( 'NONE',  ( 0.9611542233438712400, 0.0000000000000000000, 0.2760118818968482800 ) ) ;
#1831 = DIRECTION ( 'NONE',  ( 0.0000000000000000000, 0.0000000000000000000, 1.000000000000000000 ) ) ;
#1832 = DIRECTION ( 'NONE',  ( 0.0000000000000000000, -1.000000000000000000, 0.0000000000000000000 ) ) ;
#1833 = ORIENTED_EDGE ( 'NONE', *, *, #507, .T. ) ;
#1834 = CARTESIAN_POINT ( 'NONE',  ( 3.294000000000000000, 2.692679999999999700, -0.6750000000000000400 ) ) ;
#1835 = CYLINDRICAL_SURFACE ( 'NONE', #3034, 0.1123199999999999500 ) ;
#1836 = FILL_AREA_STYLE_COLOUR ( '', #1675 ) ;
#1837 = ORIENTED_EDGE ( 'NONE', *, *, #1216, .T. ) ;
#1838 = SURFACE_SIDE_STYLE ('',( #1128 ) ) ;
#1839 = AXIS2_PLACEMENT_3D ( 'NONE', #1078, #3005, #3327 ) ;
#1840 = SURFACE_STYLE_FILL_AREA ( #3989 ) ;
#1841 = CARTESIAN_POINT ( 'NONE',  ( 5.500086068518893300, 0.1192533956990770000, -0.1840563693920462000 ) ) ;
#1842 = ORIENTED_EDGE ( 'NONE', *, *, #822, .F. ) ;
#1843 = LINE ( 'NONE', #1445, #3224 ) ;
#1844 = PLANE ( 'NONE',  #1902 ) ;
#1845 = EDGE_CURVE ( 'NONE', #3434, #494, #4501, .T. ) ;
#1846 =( GEOMETRIC_REPRESENTATION_CONTEXT ( 3 ) GLOBAL_UNCERTAINTY_ASSIGNED_CONTEXT ( ( #401 ) ) GLOBAL_UNIT_ASSIGNED_CONTEXT ( ( #2359, #2292, #3044 ) ) REPRESENTATION_CONTEXT ( 'NONE', 'WORKASPACE' ) );
#1847 = AXIS2_PLACEMENT_3D ( 'NONE', #1141, #2984, #716 ) ;
#1848 = EDGE_LOOP ( 'NONE', ( #558, #2983, #1109, #3627, #3987, #4224 ) ) ;
#1849 = DIRECTION ( 'NONE',  ( 0.0000000000000000000, 0.0000000000000000000, -1.000000000000000000 ) ) ;
#1850 = ORIENTED_EDGE ( 'NONE', *, *, #683, .F. ) ;
#1851 = EDGE_CURVE ( 'NONE', #1225, #550, #3031, .T. ) ;
#1852 = SURFACE_STYLE_USAGE ( .BOTH. , #4016 ) ;
#1853 = EDGE_LOOP ( 'NONE', ( #168, #3743, #1618, #3724 ) ) ;
#1854 = DIRECTION ( 'NONE',  ( 0.0000000000000000000, -1.000000000000000000, -0.0000000000000000000 ) ) ;
#1855 = DIRECTION ( 'NONE',  ( 1.000000000000000000, 0.0000000000000000000, 0.0000000000000000000 ) ) ;
#1856 = FACE_OUTER_BOUND ( 'NONE', #3854, .T. ) ;
#1857 = EDGE_CURVE ( 'NONE', #3941, #3732, #1097, .T. ) ;
#1858 = SURFACE_STYLE_USAGE ( .BOTH. , #764 ) ;
#1859 = ORIENTED_EDGE ( 'NONE', *, *, #876, .T. ) ;
#1860 = VECTOR ( 'NONE', #3522, 1000.000000000000100 ) ;
#1861 =( LENGTH_UNIT ( ) NAMED_UNIT ( * ) SI_UNIT ( .MILLI., .METRE. ) );
#1862 = LINE ( 'NONE', #3659, #4467 ) ;
#1863 = COLOUR_RGB ( '',0.7686274509803920900, 0.7686274509803920900, 0.7686274509803920900 ) ;
#1864 = MECHANICAL_DESIGN_GEOMETRIC_PRESENTATION_REPRESENTATION (  '', ( #1462 ), #4635 ) ;
#1865 =( LENGTH_UNIT ( ) NAMED_UNIT ( * ) SI_UNIT ( .MILLI., .METRE. ) );
#1866 = DIRECTION ( 'NONE',  ( -1.000000000000000000, 0.0000000000000000000, 0.0000000000000000000 ) ) ;
#1867 = DIRECTION ( 'NONE',  ( 1.000000000000000000, 0.0000000000000000000, 0.0000000000000000000 ) ) ;
#1868 = CARTESIAN_POINT ( 'NONE',  ( 0.4876799999999999500, 2.687679999999999800, -0.1123200000000000000 ) ) ;
#1869 = CARTESIAN_POINT ( 'NONE',  ( 5.987680000000000100, 0.0000000000000000000, 0.0000000000000000000 ) ) ;
#1870 = FACE_OUTER_BOUND ( 'NONE', #1882, .T. ) ;
#1871 = STYLED_ITEM ( 'NONE', ( #3409 ), #3137 ) ;
#1872 = STYLED_ITEM ( 'NONE', ( #542 ), #2481 ) ;
#1873 = VECTOR ( 'NONE', #3895, 1000.000000000000000 ) ;
#1874 = LINE ( 'NONE', #2659, #3206 ) ;
#1875 = PRESENTATION_STYLE_ASSIGNMENT (( #1924 ) ) ;
#1876 = SURFACE_SIDE_STYLE ('',( #659 ) ) ;
#1877 = EDGE_CURVE ( 'NONE', #2798, #631, #1151, .T. ) ;
#1878 = ORIENTED_EDGE ( 'NONE', *, *, #1541, .F. ) ;
#1879 = SURFACE_STYLE_USAGE ( .BOTH. , #3307 ) ;
#1880 =( GEOMETRIC_REPRESENTATION_CONTEXT ( 3 ) GLOBAL_UNCERTAINTY_ASSIGNED_CONTEXT ( ( #4563 ) ) GLOBAL_UNIT_ASSIGNED_CONTEXT ( ( #3826, #2365, #3084 ) ) REPRESENTATION_CONTEXT ( 'NONE', 'WORKASPACE' ) );
#1881 = ORIENTED_EDGE ( 'NONE', *, *, #3716, .T. ) ;
#1882 = EDGE_LOOP ( 'NONE', ( #1003, #2965, #251, #1859 ) ) ;
#1883 = FILL_AREA_STYLE ('',( #422 ) ) ;
#1884 = CARTESIAN_POINT ( 'NONE',  ( 0.1123199999999999500, 2.687679999999999800, -0.1123199999999999900 ) ) ;
#1885 = FILL_AREA_STYLE_COLOUR ( '', #1804 ) ;
#1886 = DIRECTION ( 'NONE',  ( 0.0000000000000000000, 0.0000000000000000000, 1.000000000000000000 ) ) ;
#1887 = EDGE_CURVE ( 'NONE', #2168, #4395, #1944, .T. ) ;
#1888 = UNCERTAINTY_MEASURE_WITH_UNIT (LENGTH_MEASURE( 1.000000000000000100E-005 ), #805, 'distance_accuracy_value', 'NONE');
#1889 = VERTEX_POINT ( 'NONE', #1571 ) ;
#1890 = PLANE ( 'NONE',  #3441 ) ;
#1891 = VECTOR ( 'NONE', #2987, 1000.000000000000000 ) ;
#1892 = CARTESIAN_POINT ( 'NONE',  ( 0.1123200000000000000, 0.1123200000000000000, -0.1123199999999999900 ) ) ;
#1893 = ORIENTED_EDGE ( 'NONE', *, *, #395, .F. ) ;
#1894 = FILL_AREA_STYLE_COLOUR ( '', #4308 ) ;
#1895 = AXIS2_PLACEMENT_3D ( 'NONE', #808, #3714, #1172 ) ;
#1896 =( NAMED_UNIT ( * ) PLANE_ANGLE_UNIT ( ) SI_UNIT ( $, .RADIAN. ) );
#1897 = FACE_OUTER_BOUND ( 'NONE', #1402, .T. ) ;
#1898 = ORIENTED_EDGE ( 'NONE', *, *, #3910, .F. ) ;
#1899 = FACE_OUTER_BOUND ( 'NONE', #2805, .T. ) ;
#1900 = ADVANCED_FACE ( 'NONE', ( #555 ), #1626, .F. ) ;
#1901 = ORIENTED_EDGE ( 'NONE', *, *, #360, .T. ) ;
#1902 = AXIS2_PLACEMENT_3D ( 'NONE', #2968, #4024, #3329 ) ;
#1903 = CARTESIAN_POINT ( 'NONE',  ( 5.612320000000001300, 2.687679999999999800, 0.0000000000000000000 ) ) ;
#1904 = FACE_OUTER_BOUND ( 'NONE', #3245, .T. ) ;
#1905 = CARTESIAN_POINT ( 'NONE',  ( 0.6000543735329202400, 0.1144514952914939300, -0.1995509800254680600 ) ) ;
#1906 = ORIENTED_EDGE ( 'NONE', *, *, #2692, .T. ) ;
#1907 = PLANE ( 'NONE',  #382 ) ;
#1908 = EDGE_CURVE ( 'NONE', #273, #3271, #2327, .T. ) ;
#1909 =( GEOMETRIC_REPRESENTATION_CONTEXT ( 3 ) GLOBAL_UNCERTAINTY_ASSIGNED_CONTEXT ( ( #259 ) ) GLOBAL_UNIT_ASSIGNED_CONTEXT ( ( #2182, #468, #1140 ) ) REPRESENTATION_CONTEXT ( 'NONE', 'WORKASPACE' ) );
#1910 = ORIENTED_EDGE ( 'NONE', *, *, #335, .F. ) ;
#1911 = CARTESIAN_POINT ( 'NONE',  ( 0.6000027774523940500, 2.587100840322658500, -5.287218356280760600 ) ) ;
#1912 = FACE_OUTER_BOUND ( 'NONE', #2928, .T. ) ;
#1913 = EDGE_CURVE ( 'NONE', #1889, #4376, #3550, .T. ) ;
#1914 = UNCERTAINTY_MEASURE_WITH_UNIT (LENGTH_MEASURE( 1.000000000000000100E-005 ), #1458, 'distance_accuracy_value', 'NONE');
#1915 = EDGE_LOOP ( 'NONE', ( #3265, #4165, #2401, #3848 ) ) ;
#1916 = DIRECTION ( 'NONE',  ( -0.9985542843760948400, 0.0000000000000000000, -0.05375259206908063900 ) ) ;
#1917 = VECTOR ( 'NONE', #2946, 1000.000000000000000 ) ;
#1918 = CARTESIAN_POINT ( 'NONE',  ( 3.142967740597627700, 2.687679999999999800, -2.236745285315902900 ) ) ;
#1919 = ADVANCED_FACE ( 'NONE', ( #4151 ), #762, .T. ) ;
#1920 = VERTEX_POINT ( 'NONE', #3088 ) ;
#1921 =( LENGTH_UNIT ( ) NAMED_UNIT ( * ) SI_UNIT ( .MILLI., .METRE. ) );
#1922 = AXIS2_PLACEMENT_3D ( 'NONE', #260, #3512, #910 ) ;
#1923 = ADVANCED_FACE ( 'NONE', ( #4206 ), #2556, .T. ) ;
#1924 = SURFACE_STYLE_USAGE ( .BOTH. , #4086 ) ;
#1925 = LINE ( 'NONE', #1278, #2202 ) ;
#1926 = PRESENTATION_LAYER_ASSIGNMENT (  '', '', ( #2251 ) ) ;
#1927 = PLANE ( 'NONE',  #3828 ) ;
#1928 = CARTESIAN_POINT ( 'NONE',  ( 6.100000000000000500, 2.687679999999999800, 0.0000000000000000000 ) ) ;
#1929 = FILL_AREA_STYLE_COLOUR ( '', #793 ) ;
#1930 = CIRCLE ( 'NONE', #2419, 0.1123199999999999500 ) ;
#1931 = DIRECTION ( 'NONE',  ( -0.0000000000000000000, -1.000000000000000000, 0.0000000000000000000 ) ) ;
#1932 = ORIENTED_EDGE ( 'NONE', *, *, #2456, .T. ) ;
#1933 = AXIS2_PLACEMENT_3D ( 'NONE', #2146, #4012, #2175 ) ;
#1934 = STYLED_ITEM ( 'NONE', ( #2154 ), #2825 ) ;
#1935 = SURFACE_STYLE_FILL_AREA ( #3916 ) ;
#1936 = ORIENTED_EDGE ( 'NONE', *, *, #1130, .T. ) ;
#1937 = DIRECTION ( 'NONE',  ( -0.0000000000000000000, 1.000000000000000000, -0.0000000000000000000 ) ) ;
#1938 = EDGE_LOOP ( 'NONE', ( #2554, #3789, #2361, #4645 ) ) ;
#1939 = FILL_AREA_STYLE_COLOUR ( '', #3195 ) ;
#1940 = EDGE_CURVE ( 'NONE', #1148, #404, #2788, .T. ) ;
#1941 = DIRECTION ( 'NONE',  ( -0.0000000000000000000, -1.000000000000000000, -0.0000000000000000000 ) ) ;
#1942 = ORIENTED_EDGE ( 'NONE', *, *, #2726, .T. ) ;
#1943 = ORIENTED_EDGE ( 'NONE', *, *, #2159, .T. ) ;
#1944 = LINE ( 'NONE', #1257, #3923 ) ;
#1945 = MANIFOLD_SOLID_BREP ( 'Scale1[1]', #657 ) ;
#1946 = CARTESIAN_POINT ( 'NONE',  ( 5.987680000000000100, 0.1123200000000000000, -5.287679999999999900 ) ) ;
#1947 = ORIENTED_EDGE ( 'NONE', *, *, #2315, .T. ) ;
#1948 = CARTESIAN_POINT ( 'NONE',  ( 6.100000000000000500, 0.1123200000000000000, 0.0000000000000000000 ) ) ;
#1949 = CARTESIAN_POINT ( 'NONE',  ( 5.500000000000000000, 2.575359999999999000, -0.1123199999999982300 ) ) ;
#1950 = CARTESIAN_POINT ( 'NONE',  ( 3.294000000000014700, 2.692679999999999700, -4.056900046700764800 ) ) ;
#1951 = FACE_OUTER_BOUND ( 'NONE', #135, .T. ) ;
#1952 = ORIENTED_EDGE ( 'NONE', *, *, #3295, .F. ) ;
#1953 =( LENGTH_UNIT ( ) NAMED_UNIT ( * ) SI_UNIT ( .MILLI., .METRE. ) );
#1954 = DIRECTION ( 'NONE',  ( -0.0000000000000000000, 1.000000000000000000, -0.0000000000000000000 ) ) ;
#1955 = VERTEX_POINT ( 'NONE', #4327 ) ;
#1956 = CARTESIAN_POINT ( 'NONE',  ( 0.4876800000000007800, 2.687679999999999800, -5.287679999999999900 ) ) ;
#1957 = STYLED_ITEM ( 'NONE', ( #3344 ), #1093 ) ;
#1958 = CARTESIAN_POINT ( 'NONE',  ( 2.945662692117169400, 2.687679999999999800, -1.852891137658633200 ) ) ;
#1959 = VECTOR ( 'NONE', #64, 1000.000000000000200 ) ;
#1960 = ORIENTED_EDGE ( 'NONE', *, *, #190, .T. ) ;
#1961 = CARTESIAN_POINT ( 'NONE',  ( 3.067283914678575800, 2.692679999999999700, -2.729064943576893700 ) ) ;
#1962 = SURFACE_STYLE_FILL_AREA ( #2491 ) ;
#1963 = SURFACE_SIDE_STYLE ('',( #1977 ) ) ;
#1964 = AXIS2_PLACEMENT_3D ( 'NONE', #3689, #2590, #4033 ) ;
#1965 = AXIS2_PLACEMENT_3D ( 'NONE', #2286, #2230, #4280 ) ;
#1966 = ORIENTED_EDGE ( 'NONE', *, *, #237, .T. ) ;
#1967 = SURFACE_SIDE_STYLE ('',( #1294 ) ) ;
#1968 =( NAMED_UNIT ( * ) PLANE_ANGLE_UNIT ( ) SI_UNIT ( $, .RADIAN. ) );
#1969 = ORIENTED_EDGE ( 'NONE', *, *, #744, .T. ) ;
#1970 = EDGE_CURVE ( 'NONE', #274, #2798, #3312, .T. ) ;
#1971 = AXIS2_PLACEMENT_3D ( 'NONE', #883, #499, #3764 ) ;
#1972 = CYLINDRICAL_SURFACE ( 'NONE', #3025, 0.1123199999999999500 ) ;
#1973 = SURFACE_STYLE_USAGE ( .BOTH. , #1134 ) ;
#1974 =( BOUNDED_CURVE ( )  B_SPLINE_CURVE ( 3, ( #225, #2338, #3489, #939 ),
 .UNSPECIFIED., .F., .F. ) 
 B_SPLINE_CURVE_WITH_KNOTS ( ( 4, 4 ),
 ( 1.570796326794892600, 1.868047688116091200 ),
 .UNSPECIFIED. ) 
 CURVE ( )  GEOMETRIC_REPRESENTATION_ITEM ( )  RATIONAL_B_SPLINE_CURVE ( ( 1.000000000000000000, 0.9926503465430341900, 0.9926503465430341900, 1.000000000000000000 ) ) 
 REPRESENTATION_ITEM ( '' )  );
#1975 = DIRECTION ( 'NONE',  ( 0.0000000000000000000, 0.0000000000000000000, 1.000000000000000000 ) ) ;
#1976 = EDGE_LOOP ( 'NONE', ( #1673, #2757, #2583 ) ) ;
#1977 = SURFACE_STYLE_FILL_AREA ( #2620 ) ;
#1978 = VECTOR ( 'NONE', #1661, 1000.000000000000000 ) ;
#1979 = EDGE_CURVE ( 'NONE', #2022, #84, #2388, .T. ) ;
#1980 = CARTESIAN_POINT ( 'NONE',  ( 5.500000000000001800, 0.1123199999999999500, -5.400000000000000400 ) ) ;
#1981 = LINE ( 'NONE', #2262, #4245 ) ;
#1982 = CARTESIAN_POINT ( 'NONE',  ( 0.5999139314811475800, 0.1192533956990775700, -5.215943630607953600 ) ) ;
#1983 = DIRECTION ( 'NONE',  ( 0.0000000000000000000, 0.0000000000000000000, -1.000000000000000000 ) ) ;
#1984 = FILL_AREA_STYLE ('',( #917 ) ) ;
#1985 = FACE_OUTER_BOUND ( 'NONE', #1671, .T. ) ;
#1986 = VECTOR ( 'NONE', #2755, 1000.000000000000000 ) ;
#1987 = CARTESIAN_POINT ( 'NONE',  ( 5.504925775900102500, 0.1452177663371261000, -5.254782233662872700 ) ) ;
#1988 = CARTESIAN_POINT ( 'NONE',  ( 3.142938774847502600, 2.687679999999999800, -3.868477828883045300 ) ) ;
#1989 = VECTOR ( 'NONE', #2604, 1000.000000000000000 ) ;
#1990 = VECTOR ( 'NONE', #2050, 1000.000000000000000 ) ;
#1991 = LINE ( 'NONE', #3819, #1642 ) ;
#1992 = DIRECTION ( 'NONE',  ( -0.0000000000000000000, -1.000000000000000000, 0.0000000000000000000 ) ) ;
#1993 = CIRCLE ( 'NONE', #2046, 0.1123199999999999500 ) ;
#1994 = ORIENTED_EDGE ( 'NONE', *, *, #2662, .T. ) ;
#1995 = EDGE_CURVE ( 'NONE', #404, #1711, #160, .T. ) ;
#1996 = VERTEX_POINT ( 'NONE', #3261 ) ;
#1997 = FILL_AREA_STYLE ('',( #602 ) ) ;
#1998 = MECHANICAL_DESIGN_GEOMETRIC_PRESENTATION_REPRESENTATION (  '', ( #2418 ), #6 ) ;
#1999 = DIRECTION ( 'NONE',  ( -1.000000000000000000, -0.0000000000000000000, 0.0000000000000000000 ) ) ;
#2000 = B_SPLINE_CURVE_WITH_KNOTS ( 'NONE', 3,
 ( #1525, #3341, #2496, #364, #2594, #4415, #115, #3371, #3326, #2964 ),
 .UNSPECIFIED., .F., .F.,
 ( 4, 3, 3, 4 ),
 ( 5.421010862427522200E-020, 3.737793887600293500E-005, 7.483306597327528400E-005, 8.800504568266353900E-005 ),
 .UNSPECIFIED. ) ;
#2001 = CARTESIAN_POINT ( 'NONE',  ( 3.294000000000014700, 2.687679999999999800, -2.928558481708744700 ) ) ;
#2002 = ORIENTED_EDGE ( 'NONE', *, *, #2104, .F. ) ;
#2003 = CARTESIAN_POINT ( 'NONE',  ( 3.294000000000014700, 2.692679999999999700, -2.757597784819791500 ) ) ;
#2004 = EDGE_CURVE ( 'NONE', #4209, #3130, #1709, .T. ) ;
#2005 =( NAMED_UNIT ( * ) SI_UNIT ( $, .STERADIAN. ) SOLID_ANGLE_UNIT ( ) );
#2006 = VECTOR ( 'NONE', #806, 1000.000000000000000 ) ;
#2007 = ORIENTED_EDGE ( 'NONE', *, *, #2384, .F. ) ;
#2008 = CARTESIAN_POINT ( 'NONE',  ( 0.5987412343930137400, 2.670069581109936000, -0.1631224660761810000 ) ) ;
#2009 = CARTESIAN_POINT ( 'NONE',  ( 2.500140458105373700, 2.692679999999999700, -1.630775682670778900 ) ) ;
#2010 = FILL_AREA_STYLE_COLOUR ( '', #4009 ) ;
#2011 =( NAMED_UNIT ( * ) PLANE_ANGLE_UNIT ( ) SI_UNIT ( $, .RADIAN. ) );
#2012 = ORIENTED_EDGE ( 'NONE', *, *, #3684, .T. ) ;
#2013 =( GEOMETRIC_REPRESENTATION_CONTEXT ( 3 ) GLOBAL_UNCERTAINTY_ASSIGNED_CONTEXT ( ( #654 ) ) GLOBAL_UNIT_ASSIGNED_CONTEXT ( ( #2679, #478, #877 ) ) REPRESENTATION_CONTEXT ( 'NONE', 'WORKASPACE' ) );
#2014 = SURFACE_STYLE_USAGE ( .BOTH. , #3128 ) ;
#2015 = CIRCLE ( 'NONE', #4380, 0.1123199999999999500 ) ;
#2016 = DIRECTION ( 'NONE',  ( 0.8958676361826827300, 0.0000000000000000000, 0.4443210308329467700 ) ) ;
#2017 = ORIENTED_EDGE ( 'NONE', *, *, #3343, .T. ) ;
#2018 = AXIS2_PLACEMENT_3D ( 'NONE', #4065, #457, #2966 ) ;
#2019 = DIRECTION ( 'NONE',  ( 0.0000000000000000000, 1.000000000000000000, 0.0000000000000000000 ) ) ;
#2020 = VECTOR ( 'NONE', #3140, 1000.000000000000000 ) ;
#2021 = FILL_AREA_STYLE_COLOUR ( '', #297 ) ;
#2022 = VERTEX_POINT ( 'NONE', #3573 ) ;
#2023 = CARTESIAN_POINT ( 'NONE',  ( 2.653419977114756600, 2.687679999999999800, -4.467161305080550100 ) ) ;
#2024 =( NAMED_UNIT ( * ) PLANE_ANGLE_UNIT ( ) SI_UNIT ( $, .RADIAN. ) );
#2025 = CARTESIAN_POINT ( 'NONE',  ( 0.6000000000000003100, 2.676509739103873900, -5.276509739103874900 ) ) ;
#2026 = ORIENTED_EDGE ( 'NONE', *, *, #1216, .F. ) ;
#2027 = LINE ( 'NONE', #2336, #1860 ) ;
#2028 = FILL_AREA_STYLE ('',( #4186 ) ) ;
#2029 = CARTESIAN_POINT ( 'NONE',  ( 0.5983459177687908700, 2.665462624527664900, -0.1345373754723358500 ) ) ;
#2030 = CARTESIAN_POINT ( 'NONE',  ( 0.4876799999999999500, 2.687679999999999800, -5.287679999999999900 ) ) ;
#2031 = EDGE_CURVE ( 'NONE', #458, #1333, #383, .T. ) ;
#2032 = MANIFOLD_SOLID_BREP ( 'Scale1[3]', #156 ) ;
#2033 = ORIENTED_EDGE ( 'NONE', *, *, #3315, .F. ) ;
#2034 = SPHERICAL_SURFACE ( 'NONE', #1420, 0.1123200000000000000 ) ;
#2035 = CARTESIAN_POINT ( 'NONE',  ( 5.500000000000000000, 2.687679999999999800, -5.287679999999999900 ) ) ;
#2036 = COLOUR_RGB ( '',0.7686274509803920900, 0.7686274509803920900, 0.7686274509803920900 ) ;
#2037 = LINE ( 'NONE', #1350, #1190 ) ;
#2038 = MECHANICAL_DESIGN_GEOMETRIC_PRESENTATION_REPRESENTATION (  '', ( #3601 ), #2582 ) ;
#2039 = DIRECTION ( 'NONE',  ( -0.9615454294334449000, 0.0000000000000000000, -0.2746459304917006600 ) ) ;
#2040 = CARTESIAN_POINT ( 'NONE',  ( 6.100000000000000500, 2.687679999999999800, -0.1123199999999999900 ) ) ;
#2041 = CARTESIAN_POINT ( 'NONE',  ( 6.100000000000000500, 0.1123200000000000000, -5.400000000000000400 ) ) ;
#2042 = COLOUR_RGB ( '',0.7686274509803920900, 0.7686274509803920900, 0.7686274509803920900 ) ;
#2043 = FILL_AREA_STYLE ('',( #4222 ) ) ;
#2044 = VERTEX_POINT ( 'NONE', #2823 ) ;
#2045 = ORIENTED_EDGE ( 'NONE', *, *, #543, .F. ) ;
#2046 = AXIS2_PLACEMENT_3D ( 'NONE', #3244, #2142, #2875 ) ;
#2047 = DIRECTION ( 'NONE',  ( 0.0000000000000000000, 0.0000000000000000000, 1.000000000000000000 ) ) ;
#2048 = ORIENTED_EDGE ( 'NONE', *, *, #335, .T. ) ;
#2049 = CARTESIAN_POINT ( 'NONE',  ( 2.798931846913856900, 2.692679999999999700, -3.933655598874454800 ) ) ;
#2050 = DIRECTION ( 'NONE',  ( -0.0000000000000000000, -1.000000000000000000, 0.0000000000000000000 ) ) ;
#2051 = VECTOR ( 'NONE', #149, 1000.000000000000000 ) ;
#2052 = UNCERTAINTY_MEASURE_WITH_UNIT (LENGTH_MEASURE( 1.000000000000000100E-005 ), #3749, 'distance_accuracy_value', 'NONE');
#2053 = EDGE_CURVE ( 'NONE', #3884, #2557, #856, .T. ) ;
#2054 = PRESENTATION_STYLE_ASSIGNMENT (( #2523 ) ) ;
#2055 = AXIS2_PLACEMENT_3D ( 'NONE', #687, #1436, #1075 ) ;
#2056 = CARTESIAN_POINT ( 'NONE',  ( 0.5999999999999999800, 0.1123199999999999500, -0.2246399999999981700 ) ) ;
#2057 = ORIENTED_EDGE ( 'NONE', *, *, #2942, .F. ) ;
#2058 = CARTESIAN_POINT ( 'NONE',  ( 6.100000000000000500, 2.799999999999999800, -0.1123199999999999900 ) ) ;
#2059 = EDGE_CURVE ( 'NONE', #4376, #4348, #1993, .T. ) ;
#2060 = COLOUR_RGB ( '',0.7686274509803920900, 0.7686274509803920900, 0.7686274509803920900 ) ;
#2061 = ORIENTED_EDGE ( 'NONE', *, *, #1535, .F. ) ;
#2062 = VECTOR ( 'NONE', #3571, 1000.000000000000000 ) ;
#2063 = CARTESIAN_POINT ( 'NONE',  ( 5.504925775900102500, 0.1452177663371261000, -5.254782233662872700 ) ) ;
#2064 = EDGE_LOOP ( 'NONE', ( #879, #4220, #4233, #3511, #3774, #2396, #2101, #3728 ) ) ;
#2065 = SURFACE_STYLE_FILL_AREA ( #3620 ) ;
#2066 = CARTESIAN_POINT ( 'NONE',  ( 3.294000000000000000, 2.692679999999999700, -0.6750000000000000400 ) ) ;
#2067 = ORIENTED_EDGE ( 'NONE', *, *, #1845, .T. ) ;
#2068 = DIRECTION ( 'NONE',  ( -0.9610674221107078400, 0.0000000000000000000, -0.2763139702539095200 ) ) ;
#2069 = CARTESIAN_POINT ( 'NONE',  ( 0.4876800000000007800, 0.1123200000000000000, -5.287679999999999900 ) ) ;
#2070 = ORIENTED_EDGE ( 'NONE', *, *, #3041, .T. ) ;
#2071 = PLANE ( 'NONE',  #3006 ) ;
#2072 = CARTESIAN_POINT ( 'NONE',  ( 5.500942924539806700, 2.635259863643315100, -5.271174982254358100 ) ) ;
#2073 = ORIENTED_EDGE ( 'NONE', *, *, #2753, .T. ) ;
#2074 = FILL_AREA_STYLE_COLOUR ( '', #3949 ) ;
#2075 = EDGE_CURVE ( 'NONE', #998, #4097, #3365, .T. ) ;
#2076 = DIRECTION ( 'NONE',  ( 0.0000000000000000000, 0.0000000000000000000, -1.000000000000000000 ) ) ;
#2077 = PRESENTATION_LAYER_ASSIGNMENT (  '', '', ( #1117 ) ) ;
#2078 = AXIS2_PLACEMENT_3D ( 'NONE', #2868, #485, #3674 ) ;
#2079 = DIRECTION ( 'NONE',  ( -0.9610876102172832800, 0.0000000000000000000, -0.2762437428917279800 ) ) ;
#2080 = LINE ( 'NONE', #1631, #1127 ) ;
#2081 = SURFACE_SIDE_STYLE ('',( #2652 ) ) ;
#2082 = DIRECTION ( 'NONE',  ( 1.000000000000000000, 0.0000000000000000000, 0.0000000000000000000 ) ) ;
#2083 = CARTESIAN_POINT ( 'NONE',  ( 0.5999999999999998700, 2.687679999999999800, -0.1123199999999982300 ) ) ;
#2084 = SPHERICAL_SURFACE ( 'NONE', #4214, 0.1123200000000000000 ) ;
#2085 = EDGE_CURVE ( 'NONE', #1225, #2248, #267, .T. ) ;
#2086 = CARTESIAN_POINT ( 'NONE',  ( 5.500008434677455100, 2.686303520868485300, -5.192890475672494500 ) ) ;
#2087 = CARTESIAN_POINT ( 'NONE',  ( 0.5999999999999998700, 2.575359999999999400, -5.175360000000000400 ) ) ;
#2088 = AXIS2_PLACEMENT_3D ( 'NONE', #312, #666, #2417 ) ;
#2089 = FACE_OUTER_BOUND ( 'NONE', #1848, .T. ) ;
#2090 = FACE_OUTER_BOUND ( 'NONE', #1938, .T. ) ;
#2091 = CARTESIAN_POINT ( 'NONE',  ( 6.100000000000000500, 2.687679999999999800, -0.1123199999999999900 ) ) ;
#2092 = SURFACE_SIDE_STYLE ('',( #2630 ) ) ;
#2093 = FACE_OUTER_BOUND ( 'NONE', #1976, .T. ) ;
#2094 = SURFACE_STYLE_FILL_AREA ( #2954 ) ;
#2095 = FILL_AREA_STYLE_COLOUR ( '', #1512 ) ;
#2096 = EDGE_LOOP ( 'NONE', ( #3089, #2446, #3297, #2017 ) ) ;
#2097 = CARTESIAN_POINT ( 'NONE',  ( 2.798905294973047300, 2.687679999999999800, -1.894761132410661200 ) ) ;
#2098 = PLANE ( 'NONE',  #300 ) ;
#2099 = FACE_OUTER_BOUND ( 'NONE', #2299, .T. ) ;
#2100 = AXIS2_PLACEMENT_3D ( 'NONE', #3881, #2381, #3499 ) ;
#2101 = ORIENTED_EDGE ( 'NONE', *, *, #4561, .T. ) ;
#2102 = DIRECTION ( 'NONE',  ( 0.9615323037684311300, 0.0000000000000000000, 0.2746918797667187200 ) ) ;
#2103 = ORIENTED_EDGE ( 'NONE', *, *, #3447, .T. ) ;
#2104 = EDGE_CURVE ( 'NONE', #3660, #3951, #213, .T. ) ;
#2105 = ADVANCED_FACE ( 'NONE', ( #4556 ), #3760, .T. ) ;
#2106 =( GEOMETRIC_REPRESENTATION_CONTEXT ( 3 ) GLOBAL_UNCERTAINTY_ASSIGNED_CONTEXT ( ( #1040 ) ) GLOBAL_UNIT_ASSIGNED_CONTEXT ( ( #3446, #1968, #3807 ) ) REPRESENTATION_CONTEXT ( 'NONE', 'WORKASPACE' ) );
#2107 = B_SPLINE_CURVE_WITH_KNOTS ( 'NONE', 3,
 ( #1735, #1749, #3590, #3935, #4252, #2072, #709, #4626, #1052, #1344 ),
 .UNSPECIFIED., .F., .F.,
 ( 4, 3, 3, 4 ),
 ( 8.673617379884035500E-019, 3.737793887600303700E-005, 7.483306597327613800E-005, 8.800504568266016400E-005 ),
 .UNSPECIFIED. ) ;
#2108 = DIRECTION ( 'NONE',  ( 1.544447539153147100E-014, -1.000000000000000000, -0.0000000000000000000 ) ) ;
#2109 = DIRECTION ( 'NONE',  ( -0.4668459304955137600, 0.0000000000000000000, 0.8843386665637650300 ) ) ;
#2110 = VECTOR ( 'NONE', #2551, 1000.000000000000000 ) ;
#2111 = PLANE ( 'NONE',  #4579 ) ;
#2112 = ORIENTED_EDGE ( 'NONE', *, *, #2626, .T. ) ;
#2113 = CARTESIAN_POINT ( 'NONE',  ( -2.033509805128725000, 2.692679999999999700, 0.01221870379636692600 ) ) ;
#2114 = DIRECTION ( 'NONE',  ( -7.360257803776686400E-015, 0.0000000000000000000, 1.000000000000000000 ) ) ;
#2115 = EDGE_CURVE ( 'NONE', #2457, #4614, #4079, .T. ) ;
#2116 = ORIENTED_EDGE ( 'NONE', *, *, #1474, .T. ) ;
#2117 = PLANE ( 'NONE',  #649 ) ;
#2118 = LINE ( 'NONE', #46, #2180 ) ;
#2119 = DIRECTION ( 'NONE',  ( 0.9237839814038673000, 0.0000000000000000000, -0.3829140317376988300 ) ) ;
#2120 = ORIENTED_EDGE ( 'NONE', *, *, #1760, .T. ) ;
#2121 = AXIS2_PLACEMENT_3D ( 'NONE', #2040, #3549, #1719 ) ;
#2122 = VECTOR ( 'NONE', #4126, 1000.000000000000000 ) ;
#2123 = CARTESIAN_POINT ( 'NONE',  ( 2.653419977112785300, 2.692679999999999700, -4.241073954201232800 ) ) ;
#2124 = DIRECTION ( 'NONE',  ( 0.9611542233438712400, 0.0000000000000000000, 0.2760118818968482800 ) ) ;
#2125 = ORIENTED_EDGE ( 'NONE', *, *, #2290, .T. ) ;
#2126 = DIRECTION ( 'NONE',  ( -1.544447539153147100E-014, 1.000000000000000000, 0.0000000000000000000 ) ) ;
#2127 =( LENGTH_UNIT ( ) NAMED_UNIT ( * ) SI_UNIT ( .MILLI., .METRE. ) );
#2128 = CARTESIAN_POINT ( 'NONE',  ( 0.5999915653225459400, 0.2071095243275071200, -0.1136964791315124700 ) ) ;
#2129 = ORIENTED_EDGE ( 'NONE', *, *, #272, .F. ) ;
#2130 =( GEOMETRIC_REPRESENTATION_CONTEXT ( 3 ) GLOBAL_UNCERTAINTY_ASSIGNED_CONTEXT ( ( #3026 ) ) GLOBAL_UNIT_ASSIGNED_CONTEXT ( ( #3655, #1896, #2943 ) ) REPRESENTATION_CONTEXT ( 'NONE', 'WORKASPACE' ) );
#2131 = PRESENTATION_STYLE_ASSIGNMENT (( #1567 ) ) ;
#2132 = ADVANCED_FACE ( 'NONE', ( #154 ), #2937, .F. ) ;
#2133 = CARTESIAN_POINT ( 'NONE',  ( 2.945662692118831100, 2.687679999999999800, -3.551104910063110200 ) ) ;
#2134 = PRESENTATION_STYLE_ASSIGNMENT (( #3721 ) ) ;
#2135 = SURFACE_SIDE_STYLE ('',( #2301 ) ) ;
#2136 =( NAMED_UNIT ( * ) PLANE_ANGLE_UNIT ( ) SI_UNIT ( $, .RADIAN. ) );
#2137 = ORIENTED_EDGE ( 'NONE', *, *, #1246, .T. ) ;
#2138 = LINE ( 'NONE', #4127, #3407 ) ;
#2139 = PLANE ( 'NONE',  #642 ) ;
#2140 = LINE ( 'NONE', #1336, #1978 ) ;
#2141 = AXIS2_PLACEMENT_3D ( 'NONE', #4101, #119, #845 ) ;
#2142 = DIRECTION ( 'NONE',  ( 0.0000000000000000000, -1.000000000000000000, -0.0000000000000000000 ) ) ;
#2143 = ORIENTED_EDGE ( 'NONE', *, *, #997, .F. ) ;
#2144 = VECTOR ( 'NONE', #1029, 1000.000000000000000 ) ;
#2145 = PRESENTATION_STYLE_ASSIGNMENT (( #2212 ) ) ;
#2146 = CARTESIAN_POINT ( 'NONE',  ( 6.100000000000000500, 2.687679999999999800, -5.287679999999999900 ) ) ;
#2147 = DIRECTION ( 'NONE',  ( -1.544447539153147100E-014, 1.000000000000000000, 0.0000000000000000000 ) ) ;
#2148 = EDGE_CURVE ( 'NONE', #2618, #3434, #1645, .T. ) ;
#2149 = DIRECTION ( 'NONE',  ( 1.000000000000000000, 0.0000000000000000000, 0.0000000000000000000 ) ) ;
#2150 =( GEOMETRIC_REPRESENTATION_CONTEXT ( 3 ) GLOBAL_UNCERTAINTY_ASSIGNED_CONTEXT ( ( #459 ) ) GLOBAL_UNIT_ASSIGNED_CONTEXT ( ( #553, #1258, #4519 ) ) REPRESENTATION_CONTEXT ( 'NONE', 'WORKASPACE' ) );
#2151 = LINE ( 'NONE', #3364, #1189 ) ;
#2152 = LINE ( 'NONE', #2899, #3136 ) ;
#2153 = CARTESIAN_POINT ( 'NONE',  ( 0.4876799999999999500, 0.1123200000000000000, 0.0000000000000000000 ) ) ;
#2154 = PRESENTATION_STYLE_ASSIGNMENT (( #3190 ) ) ;
#2155 = CYLINDRICAL_SURFACE ( 'NONE', #253, 0.1123199999999999500 ) ;
#2156 = CARTESIAN_POINT ( 'NONE',  ( 5.504925775900062500, 2.654782233662873000, -0.1452177663371260500 ) ) ;
#2157 = VECTOR ( 'NONE', #3116, 1000.000000000000200 ) ;
#2158 = CARTESIAN_POINT ( 'NONE',  ( 5.987680000000000100, 0.1123200000000000000, -0.1123199999999999900 ) ) ;
#2159 = EDGE_CURVE ( 'NONE', #4611, #2534, #1082, .T. ) ;
#2160 = SURFACE_STYLE_FILL_AREA ( #4578 ) ;
#2161 = ORIENTED_EDGE ( 'NONE', *, *, #1851, .F. ) ;
#2162 = ADVANCED_FACE ( 'NONE', ( #2781 ), #2922, .T. ) ;
#2163 = ORIENTED_EDGE ( 'NONE', *, *, #1153, .T. ) ;
#2164 = VERTEX_POINT ( 'NONE', #3303 ) ;
#2165 = ORIENTED_EDGE ( 'NONE', *, *, #3, .F. ) ;
#2166 = CARTESIAN_POINT ( 'NONE',  ( 3.294000000000014700, 2.692679999999999700, -2.928558481708744700 ) ) ;
#2167 = AXIS2_PLACEMENT_3D ( 'NONE', #2204, #3996, #1813 ) ;
#2168 = VERTEX_POINT ( 'NONE', #460 ) ;
#2169 =( LENGTH_UNIT ( ) NAMED_UNIT ( * ) SI_UNIT ( .MILLI., .METRE. ) );
#2170 = UNCERTAINTY_MEASURE_WITH_UNIT (LENGTH_MEASURE( 1.000000000000000100E-005 ), #4517, 'distance_accuracy_value', 'NONE');
#2171 = FILL_AREA_STYLE ('',( #3646 ) ) ;
#2172 = VECTOR ( 'NONE', #3823, 1000.000000000000100 ) ;
#2173 = AXIS2_PLACEMENT_3D ( 'NONE', #3349, #2993, #492 ) ;
#2174 = ORIENTED_EDGE ( 'NONE', *, *, #2075, .F. ) ;
#2175 = DIRECTION ( 'NONE',  ( 0.0000000000000000000, 0.0000000000000000000, 1.000000000000000000 ) ) ;
#2176 = LINE ( 'NONE', #132, #171 ) ;
#2177 = SURFACE_STYLE_USAGE ( .BOTH. , #4371 ) ;
#2178 = ORIENTED_EDGE ( 'NONE', *, *, #1663, .F. ) ;
#2179 = EDGE_CURVE ( 'NONE', #3548, #1955, #2550, .T. ) ;
#2180 = VECTOR ( 'NONE', #4344, 1000.000000000000000 ) ;
#2181 = ADVANCED_FACE ( 'NONE', ( #2099 ), #1844, .F. ) ;
#2182 =( LENGTH_UNIT ( ) NAMED_UNIT ( * ) SI_UNIT ( .MILLI., .METRE. ) );
#2183 = VERTEX_POINT ( 'NONE', #1100 ) ;
#2184 = PRESENTATION_LAYER_ASSIGNMENT (  '', '', ( #4062 ) ) ;
#2185 = ORIENTED_EDGE ( 'NONE', *, *, #2820, .T. ) ;
#2186 = CARTESIAN_POINT ( 'NONE',  ( 0.5999999999999999800, 0.1123199999999999500, -5.400000000000000400 ) ) ;
#2187 = EDGE_LOOP ( 'NONE', ( #4630, #4609, #1826, #346 ) ) ;
#2188 =( NAMED_UNIT ( * ) SI_UNIT ( $, .STERADIAN. ) SOLID_ANGLE_UNIT ( ) );
#2189 = DIRECTION ( 'NONE',  ( 0.0000000000000000000, 0.0000000000000000000, -1.000000000000000000 ) ) ;
#2190 = AXIS2_PLACEMENT_3D ( 'NONE', #4523, #1275, #1244 ) ;
#2191 = ORIENTED_EDGE ( 'NONE', *, *, #4649, .T. ) ;
#2192 =( NAMED_UNIT ( * ) SI_UNIT ( $, .STERADIAN. ) SOLID_ANGLE_UNIT ( ) );
#2193 = FILL_AREA_STYLE_COLOUR ( '', #4407 ) ;
#2194 = LINE ( 'NONE', #2775, #3581 ) ;
#2195 = VECTOR ( 'NONE', #2727, 1000.000000000000000 ) ;
#2196 = FACE_OUTER_BOUND ( 'NONE', #2567, .T. ) ;
#2197 = CARTESIAN_POINT ( 'NONE',  ( 2.500140458105373700, 2.692679999999999700, -2.421517818365376100 ) ) ;
#2198 = MECHANICAL_DESIGN_GEOMETRIC_PRESENTATION_REPRESENTATION (  '', ( #2684 ), #1050 ) ;
#2199 = PRESENTATION_LAYER_ASSIGNMENT (  '', '', ( #1240 ) ) ;
#2200 = SURFACE_STYLE_USAGE ( .BOTH. , #1132 ) ;
#2201 = ADVANCED_FACE ( 'NONE', ( #4484 ), #2584, .T. ) ;
#2202 = VECTOR ( 'NONE', #181, 1000.000000000000000 ) ;
#2203 = CARTESIAN_POINT ( 'NONE',  ( 0.4876799999999998900, 0.0000000000000000000, -5.287679999999999900 ) ) ;
#2204 = CARTESIAN_POINT ( 'NONE',  ( 6.100000000000000500, 2.687679999999999800, -0.1123199999999999900 ) ) ;
#2205 = EDGE_CURVE ( 'NONE', #3165, #4236, #3361, .T. ) ;
#2206 = CARTESIAN_POINT ( 'NONE',  ( 2.500140458105373700, 2.687679999999999800, -2.759594511516080900 ) ) ;
#2207 = AXIS2_PLACEMENT_3D ( 'NONE', #1252, #4462, #3796 ) ;
#2208 = LINE ( 'NONE', #2765, #4661 ) ;
#2209 = SURFACE_SIDE_STYLE ('',( #3058 ) ) ;
#2210 = CARTESIAN_POINT ( 'NONE',  ( 3.294000000000014700, 2.692679999999999700, -3.130290462645080900 ) ) ;
#2211 = EDGE_CURVE ( 'NONE', #4512, #2457, #3973, .T. ) ;
#2212 = SURFACE_STYLE_USAGE ( .BOTH. , #2135 ) ;
#2213 = ORIENTED_EDGE ( 'NONE', *, *, #3113, .F. ) ;
#2214 = CARTESIAN_POINT ( 'NONE',  ( 6.100000000000000500, 0.0000000000000000000, -0.1123199999999999900 ) ) ;
#2215 = ORIENTED_EDGE ( 'NONE', *, *, #4595, .F. ) ;
#2216 = ORIENTED_EDGE ( 'NONE', *, *, #1541, .T. ) ;
#2217 = PRODUCT ( 'CCS_CCSTD_2220_L6.1W5.4T2.8B0.6', 'CCS_CCSTD_2220_L6.1W5.4T2.8B0.6', '', ( #3122 ) ) ;
#2218 = CARTESIAN_POINT ( 'NONE',  ( 0.4876799999999998900, 0.1123200000000000000, 0.0000000000000000000 ) ) ;
#2219 = ORIENTED_EDGE ( 'NONE', *, *, #3315, .T. ) ;
#2220 = CARTESIAN_POINT ( 'NONE',  ( 2.500140458105373700, 2.692679999999999700, -4.728567563735139400 ) ) ;
#2221 = FACE_OUTER_BOUND ( 'NONE', #1853, .T. ) ;
#2222 = ADVANCED_FACE ( 'NONE', ( #1365 ), #4441, .F. ) ;
#2223 = PLANE ( 'NONE',  #3676 ) ;
#2224 = ORIENTED_EDGE ( 'NONE', *, *, #2753, .F. ) ;
#2225 =( NAMED_UNIT ( * ) SI_UNIT ( $, .STERADIAN. ) SOLID_ANGLE_UNIT ( ) );
#2226 = CARTESIAN_POINT ( 'NONE',  ( 5.502629779276083400, 2.663517262623244600, -0.1550405786893564500 ) ) ;
#2227 = MECHANICAL_DESIGN_GEOMETRIC_PRESENTATION_REPRESENTATION (  '', ( #2806 ), #3062 ) ;
#2228 = CARTESIAN_POINT ( 'NONE',  ( 0.1123199999999999500, 2.799999999999999800, 0.0000000000000000000 ) ) ;
#2229 = UNCERTAINTY_MEASURE_WITH_UNIT (LENGTH_MEASURE( 1.000000000000000100E-005 ), #3000, 'distance_accuracy_value', 'NONE');
#2230 = DIRECTION ( 'NONE',  ( 0.0000000000000000000, 1.000000000000000000, 0.0000000000000000000 ) ) ;
#2231 = ORIENTED_EDGE ( 'NONE', *, *, #2294, .F. ) ;
#2232 = EDGE_CURVE ( 'NONE', #1592, #1383, #3080, .T. ) ;
#2233 = AXIS2_PLACEMENT_3D ( 'NONE', #1321, #3837, #275 ) ;
#2234 = ORIENTED_EDGE ( 'NONE', *, *, #2031, .T. ) ;
#2235 = FILL_AREA_STYLE_COLOUR ( '', #1011 ) ;
#2236 = EDGE_CURVE ( 'NONE', #3394, #2994, #1874, .T. ) ;
#2237 = DIRECTION ( 'NONE',  ( 0.0000000000000000000, 0.0000000000000000000, 1.000000000000000000 ) ) ;
#2238 = DIRECTION ( 'NONE',  ( -0.9620200793798762100, 0.0000000000000000000, -0.2729786930695083400 ) ) ;
#2239 = DIRECTION ( 'NONE',  ( 0.0000000000000000000, -7.360257803776688000E-015, 1.000000000000000000 ) ) ;
#2240 = VERTEX_POINT ( 'NONE', #3009 ) ;
#2241 = DIRECTION ( 'NONE',  ( 1.000000000000000000, -0.0000000000000000000, -0.0000000000000000000 ) ) ;
#2242 =( GEOMETRIC_REPRESENTATION_CONTEXT ( 3 ) GLOBAL_UNCERTAINTY_ASSIGNED_CONTEXT ( ( #4347 ) ) GLOBAL_UNIT_ASSIGNED_CONTEXT ( ( #4581, #3494, #2005 ) ) REPRESENTATION_CONTEXT ( 'NONE', 'WORKASPACE' ) );
#2243 = VERTEX_POINT ( 'NONE', #504 ) ;
#2244 = FACE_OUTER_BOUND ( 'NONE', #3125, .T. ) ;
#2245 = ADVANCED_FACE ( 'NONE', ( #911 ), #1907, .F. ) ;
#2246 = PLANE ( 'NONE',  #3649 ) ;
#2247 = DIRECTION ( 'NONE',  ( 0.0000000000000000000, -1.000000000000000000, 0.0000000000000000000 ) ) ;
#2248 = VERTEX_POINT ( 'NONE', #1546 ) ;
#2249 = CIRCLE ( 'NONE', #1089, 0.1123199999999999500 ) ;
#2250 = LINE ( 'NONE', #815, #2537 ) ;
#2251 = STYLED_ITEM ( 'NONE', ( #114 ), #1805 ) ;
#2252 = UNCERTAINTY_MEASURE_WITH_UNIT (LENGTH_MEASURE( 1.000000000000000100E-005 ), #3082, 'distance_accuracy_value', 'NONE');
#2253 = DIRECTION ( 'NONE',  ( 0.0000000000000000000, 0.0000000000000000000, 1.000000000000000000 ) ) ;
#2254 = DIRECTION ( 'NONE',  ( 0.0000000000000000000, -0.0000000000000000000, 1.000000000000000000 ) ) ;
#2255 = CARTESIAN_POINT ( 'NONE',  ( 5.503984155148903500, 2.657856139314828300, -0.1482916719885582200 ) ) ;
#2256 = LINE ( 'NONE', #2097, #4070 ) ;
#2257 = LINE ( 'NONE', #3250, #4306 ) ;
#2258 = MECHANICAL_DESIGN_GEOMETRIC_PRESENTATION_REPRESENTATION (  '', ( #872 ), #3503 ) ;
#2259 = CARTESIAN_POINT ( 'NONE',  ( 2.500140458105373700, 2.692679999999999700, -1.755858281729635300 ) ) ;
#2260 = LINE ( 'NONE', #3347, #2440 ) ;
#2261 = EDGE_CURVE ( 'NONE', #3608, #2975, #3425, .T. ) ;
#2262 = CARTESIAN_POINT ( 'NONE',  ( 0.5999999999999998700, 2.575359999999999400, -5.287679999999999900 ) ) ;
#2263 = EDGE_LOOP ( 'NONE', ( #4674, #2728, #2873, #1734 ) ) ;
#2264 = VERTEX_POINT ( 'NONE', #4488 ) ;
#2265 = CARTESIAN_POINT ( 'NONE',  ( 0.0000000000000000000, 0.1123200000000000000, 0.0000000000000000000 ) ) ;
#2266 = FILL_AREA_STYLE ('',( #1206 ) ) ;
#2267 = CARTESIAN_POINT ( 'NONE',  ( 2.651247545699367600, 2.692679999999999700, -1.937726998119464500 ) ) ;
#2268 = EDGE_CURVE ( 'NONE', #765, #3673, #3593, .T. ) ;
#2269 = ORIENTED_EDGE ( 'NONE', *, *, #4004, .T. ) ;
#2270 = CARTESIAN_POINT ( 'NONE',  ( 0.5960158448510974900, 0.1421438606851705100, -0.1482916719885584200 ) ) ;
#2271 = ORIENTED_EDGE ( 'NONE', *, *, #3041, .F. ) ;
#2272 = FACE_OUTER_BOUND ( 'NONE', #2858, .T. ) ;
#2273 = VERTEX_POINT ( 'NONE', #2674 ) ;
#2274 =( NAMED_UNIT ( * ) PLANE_ANGLE_UNIT ( ) SI_UNIT ( $, .RADIAN. ) );
#2275 = AXIS2_PLACEMENT_3D ( 'NONE', #564, #915, #3466 ) ;
#2276 = EDGE_LOOP ( 'NONE', ( #3793, #1558, #3208, #739 ) ) ;
#2277 = CARTESIAN_POINT ( 'NONE',  ( 2.500140458105373700, 2.692679999999999700, -3.454171021088409300 ) ) ;
#2278 = FILL_AREA_STYLE_COLOUR ( '', #2817 ) ;
#2279 =( LENGTH_UNIT ( ) NAMED_UNIT ( * ) SI_UNIT ( .MILLI., .METRE. ) );
#2280 = DIRECTION ( 'NONE',  ( 0.0000000000000000000, 1.000000000000000000, 0.0000000000000000000 ) ) ;
#2281 = ADVANCED_FACE ( 'NONE', ( #320 ), #3376, .F. ) ;
#2282 = ORIENTED_EDGE ( 'NONE', *, *, #1311, .F. ) ;
#2283 = DIRECTION ( 'NONE',  ( 0.2760118818968483300, 0.0000000000000000000, -0.9611542233438713500 ) ) ;
#2284 = LINE ( 'NONE', #2681, #4226 ) ;
#2285 = VECTOR ( 'NONE', #2455, 1000.000000000000000 ) ;
#2286 = CARTESIAN_POINT ( 'NONE',  ( 0.4876799999999999500, 2.687679999999999800, -0.1123199999999999900 ) ) ;
#2287 = EDGE_LOOP ( 'NONE', ( #1209, #635, #1794, #1373, #615, #2515 ) ) ;
#2288 = FILL_AREA_STYLE ('',( #2707 ) ) ;
#2289 = CARTESIAN_POINT ( 'NONE',  ( 0.4876799999999999500, 2.687679999999999800, -0.1123199999999999900 ) ) ;
#2290 = EDGE_CURVE ( 'NONE', #2264, #2164, #1524, .T. ) ;
#2291 = PRESENTATION_LAYER_ASSIGNMENT (  '', '', ( #736 ) ) ;
#2292 =( NAMED_UNIT ( * ) PLANE_ANGLE_UNIT ( ) SI_UNIT ( $, .RADIAN. ) );
#2293 = EDGE_LOOP ( 'NONE', ( #2048, #2903, #2746, #4000 ) ) ;
#2294 = EDGE_CURVE ( 'NONE', #1282, #4611, #2719, .T. ) ;
#2295 = ORIENTED_EDGE ( 'NONE', *, *, #2232, .F. ) ;
#2296 = DIRECTION ( 'NONE',  ( 0.0000000000000000000, 1.000000000000000000, -0.0000000000000000000 ) ) ;
#2297 = FILL_AREA_STYLE_COLOUR ( '', #3578 ) ;
#2298 = CARTESIAN_POINT ( 'NONE',  ( 2.500140458105373700, 2.692679999999999700, -1.369523908665738700 ) ) ;
#2299 = EDGE_LOOP ( 'NONE', ( #4187, #2904, #4258, #4426 ) ) ;
#2300 = SURFACE_SIDE_STYLE ('',( #1375 ) ) ;
#2301 = SURFACE_STYLE_FILL_AREA ( #4378 ) ;
#2302 = CARTESIAN_POINT ( 'NONE',  ( 5.612320000000043100, -7.531961758941410900E-015, -5.400000000000000400 ) ) ;
#2303 = LINE ( 'NONE', #2056, #2601 ) ;
#2304 = DIRECTION ( 'NONE',  ( 0.0000000000000000000, -0.0000000000000000000, -1.000000000000000000 ) ) ;
#2305 = UNCERTAINTY_MEASURE_WITH_UNIT (LENGTH_MEASURE( 1.000000000000000100E-005 ), #981, 'distance_accuracy_value', 'NONE');
#2306 = CARTESIAN_POINT ( 'NONE',  ( 0.5950742240999387100, 2.654782233662874400, -5.254782233662871800 ) ) ;
#2307 = STYLED_ITEM ( 'NONE', ( #3114 ), #1427 ) ;
#2308 = DIRECTION ( 'NONE',  ( -0.0000000000000000000, -0.0000000000000000000, 1.000000000000000000 ) ) ;
#2309 = CARTESIAN_POINT ( 'NONE',  ( 3.142967740597627700, 2.692679999999999700, -1.796673440335074400 ) ) ;
#2310 = DIRECTION ( 'NONE',  ( 0.0000000000000000000, 0.0000000000000000000, 1.000000000000000000 ) ) ;
#2311 = FILL_AREA_STYLE ('',( #4535 ) ) ;
#2312 = DIRECTION ( 'NONE',  ( 0.9610664548998939500, 0.0000000000000000000, 0.2763173343569854700 ) ) ;
#2313 = LINE ( 'NONE', #4629, #1990 ) ;
#2314 = CARTESIAN_POINT ( 'NONE',  ( 0.5999999999999998700, 0.0000000000000000000, -5.287679999999999900 ) ) ;
#2315 = EDGE_CURVE ( 'NONE', #2534, #3398, #4310, .T. ) ;
#2316 = AXIS2_PLACEMENT_3D ( 'NONE', #1518, #821, #4444 ) ;
#2317 =( GEOMETRIC_REPRESENTATION_CONTEXT ( 3 ) GLOBAL_UNCERTAINTY_ASSIGNED_CONTEXT ( ( #2335 ) ) GLOBAL_UNIT_ASSIGNED_CONTEXT ( ( #11, #88, #4049 ) ) REPRESENTATION_CONTEXT ( 'NONE', 'WORKASPACE' ) );
#2318 = PLANE ( 'NONE',  #118 ) ;
#2319 = DIRECTION ( 'NONE',  ( 0.0000000000000000000, 0.0000000000000000000, 1.000000000000000000 ) ) ;
#2320 = CARTESIAN_POINT ( 'NONE',  ( 3.294000000000014700, 2.687679999999999800, -4.283040501459447000 ) ) ;
#2321 = VERTEX_POINT ( 'NONE', #1531 ) ;
#2322 = DIRECTION ( 'NONE',  ( -1.000000000000000000, 0.0000000000000000000, 0.0000000000000000000 ) ) ;
#2323 = EDGE_CURVE ( 'NONE', #970, #466, #2260, .T. ) ;
#2324 = CARTESIAN_POINT ( 'NONE',  ( 3.142967740597627700, 2.692679999999999700, -1.796673440335074400 ) ) ;
#2325 = ORIENTED_EDGE ( 'NONE', *, *, #4243, .F. ) ;
#2326 = ORIENTED_EDGE ( 'NONE', *, *, #1600, .T. ) ;
#2327 = LINE ( 'NONE', #1950, #108 ) ;
#2328 = VERTEX_POINT ( 'NONE', #150 ) ;
#2329 = FILL_AREA_STYLE ('',( #1284 ) ) ;
#2330 = DIRECTION ( 'NONE',  ( 1.000000000000000000, 0.0000000000000000000, 0.0000000000000000000 ) ) ;
#2331 =( NAMED_UNIT ( * ) SI_UNIT ( $, .STERADIAN. ) SOLID_ANGLE_UNIT ( ) );
#2332 = FACE_OUTER_BOUND ( 'NONE', #651, .T. ) ;
#2333 = VERTEX_POINT ( 'NONE', #3056 ) ;
#2334 = DIRECTION ( 'NONE',  ( -0.0000000000000000000, -1.000000000000000000, 0.0000000000000000000 ) ) ;
#2335 = UNCERTAINTY_MEASURE_WITH_UNIT (LENGTH_MEASURE( 1.000000000000000100E-005 ), #11, 'distance_accuracy_value', 'NONE');
#2336 = CARTESIAN_POINT ( 'NONE',  ( 3.294000000000000000, 2.692679999999999700, -0.6750000000000000400 ) ) ;
#2337 = PRESENTATION_STYLE_ASSIGNMENT (( #3753 ) ) ;
#2338 = CARTESIAN_POINT ( 'NONE',  ( 0.5999999999999998700, 0.1234902608961250400, -0.1234902608961258600 ) ) ;
#2339 = ORIENTED_EDGE ( 'NONE', *, *, #456, .F. ) ;
#2340 = SURFACE_STYLE_USAGE ( .BOTH. , #523 ) ;
#2341 = MECHANICAL_DESIGN_GEOMETRIC_PRESENTATION_REPRESENTATION (  '', ( #3193 ), #4545 ) ;
#2342 = DIRECTION ( 'NONE',  ( 0.002813301676014987300, 0.0000000000000000000, -0.9999960426590095400 ) ) ;
#2343 = CIRCLE ( 'NONE', #408, 0.1123199999999999500 ) ;
#2344 = EDGE_LOOP ( 'NONE', ( #1947, #2913, #4558 ) ) ;
#2345 = FILL_AREA_STYLE ('',( #1283 ) ) ;
#2346 = COLOUR_RGB ( '',0.7686274509803920900, 0.7686274509803920900, 0.7686274509803920900 ) ;
#2347 = CARTESIAN_POINT ( 'NONE',  ( 5.500000000000000000, 2.575359999999999000, -5.287679999999999900 ) ) ;
#2348 =( LENGTH_UNIT ( ) NAMED_UNIT ( * ) SI_UNIT ( .MILLI., .METRE. ) );
#2349 = CARTESIAN_POINT ( 'NONE',  ( 0.5987412343930137400, 0.1299304188900636500, -5.236877533923817800 ) ) ;
#2350 =( GEOMETRIC_REPRESENTATION_CONTEXT ( 3 ) GLOBAL_UNCERTAINTY_ASSIGNED_CONTEXT ( ( #3755 ) ) GLOBAL_UNIT_ASSIGNED_CONTEXT ( ( #3498, #4227, #281 ) ) REPRESENTATION_CONTEXT ( 'NONE', 'WORKASPACE' ) );
#2351 = PRESENTATION_LAYER_ASSIGNMENT (  '', '', ( #1872 ) ) ;
#2352 = ORIENTED_EDGE ( 'NONE', *, *, #912, .T. ) ;
#2353 = FACE_OUTER_BOUND ( 'NONE', #2420, .T. ) ;
#2354 = CARTESIAN_POINT ( 'NONE',  ( 0.1123200000000000000, 2.687679999999999800, -0.1123199999999999900 ) ) ;
#2355 = PLANE ( 'NONE',  #4474 ) ;
#2356 = DIRECTION ( 'NONE',  ( 1.544447539153140800E-014, -1.000000000000000000, 0.0000000000000000000 ) ) ;
#2357 = EDGE_LOOP ( 'NONE', ( #2231, #4088, #4005, #3658 ) ) ;
#2358 = EDGE_CURVE ( 'NONE', #4316, #587, #4665, .T. ) ;
#2359 =( LENGTH_UNIT ( ) NAMED_UNIT ( * ) SI_UNIT ( .MILLI., .METRE. ) );
#2360 = CARTESIAN_POINT ( 'NONE',  ( 3.294000000000014700, 2.692679999999999700, -1.438848608204118500 ) ) ;
#2361 = ORIENTED_EDGE ( 'NONE', *, *, #65, .F. ) ;
#2362 = EDGE_CURVE ( 'NONE', #712, #1092, #2609, .T. ) ;
#2363 = DIRECTION ( 'NONE',  ( 1.000000000000000000, 0.0000000000000000000, -0.0000000000000000000 ) ) ;
#2364 = CARTESIAN_POINT ( 'NONE',  ( 3.294000000000014700, 2.687679999999999800, -1.438848608204118500 ) ) ;
#2365 =( NAMED_UNIT ( * ) PLANE_ANGLE_UNIT ( ) SI_UNIT ( $, .RADIAN. ) );
#2366 = PRESENTATION_STYLE_ASSIGNMENT (( #1392 ) ) ;
#2367 = CARTESIAN_POINT ( 'NONE',  ( 2.945662692117169400, 2.692679999999999700, -1.852891137658633200 ) ) ;
#2368 = FACE_OUTER_BOUND ( 'NONE', #3569, .T. ) ;
#2369 = COLOUR_RGB ( '',0.7686274509803920900, 0.7686274509803920900, 0.7686274509803920900 ) ;
#2370 = CARTESIAN_POINT ( 'NONE',  ( 6.100000000000000500, 0.1123200000000000000, -0.1123199999999999900 ) ) ;
#2371 =( NAMED_UNIT ( * ) PLANE_ANGLE_UNIT ( ) SI_UNIT ( $, .RADIAN. ) );
#2372 = PRESENTATION_LAYER_ASSIGNMENT (  '', '', ( #3955 ) ) ;
#2373 = B_SPLINE_CURVE_WITH_KNOTS ( 'NONE', 3,
 ( #1286, #3827, #2349, #2683, #1982, #884, #4161, #3483, #4500, #4553 ),
 .UNSPECIFIED., .F., .F.,
 ( 4, 3, 3, 4 ),
 ( 0.0000000000000000000, 3.535348412143881100E-005, 7.052049924266524300E-005, 8.790586026857200100E-005 ),
 .UNSPECIFIED. ) ;
#2374 = LINE ( 'NONE', #1660, #1306 ) ;
#2375 = DIRECTION ( 'NONE',  ( 0.0000000000000000000, 0.0000000000000000000, 1.000000000000000000 ) ) ;
#2376 = CARTESIAN_POINT ( 'NONE',  ( 6.100000000000000500, 0.0000000000000000000, -0.1123199999999999900 ) ) ;
#2377 = CARTESIAN_POINT ( 'NONE',  ( 0.4876799999999999500, 2.799999999999999800, -0.1123200000000008200 ) ) ;
#2378 =( GEOMETRIC_REPRESENTATION_CONTEXT ( 3 ) GLOBAL_UNCERTAINTY_ASSIGNED_CONTEXT ( ( #2170 ) ) GLOBAL_UNIT_ASSIGNED_CONTEXT ( ( #4517, #4164, #2331 ) ) REPRESENTATION_CONTEXT ( 'NONE', 'WORKASPACE' ) );
#2379 = ORIENTED_EDGE ( 'NONE', *, *, #3997, .T. ) ;
#2380 = DIRECTION ( 'NONE',  ( 1.000000000000000000, 0.0000000000000000000, -0.0000000000000000000 ) ) ;
#2381 = DIRECTION ( 'NONE',  ( 0.0000000000000000000, -1.000000000000000000, 0.0000000000000000000 ) ) ;
#2382 = CARTESIAN_POINT ( 'NONE',  ( 0.5983459177687909800, 2.665462624527664000, -5.265462624527665400 ) ) ;
#2383 = ORIENTED_EDGE ( 'NONE', *, *, #1030, .F. ) ;
#2384 = EDGE_CURVE ( 'NONE', #2687, #1377, #1580, .T. ) ;
#2385 = VERTEX_POINT ( 'NONE', #3757 ) ;
#2386 = PRESENTATION_LAYER_ASSIGNMENT (  '', '', ( #2542 ) ) ;
#2387 = CARTESIAN_POINT ( 'NONE',  ( 3.294000000000000000, 2.687679999999999800, -0.6750000000000000400 ) ) ;
#2388 = LINE ( 'NONE', #721, #1091 ) ;
#2389 = ORIENTED_EDGE ( 'NONE', *, *, #2085, .T. ) ;
#2390 = VERTEX_POINT ( 'NONE', #3473 ) ;
#2391 = CARTESIAN_POINT ( 'NONE',  ( 6.100000000000000500, 0.0000000000000000000, -5.287679999999999900 ) ) ;
#2392 = EDGE_CURVE ( 'NONE', #4081, #3274, #262, .T. ) ;
#2393 = PRESENTATION_STYLE_ASSIGNMENT (( #1542 ) ) ;
#2394 = CARTESIAN_POINT ( 'NONE',  ( 2.500140458105373700, 2.692679999999999700, -2.342335107203581800 ) ) ;
#2395 = VECTOR ( 'NONE', #78, 1000.000000000000000 ) ;
#2396 = ORIENTED_EDGE ( 'NONE', *, *, #2205, .T. ) ;
#2397 = CARTESIAN_POINT ( 'NONE',  ( 2.945662692117169400, 2.692679999999999700, -1.852891137658633200 ) ) ;
#2398 = CARTESIAN_POINT ( 'NONE',  ( 0.5999999999999999800, 2.687679999999999800, -0.2246400000000007800 ) ) ;
#2399 = CARTESIAN_POINT ( 'NONE',  ( 0.5999999999999999800, 0.1123199999999999500, -0.1123199999999999500 ) ) ;
#2400 = CARTESIAN_POINT ( 'NONE',  ( 0.4876799999999998900, 0.1123200000000000000, -0.1123199999999999900 ) ) ;
#2401 = ORIENTED_EDGE ( 'NONE', *, *, #389, .F. ) ;
#2402 = MECHANICAL_DESIGN_GEOMETRIC_PRESENTATION_REPRESENTATION (  '', ( #3844 ), #2242 ) ;
#2403 = UNCERTAINTY_MEASURE_WITH_UNIT (LENGTH_MEASURE( 1.000000000000000100E-005 ), #2279, 'distance_accuracy_value', 'NONE');
#2404 = FACE_OUTER_BOUND ( 'NONE', #2848, .T. ) ;
#2405 =( LENGTH_UNIT ( ) NAMED_UNIT ( * ) SI_UNIT ( .MILLI., .METRE. ) );
#2406 = VERTEX_POINT ( 'NONE', #1303 ) ;
#2407 = DIRECTION ( 'NONE',  ( -0.9612934544747570000, 0.0000000000000000000, -0.2755265765475047900 ) ) ;
#2408 = CARTESIAN_POINT ( 'NONE',  ( 2.500140458105373700, 2.692679999999999700, -3.454171021088409300 ) ) ;
#2409 = SURFACE_STYLE_FILL_AREA ( #2879 ) ;
#2410 = ORIENTED_EDGE ( 'NONE', *, *, #4359, .F. ) ;
#2411 =( GEOMETRIC_REPRESENTATION_CONTEXT ( 3 ) GLOBAL_UNCERTAINTY_ASSIGNED_CONTEXT ( ( #2520 ) ) GLOBAL_UNIT_ASSIGNED_CONTEXT ( ( #1143, #842, #1497 ) ) REPRESENTATION_CONTEXT ( 'NONE', 'WORKASPACE' ) );
#2412 = CARTESIAN_POINT ( 'NONE',  ( 2.798905294973047300, 2.692679999999999700, -1.894761132410661200 ) ) ;
#2413 = FACE_OUTER_BOUND ( 'NONE', #350, .T. ) ;
#2414 = CARTESIAN_POINT ( 'NONE',  ( 5.987680000000000100, 2.687679999999999800, -5.287679999999999900 ) ) ;
#2415 = VERTEX_POINT ( 'NONE', #3074 ) ;
#2416 = DIRECTION ( 'NONE',  ( -1.000000000000000000, -0.0000000000000000000, 0.0000000000000000000 ) ) ;
#2417 = DIRECTION ( 'NONE',  ( 0.0000000000000000000, 0.0000000000000000000, -1.000000000000000000 ) ) ;
#2418 = STYLED_ITEM ( 'NONE', ( #1875 ), #3934 ) ;
#2419 = AXIS2_PLACEMENT_3D ( 'NONE', #4115, #4098, #177 ) ;
#2420 = EDGE_LOOP ( 'NONE', ( #157, #1177, #1042, #1113 ) ) ;
#2421 = LINE ( 'NONE', #2495, #1561 ) ;
#2422 = SURFACE_SIDE_STYLE ('',( #4131 ) ) ;
#2423 = EDGE_CURVE ( 'NONE', #466, #14, #429, .T. ) ;
#2424 = STYLED_ITEM ( 'NONE', ( #3246 ), #2869 ) ;
#2425 = EDGE_LOOP ( 'NONE', ( #3018, #4587, #824, #1658, #4172, #827 ) ) ;
#2426 = FILL_AREA_STYLE_COLOUR ( '', #2921 ) ;
#2427 = CARTESIAN_POINT ( 'NONE',  ( 2.583844240417757300, 2.692679999999999700, -3.132491859809354300 ) ) ;
#2428 = COLOUR_RGB ( '',0.7686274509803920900, 0.7686274509803920900, 0.7686274509803920900 ) ;
#2429 = DIRECTION ( 'NONE',  ( 0.0000000000000000000, 0.0000000000000000000, 1.000000000000000000 ) ) ;
#2430 = VECTOR ( 'NONE', #4596, 1000.000000000000000 ) ;
#2431 = VECTOR ( 'NONE', #4653, 1000.000000000000000 ) ;
#2432 = MECHANICAL_DESIGN_GEOMETRIC_PRESENTATION_REPRESENTATION (  '', ( #4062 ), #2670 ) ;
#2433 = VECTOR ( 'NONE', #286, 1000.000000000000000 ) ;
#2434 = DIRECTION ( 'NONE',  ( -1.000000000000000000, 0.0000000000000000000, 0.0000000000000000000 ) ) ;
#2435 = CARTESIAN_POINT ( 'NONE',  ( 2.651247545699367600, 2.692679999999999700, -1.937726998119464500 ) ) ;
#2436 = CARTESIAN_POINT ( 'NONE',  ( 2.798931846913856900, 2.687679999999999800, -3.933655598874454800 ) ) ;
#2437 = LINE ( 'NONE', #166, #1753 ) ;
#2438 = DIRECTION ( 'NONE',  ( 0.2762033010252009100, 0.0000000000000000000, -0.9610992334315861000 ) ) ;
#2439 = AXIS2_PLACEMENT_3D ( 'NONE', #313, #2831, #3611 ) ;
#2440 = VECTOR ( 'NONE', #490, 1000.000000000000000 ) ;
#2441 = ORIENTED_EDGE ( 'NONE', *, *, #3626, .F. ) ;
#2442 = ORIENTED_EDGE ( 'NONE', *, *, #885, .F. ) ;
#2443 = DIRECTION ( 'NONE',  ( 0.0000000000000000000, 0.0000000000000000000, -1.000000000000000000 ) ) ;
#2444 = MECHANICAL_DESIGN_GEOMETRIC_PRESENTATION_REPRESENTATION (  '', ( #203 ), #1529 ) ;
#2445 = STYLED_ITEM ( 'NONE', ( #54 ), #1900 ) ;
#2446 = ORIENTED_EDGE ( 'NONE', *, *, #4613, .F. ) ;
#2447 = VERTEX_POINT ( 'NONE', #3111 ) ;
#2448 = EDGE_CURVE ( 'NONE', #1277, #494, #1974, .T. ) ;
#2449 = AXIS2_PLACEMENT_3D ( 'NONE', #4606, #4483, #1789 ) ;
#2450 = ORIENTED_EDGE ( 'NONE', *, *, #1940, .F. ) ;
#2451 = DIRECTION ( 'NONE',  ( 0.0000000000000000000, 0.0000000000000000000, -1.000000000000000000 ) ) ;
#2452 = CARTESIAN_POINT ( 'NONE',  ( 5.500000000000002700, 2.676509739103874400, -0.1234902608961246100 ) ) ;
#2453 = FACE_OUTER_BOUND ( 'NONE', #978, .T. ) ;
#2454 = VERTEX_POINT ( 'NONE', #905 ) ;
#2455 = DIRECTION ( 'NONE',  ( -0.0000000000000000000, -1.000000000000000000, 0.0000000000000000000 ) ) ;
#2456 = EDGE_CURVE ( 'NONE', #4557, #3394, #1991, .T. ) ;
#2457 = VERTEX_POINT ( 'NONE', #599 ) ;
#2458 = B_SPLINE_CURVE_WITH_KNOTS ( 'NONE', 3,
 ( #2934, #731, #3311, #2545, #1841, #720, #3275, #775, #1129, #4379 ),
 .UNSPECIFIED., .F., .F.,
 ( 4, 3, 3, 4 ),
 ( 0.0000000000000000000, 3.535348412143892000E-005, 7.052049924266700500E-005, 8.790586026857201500E-005 ),
 .UNSPECIFIED. ) ;
#2459 = DIRECTION ( 'NONE',  ( 1.000000000000000000, 0.0000000000000000000, -0.0000000000000000000 ) ) ;
#2460 = CARTESIAN_POINT ( 'NONE',  ( 0.5990570754601954900, 2.671174982254358000, -5.235259863643314300 ) ) ;
#2461 = ORIENTED_EDGE ( 'NONE', *, *, #3744, .F. ) ;
#2462 = FACE_OUTER_BOUND ( 'NONE', #4443, .T. ) ;
#2463 = ADVANCED_FACE ( 'NONE', ( #2093 ), #1309, .T. ) ;
#2464 = DIRECTION ( 'NONE',  ( 1.000000000000000000, 0.0000000000000000000, 0.0000000000000000000 ) ) ;
#2465 = ORIENTED_EDGE ( 'NONE', *, *, #2448, .F. ) ;
#2466 = LINE ( 'NONE', #1768, #1501 ) ;
#2467 = CARTESIAN_POINT ( 'NONE',  ( 5.612320000000043100, -7.531961758941410900E-015, -5.287679999999999900 ) ) ;
#2468 = MECHANICAL_DESIGN_GEOMETRIC_PRESENTATION_REPRESENTATION (  '', ( #2647 ), #3258 ) ;
#2469 = VERTEX_POINT ( 'NONE', #2001 ) ;
#2470 = FILL_AREA_STYLE_COLOUR ( '', #2740 ) ;
#2471 = ORIENTED_EDGE ( 'NONE', *, *, #4243, .T. ) ;
#2472 =( NAMED_UNIT ( * ) PLANE_ANGLE_UNIT ( ) SI_UNIT ( $, .RADIAN. ) );
#2473 = EDGE_CURVE ( 'NONE', #4162, #1435, #1471, .T. ) ;
#2474 = AXIS2_PLACEMENT_3D ( 'NONE', #138, #831, #3380 ) ;
#2475 = DIRECTION ( 'NONE',  ( 0.0000000000000000000, 0.0000000000000000000, -1.000000000000000000 ) ) ;
#2476 = CIRCLE ( 'NONE', #3899, 0.1123200000000000200 ) ;
#2477 = CARTESIAN_POINT ( 'NONE',  ( 2.653419977112785300, 2.692679999999999700, -4.241073954201232800 ) ) ;
#2478 = ORIENTED_EDGE ( 'NONE', *, *, #3621, .F. ) ;
#2479 = PRESENTATION_STYLE_ASSIGNMENT (( #2592 ) ) ;
#2480 =( LENGTH_UNIT ( ) NAMED_UNIT ( * ) SI_UNIT ( .MILLI., .METRE. ) );
#2481 = ADVANCED_FACE ( 'NONE', ( #4075 ), #3420, .T. ) ;
#2482 = EDGE_CURVE ( 'NONE', #4437, #2618, #1817, .T. ) ;
#2483 = COLOUR_RGB ( '',0.7686274509803920900, 0.7686274509803920900, 0.7686274509803920900 ) ;
#2484 = DIRECTION ( 'NONE',  ( -1.544447539153147100E-014, 1.000000000000000000, 0.0000000000000000000 ) ) ;
#2485 = B_SPLINE_CURVE_WITH_KNOTS ( 'NONE', 3,
 ( #4158, #4583, #2008, #958, #1295, #914, #1325, #4208, #3465, #2398 ),
 .UNSPECIFIED., .F., .F.,
 ( 4, 3, 3, 4 ),
 ( 0.0000000000000000000, 3.535348412143895400E-005, 7.052049924266684300E-005, 8.790586026857410200E-005 ),
 .UNSPECIFIED. ) ;
#2486 = ADVANCED_FACE ( 'NONE', ( #853 ), #4285, .F. ) ;
#2487 = FACE_OUTER_BOUND ( 'NONE', #502, .T. ) ;
#2488 = AXIS2_PLACEMENT_3D ( 'NONE', #3451, #1679, #4191 ) ;
#2489 = CYLINDRICAL_SURFACE ( 'NONE', #2474, 0.1123199999999999500 ) ;
#2490 = DIRECTION ( 'NONE',  ( -0.2746459304917007200, 0.0000000000000000000, 0.9615454294334449000 ) ) ;
#2491 = FILL_AREA_STYLE ('',( #4297 ) ) ;
#2492 = DIRECTION ( 'NONE',  ( 0.9601763114346046900, 0.0000000000000000000, 0.2793947940814874900 ) ) ;
#2493 =( NAMED_UNIT ( * ) SI_UNIT ( $, .STERADIAN. ) SOLID_ANGLE_UNIT ( ) );
#2494 = ORIENTED_EDGE ( 'NONE', *, *, #3047, .F. ) ;
#2495 = CARTESIAN_POINT ( 'NONE',  ( 2.500140458105373700, 2.687679999999999800, -4.043498559337699300 ) ) ;
#2496 = CARTESIAN_POINT ( 'NONE',  ( 0.6000543735329211300, 0.1995509800254698400, -5.285548504708506500 ) ) ;
#2497 = FILL_AREA_STYLE_COLOUR ( '', #2483 ) ;
#2498 = VECTOR ( 'NONE', #734, 1000.000000000000000 ) ;
#2499 = PRESENTATION_LAYER_ASSIGNMENT (  '', '', ( #2307 ) ) ;
#2500 = EDGE_LOOP ( 'NONE', ( #1207, #3457, #1603, #1906 ) ) ;
#2501 = VERTEX_POINT ( 'NONE', #2320 ) ;
#2502 = DIRECTION ( 'NONE',  ( -0.0000000000000000000, -1.000000000000000000, 0.0000000000000000000 ) ) ;
#2503 = AXIS2_PLACEMENT_3D ( 'NONE', #4092, #1604, #852 ) ;
#2504 = PRESENTATION_LAYER_ASSIGNMENT (  '', '', ( #533 ) ) ;
#2505 = ADVANCED_FACE ( 'NONE', ( #2546 ), #1405, .F. ) ;
#2506 = VECTOR ( 'NONE', #1208, 1000.000000000000000 ) ;
#2507 = CARTESIAN_POINT ( 'NONE',  ( 3.294000000000014700, 2.692679999999999700, -2.545961930456503500 ) ) ;
#2508 = SURFACE_STYLE_USAGE ( .BOTH. , #2863 ) ;
#2509 = LINE ( 'NONE', #44, #4442 ) ;
#2510 = SURFACE_SIDE_STYLE ('',( #2771 ) ) ;
#2511 = EDGE_LOOP ( 'NONE', ( #1439, #3043, #211, #4102 ) ) ;
#2512 = CARTESIAN_POINT ( 'NONE',  ( 3.294000000000014700, 2.692679999999999700, -4.283040501459447000 ) ) ;
#2513 = EDGE_CURVE ( 'NONE', #4557, #3608, #1079, .T. ) ;
#2514 = ADVANCED_FACE ( 'NONE', ( #2897 ), #1090, .F. ) ;
#2515 = ORIENTED_EDGE ( 'NONE', *, *, #307, .F. ) ;
#2516 = CYLINDRICAL_SURFACE ( 'NONE', #1494, 0.1123199999999999500 ) ;
#2517 = FILL_AREA_STYLE ('',( #1793 ) ) ;
#2518 = ORIENTED_EDGE ( 'NONE', *, *, #1331, .T. ) ;
#2519 = MECHANICAL_DESIGN_GEOMETRIC_PRESENTATION_REPRESENTATION (  '', ( #751 ), #4567 ) ;
#2520 = UNCERTAINTY_MEASURE_WITH_UNIT (LENGTH_MEASURE( 1.000000000000000100E-005 ), #1143, 'distance_accuracy_value', 'NONE');
#2521 = CYLINDRICAL_SURFACE ( 'NONE', #87, 0.1123199999999999500 ) ;
#2522 = EDGE_LOOP ( 'NONE', ( #1173, #3921, #3981, #4573 ) ) ;
#2523 = SURFACE_STYLE_USAGE ( .BOTH. , #3995 ) ;
#2524 = CARTESIAN_POINT ( 'NONE',  ( 0.5999999999999999800, 0.2187785217711348300, -0.1123199999999982300 ) ) ;
#2525 = VERTEX_POINT ( 'NONE', #1752 ) ;
#2526 = AXIS2_PLACEMENT_3D ( 'NONE', #2883, #2867, #24 ) ;
#2527 = DIRECTION ( 'NONE',  ( 0.9610348236706638400, 0.0000000000000000000, 0.2764273280489756800 ) ) ;
#2528 = VERTEX_POINT ( 'NONE', #2123 ) ;
#2529 = SURFACE_SIDE_STYLE ('',( #3039 ) ) ;
#2530 = PRESENTATION_STYLE_ASSIGNMENT (( #3404 ) ) ;
#2531 =( GEOMETRIC_REPRESENTATION_CONTEXT ( 3 ) GLOBAL_UNCERTAINTY_ASSIGNED_CONTEXT ( ( #2958 ) ) GLOBAL_UNIT_ASSIGNED_CONTEXT ( ( #4532, #353, #3218 ) ) REPRESENTATION_CONTEXT ( 'NONE', 'WORKASPACE' ) );
#2532 = PRESENTATION_LAYER_ASSIGNMENT (  '', '', ( #4480 ) ) ;
#2533 = CARTESIAN_POINT ( 'NONE',  ( 5.500000000000001800, 2.687679999999999800, -5.400000000000000400 ) ) ;
#2534 = VERTEX_POINT ( 'NONE', #799 ) ;
#2535 = PRESENTATION_STYLE_ASSIGNMENT (( #3001 ) ) ;
#2536 = ADVANCED_FACE ( 'NONE', ( #2715 ), #1034, .F. ) ;
#2537 = VECTOR ( 'NONE', #1931, 1000.000000000000000 ) ;
#2538 = PLANE ( 'NONE',  #4616 ) ;
#2539 = CARTESIAN_POINT ( 'NONE',  ( 3.142967740597627700, 2.687679999999999800, -2.236745285315902900 ) ) ;
#2540 = EDGE_CURVE ( 'NONE', #3130, #2469, #3586, .T. ) ;
#2541 = FILL_AREA_STYLE ('',( #741 ) ) ;
#2542 = STYLED_ITEM ( 'NONE', ( #2535 ), #4641 ) ;
#2543 = SURFACE_STYLE_FILL_AREA ( #1234 ) ;
#2544 = EDGE_CURVE ( 'NONE', #3430, #4052, #1930, .T. ) ;
#2545 = CARTESIAN_POINT ( 'NONE',  ( 5.500671414421508300, 0.1245827785722848800, -0.1736073159615783600 ) ) ;
#2546 = FACE_OUTER_BOUND ( 'NONE', #2187, .T. ) ;
#2547 = LINE ( 'NONE', #2677, #3422 ) ;
#2548 = VERTEX_POINT ( 'NONE', #3260 ) ;
#2549 =( LENGTH_UNIT ( ) NAMED_UNIT ( * ) SI_UNIT ( .MILLI., .METRE. ) );
#2550 = LINE ( 'NONE', #2564, #488 ) ;
#2551 = DIRECTION ( 'NONE',  ( -0.0000000000000000000, -1.000000000000000000, 0.0000000000000000000 ) ) ;
#2552 = VERTEX_POINT ( 'NONE', #3805 ) ;
#2553 = PLANE ( 'NONE',  #3875 ) ;
#2554 = ORIENTED_EDGE ( 'NONE', *, *, #2572, .T. ) ;
#2555 = SURFACE_STYLE_USAGE ( .BOTH. , #2603 ) ;
#2556 = SPHERICAL_SURFACE ( 'NONE', #1965, 0.1123200000000000000 ) ;
#2557 = VERTEX_POINT ( 'NONE', #4134 ) ;
#2558 = ADVANCED_FACE ( 'NONE', ( #42 ), #2318, .F. ) ;
#2559 = ORIENTED_EDGE ( 'NONE', *, *, #573, .F. ) ;
#2560 = DIRECTION ( 'NONE',  ( 0.0000000000000000000, -1.000000000000000000, -7.360257803776688000E-015 ) ) ;
#2561 = PRESENTATION_LAYER_ASSIGNMENT (  '', '', ( #954 ) ) ;
#2562 = ORIENTED_EDGE ( 'NONE', *, *, #990, .F. ) ;
#2563 = DIRECTION ( 'NONE',  ( 0.0000000000000000000, 0.0000000000000000000, 1.000000000000000000 ) ) ;
#2564 = CARTESIAN_POINT ( 'NONE',  ( 5.500000000000041700, 0.1123200000000000000, 0.0000000000000000000 ) ) ;
#2565 = EDGE_CURVE ( 'NONE', #2552, #2321, #4602, .T. ) ;
#2566 = FACE_OUTER_BOUND ( 'NONE', #3286, .T. ) ;
#2567 = EDGE_LOOP ( 'NONE', ( #650, #810, #3004, #3390 ) ) ;
#2568 = DIRECTION ( 'NONE',  ( 7.938847109757213200E-005, 0.0000000000000000000, -0.9999999968487352000 ) ) ;
#2569 = DIRECTION ( 'NONE',  ( 0.7059037656364455200, 0.0000000000000000000, -0.7083077534944016700 ) ) ;
#2570 =( NAMED_UNIT ( * ) SI_UNIT ( $, .STERADIAN. ) SOLID_ANGLE_UNIT ( ) );
#2571 = EDGE_LOOP ( 'NONE', ( #3220, #471, #927, #4211 ) ) ;
#2572 = EDGE_CURVE ( 'NONE', #1435, #4566, #963, .T. ) ;
#2573 = SURFACE_STYLE_USAGE ( .BOTH. , #2209 ) ;
#2574 = CARTESIAN_POINT ( 'NONE',  ( 2.945662692118831100, 2.687679999999999800, -3.551104910063110200 ) ) ;
#2575 = ADVANCED_FACE ( 'NONE', ( #1870 ), #3426, .F. ) ;
#2576 = ORIENTED_EDGE ( 'NONE', *, *, #183, .F. ) ;
#2577 =( NAMED_UNIT ( * ) SI_UNIT ( $, .STERADIAN. ) SOLID_ANGLE_UNIT ( ) );
#2578 = LINE ( 'NONE', #2265, #1611 ) ;
#2579 = B_SPLINE_CURVE_WITH_KNOTS ( 'NONE', 3,
 ( #4284, #3282, #3592, #4298, #2849, #2896, #2128, #1070, #2524, #1785 ),
 .UNSPECIFIED., .F., .F.,
 ( 4, 3, 3, 4 ),
 ( 0.0000000000000000000, 3.535348412143799100E-005, 7.052049924266513500E-005, 8.790586026857547100E-005 ),
 .UNSPECIFIED. ) ;
#2580 = PRESENTATION_STYLE_ASSIGNMENT (( #3577 ) ) ;
#2581 =( NAMED_UNIT ( * ) PLANE_ANGLE_UNIT ( ) SI_UNIT ( $, .RADIAN. ) );
#2582 =( GEOMETRIC_REPRESENTATION_CONTEXT ( 3 ) GLOBAL_UNCERTAINTY_ASSIGNED_CONTEXT ( ( #319 ) ) GLOBAL_UNIT_ASSIGNED_CONTEXT ( ( #1736, #622, #1345 ) ) REPRESENTATION_CONTEXT ( 'NONE', 'WORKASPACE' ) );
#2583 = ORIENTED_EDGE ( 'NONE', *, *, #2059, .F. ) ;
#2584 = PLANE ( 'NONE',  #3138 ) ;
#2585 = DIRECTION ( 'NONE',  ( -1.000000000000000000, 0.0000000000000000000, 0.0000000000000000000 ) ) ;
#2586 = EDGE_LOOP ( 'NONE', ( #3352, #644, #269, #515, #3036, #3331 ) ) ;
#2587 =( LENGTH_UNIT ( ) NAMED_UNIT ( * ) SI_UNIT ( .MILLI., .METRE. ) );
#2588 = AXIS2_PLACEMENT_3D ( 'NONE', #146, #4433, #3017 ) ;
#2589 = ORIENTED_EDGE ( 'NONE', *, *, #3561, .T. ) ;
#2590 = DIRECTION ( 'NONE',  ( -1.000000000000000000, 0.0000000000000000000, 0.0000000000000000000 ) ) ;
#2591 = PLANE ( 'NONE',  #4374 ) ;
#2592 = SURFACE_STYLE_USAGE ( .BOTH. , #1838 ) ;
#2593 = VECTOR ( 'NONE', #4152, 1000.000000000000200 ) ;
#2594 = CARTESIAN_POINT ( 'NONE',  ( 0.5996007598724738500, 0.1760033854232495600, -5.277368716263962000 ) ) ;
#2595 = LINE ( 'NONE', #3864, #2709 ) ;
#2596 = VECTOR ( 'NONE', #1464, 1000.000000000000000 ) ;
#2597 = CARTESIAN_POINT ( 'NONE',  ( 0.5950742240999387100, 0.1452177663371256000, -0.1452177663371265500 ) ) ;
#2598 = CARTESIAN_POINT ( 'NONE',  ( 0.5983459177687910900, 0.1345373754723358800, -5.265462624527664600 ) ) ;
#2599 = STYLED_ITEM ( 'NONE', ( #742 ), #3298 ) ;
#2600 = CARTESIAN_POINT ( 'NONE',  ( 0.0000000000000000000, 0.0000000000000000000, 0.0000000000000000000 ) ) ;
#2601 = VECTOR ( 'NONE', #974, 1000.000000000000000 ) ;
#2602 = EDGE_CURVE ( 'NONE', #1564, #3961, #2660, .T. ) ;
#2603 = SURFACE_SIDE_STYLE ('',( #3304 ) ) ;
#2604 = DIRECTION ( 'NONE',  ( -0.0000000000000000000, -1.000000000000000000, 0.0000000000000000000 ) ) ;
#2605 = LINE ( 'NONE', #2041, #540 ) ;
#2606 = PRESENTATION_STYLE_ASSIGNMENT (( #4345 ) ) ;
#2607 = DIRECTION ( 'NONE',  ( 0.0000000000000000000, 0.0000000000000000000, -1.000000000000000000 ) ) ;
#2608 = FILL_AREA_STYLE ('',( #1885 ) ) ;
#2609 = CIRCLE ( 'NONE', #3289, 0.1123199999999999500 ) ;
#2610 = EDGE_CURVE ( 'NONE', #712, #2385, #1616, .T. ) ;
#2611 = SURFACE_STYLE_FILL_AREA ( #2311 ) ;
#2612 =( NAMED_UNIT ( * ) SI_UNIT ( $, .STERADIAN. ) SOLID_ANGLE_UNIT ( ) );
#2613 = ORIENTED_EDGE ( 'NONE', *, *, #4090, .F. ) ;
#2614 = ORIENTED_EDGE ( 'NONE', *, *, #3320, .T. ) ;
#2615 = STYLED_ITEM ( 'NONE', ( #3697 ), #405 ) ;
#2616 = EDGE_LOOP ( 'NONE', ( #4618, #381, #2057 ) ) ;
#2617 = SURFACE_SIDE_STYLE ('',( #1800 ) ) ;
#2618 = VERTEX_POINT ( 'NONE', #3127 ) ;
#2619 = DIRECTION ( 'NONE',  ( -0.9999891854650022600, 0.0000000000000000000, -0.004650693823668812000 ) ) ;
#2620 = FILL_AREA_STYLE ('',( #1929 ) ) ;
#2621 =( GEOMETRIC_REPRESENTATION_CONTEXT ( 3 ) GLOBAL_UNCERTAINTY_ASSIGNED_CONTEXT ( ( #3381 ) ) GLOBAL_UNIT_ASSIGNED_CONTEXT ( ( #2549, #2907, #1827 ) ) REPRESENTATION_CONTEXT ( 'NONE', 'WORKASPACE' ) );
#2622 = DIRECTION ( 'NONE',  ( 0.4443210308329466600, 0.0000000000000000000, -0.8958676361826828400 ) ) ;
#2623 = PRESENTATION_STYLE_ASSIGNMENT (( #1370 ) ) ;
#2624 = ORIENTED_EDGE ( 'NONE', *, *, #1566, .F. ) ;
#2625 = DIRECTION ( 'NONE',  ( -0.0000000000000000000, -0.0000000000000000000, -1.000000000000000000 ) ) ;
#2626 = EDGE_CURVE ( 'NONE', #2243, #191, #1467, .T. ) ;
#2627 = PRESENTATION_LAYER_ASSIGNMENT (  '', '', ( #4244 ) ) ;
#2628 = ORIENTED_EDGE ( 'NONE', *, *, #4303, .T. ) ;
#2629 = DIRECTION ( 'NONE',  ( 0.9611638845408968500, 0.0000000000000000000, 0.2759782365590691100 ) ) ;
#2630 = SURFACE_STYLE_FILL_AREA ( #3906 ) ;
#2631 = EDGE_LOOP ( 'NONE', ( #4259, #52, #3319, #3836 ) ) ;
#2632 = EDGE_CURVE ( 'NONE', #380, #3548, #3308, .T. ) ;
#2633 = SURFACE_SIDE_STYLE ('',( #891 ) ) ;
#2634 = FILL_AREA_STYLE ('',( #2297 ) ) ;
#2635 = ORIENTED_EDGE ( 'NONE', *, *, #1144, .F. ) ;
#2636 = CARTESIAN_POINT ( 'NONE',  ( 5.612319999999999500, 2.800000000000001200, -0.1123200000000008200 ) ) ;
#2637 = COLOUR_RGB ( '',0.7921568627450980000, 0.8196078431372548800, 0.9333333333333333500 ) ;
#2638 = AXIS2_PLACEMENT_3D ( 'NONE', #3745, #3759, #1550 ) ;
#2639 = CARTESIAN_POINT ( 'NONE',  ( 0.5999999999999998700, 0.0000000000000000000, -0.1123199999999982300 ) ) ;
#2640 = VERTEX_POINT ( 'NONE', #1544 ) ;
#2641 = VECTOR ( 'NONE', #2833, 1000.000000000000000 ) ;
#2642 = CYLINDRICAL_SURFACE ( 'NONE', #226, 0.1123199999999999500 ) ;
#2643 = FILL_AREA_STYLE ('',( #1894 ) ) ;
#2644 = CARTESIAN_POINT ( 'NONE',  ( 2.798931846913856900, 2.692679999999999700, -3.933655598874454800 ) ) ;
#2645 = ORIENTED_EDGE ( 'NONE', *, *, #4225, .T. ) ;
#2646 = LINE ( 'NONE', #3333, #3008 ) ;
#2647 = STYLED_ITEM ( 'NONE', ( #668 ), #1755 ) ;
#2648 = DIRECTION ( 'NONE',  ( -1.000000000000000000, 0.0000000000000000000, 0.0000000000000000000 ) ) ;
#2649 = VECTOR ( 'NONE', #3461, 1000.000000000000000 ) ;
#2650 = SURFACE_SIDE_STYLE ('',( #4119 ) ) ;
#2651 = CARTESIAN_POINT ( 'NONE',  ( 5.500008434677456900, 2.592890475672490400, -0.1136964791315129300 ) ) ;
#2652 = SURFACE_STYLE_FILL_AREA ( #4125 ) ;
#2653 = CARTESIAN_POINT ( 'NONE',  ( 2.653419977112785300, 2.692679999999999700, -4.241073954201232800 ) ) ;
#2654 = DIRECTION ( 'NONE',  ( -0.9601763114346046900, 0.0000000000000000000, -0.2793947940814874900 ) ) ;
#2655 = STYLED_ITEM ( 'NONE', ( #3075 ), #2675 ) ;
#2656 = PRESENTATION_STYLE_ASSIGNMENT (( #3166 ) ) ;
#2657 = ADVANCED_FACE ( 'NONE', ( #3814 ), #4166, .F. ) ;
#2658 = CARTESIAN_POINT ( 'NONE',  ( 3.067283914678575800, 2.687679999999999800, -2.729064943576893700 ) ) ;
#2659 = CARTESIAN_POINT ( 'NONE',  ( 2.862955814443229700, 2.692679999999999700, -1.024283521815165100 ) ) ;
#2660 = LINE ( 'NONE', #2259, #1016 ) ;
#2661 =( LENGTH_UNIT ( ) NAMED_UNIT ( * ) SI_UNIT ( .MILLI., .METRE. ) );
#2662 = EDGE_CURVE ( 'NONE', #2164, #1608, #4136, .T. ) ;
#2663 = VECTOR ( 'NONE', #1886, 1000.000000000000000 ) ;
#2664 = UNCERTAINTY_MEASURE_WITH_UNIT (LENGTH_MEASURE( 1.000000000000000100E-005 ), #3100, 'distance_accuracy_value', 'NONE');
#2665 = DIRECTION ( 'NONE',  ( 0.004650693823668812000, 0.0000000000000000000, -0.9999891854650021500 ) ) ;
#2666 = ORIENTED_EDGE ( 'NONE', *, *, #876, .F. ) ;
#2667 = ORIENTED_EDGE ( 'NONE', *, *, #4625, .F. ) ;
#2668 = CARTESIAN_POINT ( 'NONE',  ( 0.0000000000000000000, 0.1123200000000000000, -5.287679999999999900 ) ) ;
#2669 = DIRECTION ( 'NONE',  ( -0.0000000000000000000, 1.000000000000000000, -0.0000000000000000000 ) ) ;
#2670 =( GEOMETRIC_REPRESENTATION_CONTEXT ( 3 ) GLOBAL_UNCERTAINTY_ASSIGNED_CONTEXT ( ( #2724 ) ) GLOBAL_UNIT_ASSIGNED_CONTEXT ( ( #1446, #1770, #2881 ) ) REPRESENTATION_CONTEXT ( 'NONE', 'WORKASPACE' ) );
#2671 = VECTOR ( 'NONE', #3603, 1000.000000000000000 ) ;
#2672 = EDGE_LOOP ( 'NONE', ( #1680, #3933, #1473, #4104 ) ) ;
#2673 = ORIENTED_EDGE ( 'NONE', *, *, #3716, .F. ) ;
#2674 = CARTESIAN_POINT ( 'NONE',  ( 0.5950742240999388200, 0.1452177663371255200, -5.254782233662872700 ) ) ;
#2675 = ADVANCED_FACE ( 'NONE', ( #4479 ), #3832, .T. ) ;
#2676 = ORIENTED_EDGE ( 'NONE', *, *, #1908, .T. ) ;
#2677 = CARTESIAN_POINT ( 'NONE',  ( 2.500140458105373700, 2.687679999999999800, -3.454171021088409300 ) ) ;
#2678 = MECHANICAL_DESIGN_GEOMETRIC_PRESENTATION_REPRESENTATION (  '', ( #3096 ), #4138 ) ;
#2679 =( LENGTH_UNIT ( ) NAMED_UNIT ( * ) SI_UNIT ( .MILLI., .METRE. ) );
#2680 = EDGE_LOOP ( 'NONE', ( #294, #4141, #1803, #2073 ) ) ;
#2681 = CARTESIAN_POINT ( 'NONE',  ( 2.500140458105373700, 2.687679999999999800, -1.369523908665738700 ) ) ;
#2682 = DIRECTION ( 'NONE',  ( 1.000000000000000000, -0.0000000000000000000, 0.0000000000000000000 ) ) ;
#2683 = CARTESIAN_POINT ( 'NONE',  ( 0.5993285855785333000, 0.1245827785722854000, -5.226392684038421200 ) ) ;
#2684 = STYLED_ITEM ( 'NONE', ( #3403 ), #3255 ) ;
#2685 = ORIENTED_EDGE ( 'NONE', *, *, #2851, .F. ) ;
#2686 = PRESENTATION_LAYER_ASSIGNMENT (  '', '', ( #2445 ) ) ;
#2687 = VERTEX_POINT ( 'NONE', #4559 ) ;
#2688 = DIRECTION ( 'NONE',  ( 0.0000000000000000000, 1.000000000000000000, 0.0000000000000000000 ) ) ;
#2689 = UNCERTAINTY_MEASURE_WITH_UNIT (LENGTH_MEASURE( 1.000000000000000100E-005 ), #292, 'distance_accuracy_value', 'NONE');
#2690 = SURFACE_STYLE_USAGE ( .BOTH. , #1245 ) ;
#2691 = FACE_OUTER_BOUND ( 'NONE', #1821, .T. ) ;
#2692 = EDGE_CURVE ( 'NONE', #4059, #1366, #1638, .T. ) ;
#2693 = COLOUR_RGB ( '',0.7686274509803920900, 0.7686274509803920900, 0.7686274509803920900 ) ;
#2694 = PLANE ( 'NONE',  #2910 ) ;
#2695 = ORIENTED_EDGE ( 'NONE', *, *, #1819, .T. ) ;
#2696 =( NAMED_UNIT ( * ) SI_UNIT ( $, .STERADIAN. ) SOLID_ANGLE_UNIT ( ) );
#2697 = EDGE_CURVE ( 'NONE', #2557, #758, #3911, .T. ) ;
#2698 = ORIENTED_EDGE ( 'NONE', *, *, #2513, .T. ) ;
#2699 = DIRECTION ( 'NONE',  ( -0.0000000000000000000, -0.0000000000000000000, 1.000000000000000000 ) ) ;
#2700 = DIRECTION ( 'NONE',  ( 0.0000000000000000000, 0.0000000000000000000, -1.000000000000000000 ) ) ;
#2701 = APPLICATION_CONTEXT ( 'automotive_design' ) ;
#2702 = CARTESIAN_POINT ( 'NONE',  ( 5.500000000000001800, 2.676509739103873500, -5.276509739103874000 ) ) ;
#2703 = COLOUR_RGB ( '',0.7686274509803920900, 0.7686274509803920900, 0.7686274509803920900 ) ;
#2704 = ORIENTED_EDGE ( 'NONE', *, *, #155, .F. ) ;
#2705 = VECTOR ( 'NONE', #4451, 1000.000000000000000 ) ;
#2706 = LINE ( 'NONE', #873, #4185 ) ;
#2707 = FILL_AREA_STYLE_COLOUR ( '', #4531 ) ;
#2708 = DIRECTION ( 'NONE',  ( -1.000000000000000000, -1.544447539153140800E-014, 0.0000000000000000000 ) ) ;
#2709 = VECTOR ( 'NONE', #894, 1000.000000000000100 ) ;
#2710 = VECTOR ( 'NONE', #454, 1000.000000000000000 ) ;
#2711 = DIRECTION ( 'NONE',  ( 0.0000000000000000000, -1.000000000000000000, 0.0000000000000000000 ) ) ;
#2712 = CARTESIAN_POINT ( 'NONE',  ( 3.294000000000014700, 2.692679999999999700, -1.527417462849348000 ) ) ;
#2713 = VECTOR ( 'NONE', #2804, 1000.000000000000100 ) ;
#2714 = DIRECTION ( 'NONE',  ( 0.7083077534944017800, 0.0000000000000000000, 0.7059037656364454100 ) ) ;
#2715 = FACE_OUTER_BOUND ( 'NONE', #3046, .T. ) ;
#2716 = CARTESIAN_POINT ( 'NONE',  ( 3.294000000000014700, 2.687679999999999800, -2.545961930456503500 ) ) ;
#2717 = EDGE_CURVE ( 'NONE', #2044, #3094, #2605, .T. ) ;
#2718 = AXIS2_PLACEMENT_3D ( 'NONE', #3249, #2828, #3575 ) ;
#2719 = CIRCLE ( 'NONE', #3766, 0.1123200000000000000 ) ;
#2720 = CARTESIAN_POINT ( 'NONE',  ( 0.1123199999999999500, 2.687679999999999800, 0.0000000000000000000 ) ) ;
#2721 = CARTESIAN_POINT ( 'NONE',  ( 5.500172311762199200, 0.1185391979312392000, -5.212216508249774400 ) ) ;
#2722 = FILL_AREA_STYLE ('',( #572 ) ) ;
#2723 = VERTEX_POINT ( 'NONE', #1643 ) ;
#2724 = UNCERTAINTY_MEASURE_WITH_UNIT (LENGTH_MEASURE( 1.000000000000000100E-005 ), #1446, 'distance_accuracy_value', 'NONE');
#2725 = FILL_AREA_STYLE_COLOUR ( '', #4356 ) ;
#2726 = EDGE_CURVE ( 'NONE', #2762, #1288, #3474, .T. ) ;
#2727 = DIRECTION ( 'NONE',  ( 0.0000000000000000000, 0.0000000000000000000, -1.000000000000000000 ) ) ;
#2728 = ORIENTED_EDGE ( 'NONE', *, *, #607, .F. ) ;
#2729 = EDGE_LOOP ( 'NONE', ( #1084, #2067, #2465 ) ) ;
#2730 = COLOUR_RGB ( '',0.6470588235294118000, 0.5176470588235293500, 0.0000000000000000000 ) ;
#2731 = DIRECTION ( 'NONE',  ( -1.544447539153147100E-014, 1.000000000000000000, 0.0000000000000000000 ) ) ;
#2732 = EDGE_LOOP ( 'NONE', ( #2219, #2125, #1994, #19 ) ) ;
#2733 = DIRECTION ( 'NONE',  ( 0.0000000000000000000, 0.0000000000000000000, 1.000000000000000000 ) ) ;
#2734 = CARTESIAN_POINT ( 'NONE',  ( 2.651247545699367600, 2.692679999999999700, -2.299417517748308700 ) ) ;
#2735 = DIRECTION ( 'NONE',  ( -1.000000000000000000, -1.544447539153140800E-014, 0.0000000000000000000 ) ) ;
#2736 = STYLED_ITEM ( 'NONE', ( #754 ), #729 ) ;
#2737 = LINE ( 'NONE', #3231, #3606 ) ;
#2738 = ORIENTED_EDGE ( 'NONE', *, *, #4657, .T. ) ;
#2739 = DIRECTION ( 'NONE',  ( 1.000000000000000000, -0.0000000000000000000, 0.0000000000000000000 ) ) ;
#2740 = COLOUR_RGB ( '',0.7686274509803920900, 0.7686274509803920900, 0.7686274509803920900 ) ;
#2741 = EDGE_LOOP ( 'NONE', ( #3216, #2667, #4257, #3169 ) ) ;
#2742 = DIRECTION ( 'NONE',  ( 0.0000000000000000000, 0.0000000000000000000, -1.000000000000000000 ) ) ;
#2743 = AXIS2_PLACEMENT_3D ( 'NONE', #2467, #2484, #3177 ) ;
#2744 = PRESENTATION_STYLE_ASSIGNMENT (( #1822 ) ) ;
#2745 = DIRECTION ( 'NONE',  ( 0.0000000000000000000, -1.000000000000000000, 0.0000000000000000000 ) ) ;
#2746 = ORIENTED_EDGE ( 'NONE', *, *, #3377, .T. ) ;
#2747 = VECTOR ( 'NONE', #2147, 1000.000000000000000 ) ;
#2748 = CARTESIAN_POINT ( 'NONE',  ( 5.612320000000001300, 2.687679999999999800, -0.1123200000000000000 ) ) ;
#2749 = AXIS2_PLACEMENT_3D ( 'NONE', #2377, #2745, #4524 ) ;
#2750 = ORIENTED_EDGE ( 'NONE', *, *, #3385, .T. ) ;
#2751 = UNCERTAINTY_MEASURE_WITH_UNIT (LENGTH_MEASURE( 1.000000000000000100E-005 ), #2661, 'distance_accuracy_value', 'NONE');
#2752 = ORIENTED_EDGE ( 'NONE', *, *, #1030, .T. ) ;
#2753 = EDGE_CURVE ( 'NONE', #3618, #4236, #4417, .T. ) ;
#2754 = VECTOR ( 'NONE', #2669, 1000.000000000000000 ) ;
#2755 = DIRECTION ( 'NONE',  ( 0.0000000000000000000, 1.000000000000000000, -0.0000000000000000000 ) ) ;
#2756 = DIRECTION ( 'NONE',  ( -0.0000000000000000000, -1.000000000000000000, 0.0000000000000000000 ) ) ;
#2757 = ORIENTED_EDGE ( 'NONE', *, *, #3913, .T. ) ;
#2758 = COLOUR_RGB ( '',0.7686274509803920900, 0.7686274509803920900, 0.7686274509803920900 ) ;
#2759 = FACE_OUTER_BOUND ( 'NONE', #2425, .T. ) ;
#2760 = EDGE_CURVE ( 'NONE', #2975, #290, #2374, .T. ) ;
#2761 = DIRECTION ( 'NONE',  ( -0.0000000000000000000, -1.000000000000000000, 0.0000000000000000000 ) ) ;
#2762 = VERTEX_POINT ( 'NONE', #2720 ) ;
#2763 = CARTESIAN_POINT ( 'NONE',  ( 0.0000000000000000000, 2.687679999999999800, -0.1123199999999999900 ) ) ;
#2764 = SURFACE_STYLE_FILL_AREA ( #2856 ) ;
#2765 = CARTESIAN_POINT ( 'NONE',  ( 6.100000000000000500, 0.1123200000000000000, 0.0000000000000000000 ) ) ;
#2766 = FACE_OUTER_BOUND ( 'NONE', #30, .T. ) ;
#2767 = VECTOR ( 'NONE', #2756, 1000.000000000000000 ) ;
#2768 = CARTESIAN_POINT ( 'NONE',  ( 6.100000000000000500, 2.799999999999999800, -5.287679999999999900 ) ) ;
#2769 = CARTESIAN_POINT ( 'NONE',  ( 0.5999999999999998700, 2.587819312958660000, -0.1123199999999982300 ) ) ;
#2770 = PRESENTATION_LAYER_ASSIGNMENT (  '', '', ( #1957 ) ) ;
#2771 = SURFACE_STYLE_FILL_AREA ( #22 ) ;
#2772 = CIRCLE ( 'NONE', #4520, 0.1123199999999999500 ) ;
#2773 = CARTESIAN_POINT ( 'NONE',  ( 2.798931846913856900, 2.692679999999999700, -3.592974904814171900 ) ) ;
#2774 = FILL_AREA_STYLE ('',( #643 ) ) ;
#2775 = CARTESIAN_POINT ( 'NONE',  ( 2.500140458105373700, 2.692679999999999700, -3.358530934435405100 ) ) ;
#2776 = STYLED_ITEM ( 'NONE', ( #2623 ), #3609 ) ;
#2777 = STYLED_ITEM ( 'NONE', ( #1261 ), #2032 ) ;
#2778 = CYLINDRICAL_SURFACE ( 'NONE', #4354, 0.1123200000000000000 ) ;
#2779 = CARTESIAN_POINT ( 'NONE',  ( 5.502431037062814700, 0.1533618007684284200, -5.262926268094174600 ) ) ;
#2780 = CARTESIAN_POINT ( 'NONE',  ( 0.4876799999999999500, 2.799999999999999800, -5.287679999999999900 ) ) ;
#2781 = FACE_OUTER_BOUND ( 'NONE', #1706, .T. ) ;
#2782 = EDGE_LOOP ( 'NONE', ( #1712, #1583, #4343, #3174 ) ) ;
#2783 = EDGE_CURVE ( 'NONE', #437, #2022, #4196, .T. ) ;
#2784 = VERTEX_POINT ( 'NONE', #4199 ) ;
#2785 = MECHANICAL_DESIGN_GEOMETRIC_PRESENTATION_REPRESENTATION (  '', ( #2542 ), #1476 ) ;
#2786 = CARTESIAN_POINT ( 'NONE',  ( 3.294000000000014700, 2.687679999999999800, -4.056900046700764800 ) ) ;
#2787 = SURFACE_SIDE_STYLE ('',( #3141 ) ) ;
#2788 = LINE ( 'NONE', #4313, #2671 ) ;
#2789 = EDGE_LOOP ( 'NONE', ( #107, #3120, #2271, #950 ) ) ;
#2790 = EDGE_LOOP ( 'NONE', ( #1837, #4673, #495, #1605 ) ) ;
#2791 = CARTESIAN_POINT ( 'NONE',  ( 5.612320000000001300, 2.687679999999999800, -5.287679999999999900 ) ) ;
#2792 = EDGE_CURVE ( 'NONE', #3746, #4097, #479, .T. ) ;
#2793 = EDGE_LOOP ( 'NONE', ( #1936, #174, #216, #4282 ) ) ;
#2794 = DIRECTION ( 'NONE',  ( 0.0000000000000000000, 1.000000000000000000, 0.0000000000000000000 ) ) ;
#2795 = CARTESIAN_POINT ( 'NONE',  ( 5.500000000000000000, 2.799999999999999400, -0.1123200000000008200 ) ) ;
#2796 = CARTESIAN_POINT ( 'NONE',  ( 2.838672858876865500, 2.692679999999999700, -1.032140482724699600 ) ) ;
#2797 = FILL_AREA_STYLE_COLOUR ( '', #701 ) ;
#2798 = VERTEX_POINT ( 'NONE', #903 ) ;
#2799 = COLOUR_RGB ( '',0.7686274509803920900, 0.7686274509803920900, 0.7686274509803920900 ) ;
#2800 = ORIENTED_EDGE ( 'NONE', *, *, #4588, .F. ) ;
#2801 = DIRECTION ( 'NONE',  ( -1.000000000000000000, 0.0000000000000000000, -5.943634068010691200E-014 ) ) ;
#2802 = LINE ( 'NONE', #2941, #4277 ) ;
#2803 = DIRECTION ( 'NONE',  ( 0.3829140317376988300, 0.0000000000000000000, 0.9237839814038673000 ) ) ;
#2804 = DIRECTION ( 'NONE',  ( -0.9601763114346046900, 0.0000000000000000000, -0.2793947940814874900 ) ) ;
#2805 = EDGE_LOOP ( 'NONE', ( #3824, #2666, #1031, #1705 ) ) ;
#2806 = STYLED_ITEM ( 'NONE', ( #2580 ), #1442 ) ;
#2807 = VECTOR ( 'NONE', #780, 1000.000000000000000 ) ;
#2808 = DIRECTION ( 'NONE',  ( -0.0000000000000000000, -1.000000000000000000, 0.0000000000000000000 ) ) ;
#2809 = ORIENTED_EDGE ( 'NONE', *, *, #4337, .T. ) ;
#2810 = UNCERTAINTY_MEASURE_WITH_UNIT (LENGTH_MEASURE( 1.000000000000000100E-005 ), #323, 'distance_accuracy_value', 'NONE');
#2811 = CARTESIAN_POINT ( 'NONE',  ( 2.945662692118831100, 2.692679999999999700, -3.551104910063110200 ) ) ;
#2812 = EDGE_CURVE ( 'NONE', #860, #3608, #1754, .T. ) ;
#2813 = CARTESIAN_POINT ( 'NONE',  ( 3.294000000000014700, 2.692679999999999700, -2.757597784819791500 ) ) ;
#2814 = AXIS2_PLACEMENT_3D ( 'NONE', #1503, #3681, #2629 ) ;
#2815 = AXIS2_PLACEMENT_3D ( 'NONE', #1126, #2622, #787 ) ;
#2816 = VERTEX_POINT ( 'NONE', #3109 ) ;
#2817 = COLOUR_RGB ( '',0.7921568627450980000, 0.8196078431372548800, 0.9333333333333333500 ) ;
#2818 = FILL_AREA_STYLE_COLOUR ( '', #1863 ) ;
#2819 = CARTESIAN_POINT ( 'NONE',  ( 0.6000000000000000900, 2.676509739103875200, -0.1234902608961254700 ) ) ;
#2820 = EDGE_CURVE ( 'NONE', #758, #3871, #2256, .T. ) ;
#2821 = ORIENTED_EDGE ( 'NONE', *, *, #2602, .T. ) ;
#2822 = CARTESIAN_POINT ( 'NONE',  ( 3.294000000000014700, 2.687679999999999800, -3.130290462645080900 ) ) ;
#2823 = CARTESIAN_POINT ( 'NONE',  ( 0.4876800000000007800, 0.1123200000000000000, -5.400000000000000400 ) ) ;
#2824 = COLOUR_RGB ( '',0.7686274509803920900, 0.7686274509803920900, 0.7686274509803920900 ) ;
#2825 = ADVANCED_FACE ( 'NONE', ( #4304 ), #1570, .T. ) ;
#2826 = AXIS2_PLACEMENT_3D ( 'NONE', #2400, #3500, #971 ) ;
#2827 = FACE_OUTER_BOUND ( 'NONE', #3784, .T. ) ;
#2828 = DIRECTION ( 'NONE',  ( -1.000000000000000000, 0.0000000000000000000, 0.0000000000000000000 ) ) ;
#2829 =( NAMED_UNIT ( * ) SI_UNIT ( $, .STERADIAN. ) SOLID_ANGLE_UNIT ( ) );
#2830 = DIRECTION ( 'NONE',  ( 1.000000000000000000, 0.0000000000000000000, 0.0000000000000000000 ) ) ;
#2831 = DIRECTION ( 'NONE',  ( 1.136753205257559900E-028, -7.360257803776683200E-015, -1.000000000000000000 ) ) ;
#2832 = VECTOR ( 'NONE', #163, 1000.000000000000200 ) ;
#2833 = DIRECTION ( 'NONE',  ( -0.0000000000000000000, -1.000000000000000000, 0.0000000000000000000 ) ) ;
#2834 = CYLINDRICAL_SURFACE ( 'NONE', #1895, 0.1123200000000000000 ) ;
#2835 = DIRECTION ( 'NONE',  ( -0.9601763114327565000, 0.0000000000000000000, -0.2793947940878394000 ) ) ;
#2836 = AXIS2_PLACEMENT_3D ( 'NONE', #2980, #813, #3368 ) ;
#2837 = CIRCLE ( 'NONE', #662, 0.1123200000000000000 ) ;
#2838 = CARTESIAN_POINT ( 'NONE',  ( 5.612320000000001300, 2.687679999999999800, -5.287679999999999900 ) ) ;
#2839 = VECTOR ( 'NONE', #889, 1000.000000000000000 ) ;
#2840 = FACE_OUTER_BOUND ( 'NONE', #3087, .T. ) ;
#2841 =( NAMED_UNIT ( * ) PLANE_ANGLE_UNIT ( ) SI_UNIT ( $, .RADIAN. ) );
#2842 = PRESENTATION_LAYER_ASSIGNMENT (  '', '', ( #1145 ) ) ;
#2843 = MECHANICAL_DESIGN_GEOMETRIC_PRESENTATION_REPRESENTATION (  '', ( #1872 ), #2106 ) ;
#2844 = VECTOR ( 'NONE', #2891, 1000.000000000000000 ) ;
#2845 = ADVANCED_FACE ( 'NONE', ( #1191 ), #2084, .T. ) ;
#2846 = ORIENTED_EDGE ( 'NONE', *, *, #568, .F. ) ;
#2847 = CARTESIAN_POINT ( 'NONE',  ( 6.100000000000000500, 0.0000000000000000000, -5.400000000000000400 ) ) ;
#2848 = EDGE_LOOP ( 'NONE', ( #2955, #2045, #1893, #3402 ) ) ;
#2849 = CARTESIAN_POINT ( 'NONE',  ( 0.5999139314811478000, 0.1840563693920426500, -0.1192533956990772800 ) ) ;
#2850 = PRESENTATION_STYLE_ASSIGNMENT (( #4182 ) ) ;
#2851 = EDGE_CURVE ( 'NONE', #660, #1555, #1461, .T. ) ;
#2852 = FACE_OUTER_BOUND ( 'NONE', #2741, .T. ) ;
#2853 = ORIENTED_EDGE ( 'NONE', *, *, #4613, .T. ) ;
#2854 = ADVANCED_FACE ( 'NONE', ( #3012 ), #1707, .F. ) ;
#2855 = CARTESIAN_POINT ( 'NONE',  ( 3.294000000000014700, 2.692679999999999700, -0.9007373474036682900 ) ) ;
#2856 = FILL_AREA_STYLE ('',( #3612 ) ) ;
#2857 = LINE ( 'NONE', #430, #3161 ) ;
#2858 = EDGE_LOOP ( 'NONE', ( #866, #4314, #2215, #4580 ) ) ;
#2859 = CARTESIAN_POINT ( 'NONE',  ( 5.502431037062774700, 2.662926268094174100, -5.246638199231571600 ) ) ;
#2860 =( NAMED_UNIT ( * ) SI_UNIT ( $, .STERADIAN. ) SOLID_ANGLE_UNIT ( ) );
#2861 = FACE_OUTER_BOUND ( 'NONE', #4181, .T. ) ;
#2862 = ORIENTED_EDGE ( 'NONE', *, *, #1153, .F. ) ;
#2863 = SURFACE_SIDE_STYLE ('',( #1962 ) ) ;
#2864 = CARTESIAN_POINT ( 'NONE',  ( 5.503984155148944300, 0.1482916719885548400, -0.1421438606851738200 ) ) ;
#2865 = ORIENTED_EDGE ( 'NONE', *, *, #2075, .T. ) ;
#2866 = STYLED_ITEM ( 'NONE', ( #4061 ), #753 ) ;
#2867 = DIRECTION ( 'NONE',  ( -1.000000000000000000, 0.0000000000000000000, 0.0000000000000000000 ) ) ;
#2868 = CARTESIAN_POINT ( 'NONE',  ( 0.1123200000000000000, 0.1123200000000000000, -5.287679999999999900 ) ) ;
#2869 = ADVANCED_BREP_SHAPE_REPRESENTATION ( 'CCS_CCSTD_2220_L6.1W5.4T2.8B0.6', ( #1192, #1945, #1105, #2032, #3115 ), #936 ) ;
#2870 = LINE ( 'NONE', #2309, #1342 ) ;
#2871 = SURFACE_SIDE_STYLE ('',( #1840 ) ) ;
#2872 = STYLED_ITEM ( 'NONE', ( #3020 ), #2105 ) ;
#2873 = ORIENTED_EDGE ( 'NONE', *, *, #4112, .F. ) ;
#2874 = UNCERTAINTY_MEASURE_WITH_UNIT (LENGTH_MEASURE( 1.000000000000000100E-005 ), #4035, 'distance_accuracy_value', 'NONE');
#2875 = DIRECTION ( 'NONE',  ( 0.0000000000000000000, 0.0000000000000000000, 1.000000000000000000 ) ) ;
#2876 = ADVANCED_FACE ( 'NONE', ( #2827 ), #2117, .T. ) ;
#2877 = LINE ( 'NONE', #1928, #77 ) ;
#2878 = ORIENTED_EDGE ( 'NONE', *, *, #1877, .F. ) ;
#2879 = FILL_AREA_STYLE ('',( #4283 ) ) ;
#2880 = EDGE_CURVE ( 'NONE', #165, #2798, #3139, .T. ) ;
#2881 =( NAMED_UNIT ( * ) SI_UNIT ( $, .STERADIAN. ) SOLID_ANGLE_UNIT ( ) );
#2882 =( GEOMETRIC_REPRESENTATION_CONTEXT ( 3 ) GLOBAL_UNCERTAINTY_ASSIGNED_CONTEXT ( ( #1067 ) ) GLOBAL_UNIT_ASSIGNED_CONTEXT ( ( #2940, #103, #3507 ) ) REPRESENTATION_CONTEXT ( 'NONE', 'WORKASPACE' ) );
#2883 = CARTESIAN_POINT ( 'NONE',  ( 0.5999999999999999800, 2.575359999999999900, -0.2246399999999990300 ) ) ;
#2884 = ORIENTED_EDGE ( 'NONE', *, *, #4153, .F. ) ;
#2885 = FACE_OUTER_BOUND ( 'NONE', #1475, .T. ) ;
#2886 = DIRECTION ( 'NONE',  ( -0.0000000000000000000, -1.000000000000000000, 0.0000000000000000000 ) ) ;
#2887 = EDGE_CURVE ( 'NONE', #230, #2816, #4248, .T. ) ;
#2888 = VECTOR ( 'NONE', #3079, 1000.000000000000000 ) ;
#2889 = CYLINDRICAL_SURFACE ( 'NONE', #2449, 0.1123199999999999500 ) ;
#2890 = CARTESIAN_POINT ( 'NONE',  ( 2.798905294973047300, 2.692679999999999700, -2.235494930349867500 ) ) ;
#2891 = DIRECTION ( 'NONE',  ( 0.0000000000000000000, 0.0000000000000000000, 1.000000000000000000 ) ) ;
#2892 = PRESENTATION_LAYER_ASSIGNMENT (  '', '', ( #3393 ) ) ;
#2893 = ADVANCED_FACE ( 'NONE', ( #3861 ), #1407, .F. ) ;
#2894 = DIRECTION ( 'NONE',  ( 1.000000000000000000, -0.0000000000000000000, 0.0000000000000000000 ) ) ;
#2895 =( LENGTH_UNIT ( ) NAMED_UNIT ( * ) SI_UNIT ( .MILLI., .METRE. ) );
#2896 = CARTESIAN_POINT ( 'NONE',  ( 0.5999691003102256600, 0.1955092100933719400, -0.1155294750999371900 ) ) ;
#2897 = FACE_OUTER_BOUND ( 'NONE', #2631, .T. ) ;
#2898 = PRESENTATION_STYLE_ASSIGNMENT (( #235 ) ) ;
#2899 = CARTESIAN_POINT ( 'NONE',  ( 2.653437232311451700, 2.692679999999999700, -4.684512721529441300 ) ) ;
#2900 = ADVANCED_FACE ( 'NONE', ( #309 ), #3132, .T. ) ;
#2901 =( NAMED_UNIT ( * ) SI_UNIT ( $, .STERADIAN. ) SOLID_ANGLE_UNIT ( ) );
#2902 =( GEOMETRIC_REPRESENTATION_CONTEXT ( 3 ) GLOBAL_UNCERTAINTY_ASSIGNED_CONTEXT ( ( #4001 ) ) GLOBAL_UNIT_ASSIGNED_CONTEXT ( ( #2895, #727, #2829 ) ) REPRESENTATION_CONTEXT ( 'NONE', 'WORKASPACE' ) );
#2903 = ORIENTED_EDGE ( 'NONE', *, *, #2717, .T. ) ;
#2904 = ORIENTED_EDGE ( 'NONE', *, *, #1629, .F. ) ;
#2905 = DIRECTION ( 'NONE',  ( 0.9280290862136694200, 0.0000000000000000000, -0.3725077383644825900 ) ) ;
#2906 = ORIENTED_EDGE ( 'NONE', *, *, #906, .T. ) ;
#2907 =( NAMED_UNIT ( * ) PLANE_ANGLE_UNIT ( ) SI_UNIT ( $, .RADIAN. ) );
#2908 = EDGE_CURVE ( 'NONE', #3660, #2273, #2000, .T. ) ;
#2909 = EDGE_LOOP ( 'NONE', ( #141, #3436, #1169, #2695 ) ) ;
#2910 = AXIS2_PLACEMENT_3D ( 'NONE', #861, #3095, #3758 ) ;
#2911 = DIRECTION ( 'NONE',  ( 0.0000000000000000000, 1.000000000000000000, 0.0000000000000000000 ) ) ;
#2912 = SURFACE_SIDE_STYLE ('',( #2947 ) ) ;
#2913 = ORIENTED_EDGE ( 'NONE', *, *, #2914, .T. ) ;
#2914 = EDGE_CURVE ( 'NONE', #3398, #3094, #1243, .T. ) ;
#2915 = LINE ( 'NONE', #1312, #4375 ) ;
#2916 = EDGE_LOOP ( 'NONE', ( #745, #874, #338 ) ) ;
#2917 = SURFACE_STYLE_FILL_AREA ( #789 ) ;
#2918 = CARTESIAN_POINT ( 'NONE',  ( 2.798931846913856900, 2.692679999999999700, -3.933655598874454800 ) ) ;
#2919 = VERTEX_POINT ( 'NONE', #4396 ) ;
#2920 = AXIS2_PLACEMENT_3D ( 'NONE', #1419, #713, #680 ) ;
#2921 = COLOUR_RGB ( '',0.7686274509803920900, 0.7686274509803920900, 0.7686274509803920900 ) ;
#2922 = PLANE ( 'NONE',  #620 ) ;
#2923 = ADVANCED_FACE ( 'NONE', ( #2766 ), #3706, .F. ) ;
#2924 = ORIENTED_EDGE ( 'NONE', *, *, #2544, .F. ) ;
#2925 = CARTESIAN_POINT ( 'NONE',  ( 2.651274097639754900, 2.687679999999999800, -3.635940770522039200 ) ) ;
#2926 = CARTESIAN_POINT ( 'NONE',  ( 2.500140458105373700, 2.687679999999999800, -1.129180580096638400 ) ) ;
#2927 =( NAMED_UNIT ( * ) PLANE_ANGLE_UNIT ( ) SI_UNIT ( $, .RADIAN. ) );
#2928 = EDGE_LOOP ( 'NONE', ( #1507, #2862, #1786, #3977, #1538, #3028, #2809, #3433 ) ) ;
#2929 = AXIS2_PLACEMENT_3D ( 'NONE', #4228, #4628, #282 ) ;
#2930 = SURFACE_STYLE_FILL_AREA ( #1665 ) ;
#2931 = DIRECTION ( 'NONE',  ( -0.0000000000000000000, -1.000000000000000000, 0.0000000000000000000 ) ) ;
#2932 = ORIENTED_EDGE ( 'NONE', *, *, #1251, .F. ) ;
#2933 = PRESENTATION_STYLE_ASSIGNMENT (( #783 ) ) ;
#2934 = CARTESIAN_POINT ( 'NONE',  ( 5.504925775900101600, 0.1452177663371246600, -0.1452177663371274900 ) ) ;
#2935 = PRESENTATION_LAYER_ASSIGNMENT (  '', '', ( #1871 ) ) ;
#2936 = MECHANICAL_DESIGN_GEOMETRIC_PRESENTATION_REPRESENTATION (  '', ( #1240 ), #2378 ) ;
#2937 = PLANE ( 'NONE',  #4382 ) ;
#2938 = ORIENTED_EDGE ( 'NONE', *, *, #1979, .T. ) ;
#2939 = FACE_OUTER_BOUND ( 'NONE', #4386, .T. ) ;
#2940 =( LENGTH_UNIT ( ) NAMED_UNIT ( * ) SI_UNIT ( .MILLI., .METRE. ) );
#2941 = CARTESIAN_POINT ( 'NONE',  ( 3.294000000000014700, 2.687679999999999800, -4.283040501459447000 ) ) ;
#2942 = EDGE_CURVE ( 'NONE', #1889, #2321, #636, .T. ) ;
#2943 =( NAMED_UNIT ( * ) SI_UNIT ( $, .STERADIAN. ) SOLID_ANGLE_UNIT ( ) );
#2944 = STYLED_ITEM ( 'NONE', ( #2366 ), #4408 ) ;
#2945 = VECTOR ( 'NONE', #1108, 1000.000000000000100 ) ;
#2946 = DIRECTION ( 'NONE',  ( 1.000000000000000000, 0.0000000000000000000, -0.0000000000000000000 ) ) ;
#2947 = SURFACE_STYLE_FILL_AREA ( #1505 ) ;
#2948 = CARTESIAN_POINT ( 'NONE',  ( 5.499945626467080300, 2.685548504708506400, -0.1995509800254687800 ) ) ;
#2949 = VECTOR ( 'NONE', #628, 1000.000000000000000 ) ;
#2950 = EDGE_CURVE ( 'NONE', #2534, #3094, #1066, .T. ) ;
#2951 = DIRECTION ( 'NONE',  ( 1.000000000000000000, 0.0000000000000000000, 0.0000000000000000000 ) ) ;
#2952 = FACE_OUTER_BOUND ( 'NONE', #2571, .T. ) ;
#2953 = DIRECTION ( 'NONE',  ( -1.000000000000000000, 0.0000000000000000000, 0.0000000000000000000 ) ) ;
#2954 = FILL_AREA_STYLE ('',( #3024 ) ) ;
#2955 = ORIENTED_EDGE ( 'NONE', *, *, #2544, .T. ) ;
#2956 = SURFACE_SIDE_STYLE ('',( #204 ) ) ;
#2957 = CARTESIAN_POINT ( 'NONE',  ( 0.1123199999999999500, 0.1123200000000000000, -5.400000000000000400 ) ) ;
#2958 = UNCERTAINTY_MEASURE_WITH_UNIT (LENGTH_MEASURE( 1.000000000000000100E-005 ), #4532, 'distance_accuracy_value', 'NONE');
#2959 = ORIENTED_EDGE ( 'NONE', *, *, #3691, .T. ) ;
#2960 = ORIENTED_EDGE ( 'NONE', *, *, #3570, .T. ) ;
#2961 = DIRECTION ( 'NONE',  ( 0.0000000000000000000, 0.0000000000000000000, -1.000000000000000000 ) ) ;
#2962 = CARTESIAN_POINT ( 'NONE',  ( 2.583844240417757300, 2.692679999999999700, -3.132491859809354300 ) ) ;
#2963 =( GEOMETRIC_REPRESENTATION_CONTEXT ( 3 ) GLOBAL_UNCERTAINTY_ASSIGNED_CONTEXT ( ( #3866 ) ) GLOBAL_UNIT_ASSIGNED_CONTEXT ( ( #755, #419, #3666 ) ) REPRESENTATION_CONTEXT ( 'NONE', 'WORKASPACE' ) );
#2964 = CARTESIAN_POINT ( 'NONE',  ( 0.5950742240999388200, 0.1452177663371255200, -5.254782233662872700 ) ) ;
#2965 = ORIENTED_EDGE ( 'NONE', *, *, #2031, .F. ) ;
#2966 = DIRECTION ( 'NONE',  ( 0.0000000000000000000, 0.0000000000000000000, -1.000000000000000000 ) ) ;
#2967 = SURFACE_STYLE_FILL_AREA ( #4051 ) ;
#2968 = CARTESIAN_POINT ( 'NONE',  ( 2.500140458105373700, 2.692679999999999700, -1.129180580096638400 ) ) ;
#2969 = EDGE_CURVE ( 'NONE', #2328, #587, #1408, .T. ) ;
#2970 = AXIS2_PLACEMENT_3D ( 'NONE', #2811, #2434, #986 ) ;
#2971 = ORIENTED_EDGE ( 'NONE', *, *, #1979, .F. ) ;
#2972 = DIRECTION ( 'NONE',  ( 0.0000000000000000000, 0.0000000000000000000, 1.000000000000000000 ) ) ;
#2973 = FILL_AREA_STYLE ('',( #1154 ) ) ;
#2974 = FACE_OUTER_BOUND ( 'NONE', #2064, .T. ) ;
#2975 = VERTEX_POINT ( 'NONE', #3256 ) ;
#2976 = VECTOR ( 'NONE', #2761, 1000.000000000000000 ) ;
#2977 = EDGE_CURVE ( 'NONE', #2321, #2525, #3300, .T. ) ;
#2978 = VECTOR ( 'NONE', #2068, 1000.000000000000100 ) ;
#2979 =( NAMED_UNIT ( * ) PLANE_ANGLE_UNIT ( ) SI_UNIT ( $, .RADIAN. ) );
#2980 = CARTESIAN_POINT ( 'NONE',  ( 0.4876799999999999500, 0.1123200000000000000, -5.287679999999999900 ) ) ;
#2981 = DIRECTION ( 'NONE',  ( 0.0000000000000000000, 0.0000000000000000000, 1.000000000000000000 ) ) ;
#2982 = CARTESIAN_POINT ( 'NONE',  ( 5.987680000000000100, 0.1123200000000000000, -0.1123199999999999900 ) ) ;
#2983 = ORIENTED_EDGE ( 'NONE', *, *, #2482, .T. ) ;
#2984 = DIRECTION ( 'NONE',  ( 1.000000000000000000, 0.0000000000000000000, 0.0000000000000000000 ) ) ;
#2985 = VECTOR ( 'NONE', #1584, 1000.000000000000000 ) ;
#2986 = LINE ( 'NONE', #3266, #2747 ) ;
#2987 = DIRECTION ( 'NONE',  ( -0.0000000000000000000, -0.0000000000000000000, 1.000000000000000000 ) ) ;
#2988 = STYLED_ITEM ( 'NONE', ( #1756 ), #363 ) ;
#2989 = EDGE_LOOP ( 'NONE', ( #1942, #451, #3927, #1483 ) ) ;
#2990 = DIRECTION ( 'NONE',  ( 0.0000000000000000000, 0.0000000000000000000, 1.000000000000000000 ) ) ;
#2991 = SURFACE_STYLE_FILL_AREA ( #1326 ) ;
#2992 = ADVANCED_FACE ( 'NONE', ( #3634 ), #143, .T. ) ;
#2993 = DIRECTION ( 'NONE',  ( 0.0000000000000000000, -1.000000000000000000, -0.0000000000000000000 ) ) ;
#2994 = VERTEX_POINT ( 'NONE', #3723 ) ;
#2995 = FACE_OUTER_BOUND ( 'NONE', #1915, .T. ) ;
#2996 = STYLED_ITEM ( 'NONE', ( #1496 ), #1423 ) ;
#2997 = VERTEX_POINT ( 'NONE', #1903 ) ;
#2998 = CIRCLE ( 'NONE', #4650, 0.1123200000000000200 ) ;
#2999 = PLANE ( 'NONE',  #3103 ) ;
#3000 =( LENGTH_UNIT ( ) NAMED_UNIT ( * ) SI_UNIT ( .MILLI., .METRE. ) );
#3001 = SURFACE_STYLE_USAGE ( .BOTH. , #1963 ) ;
#3002 = LINE ( 'NONE', #1596, #193 ) ;
#3003 = PRODUCT_DEFINITION_CONTEXT ( 'detailed design', #3101, 'design' ) ;
#3004 = ORIENTED_EDGE ( 'NONE', *, *, #851, .F. ) ;
#3005 = DIRECTION ( 'NONE',  ( 0.0000000000000000000, 1.000000000000000000, 0.0000000000000000000 ) ) ;
#3006 = AXIS2_PLACEMENT_3D ( 'NONE', #3865, #3497, #3197 ) ;
#3007 = AXIS2_PLACEMENT_3D ( 'NONE', #239, #3842, #3148 ) ;
#3008 = VECTOR ( 'NONE', #2808, 1000.000000000000000 ) ;
#3009 = CARTESIAN_POINT ( 'NONE',  ( 0.5950742240999387100, 2.654782233662874400, -5.254782233662871800 ) ) ;
#3010 = CYLINDRICAL_SURFACE ( 'NONE', #2488, 0.1123199999999999500 ) ;
#3011 = DIRECTION ( 'NONE',  ( 0.0000000000000000000, 0.0000000000000000000, 1.000000000000000000 ) ) ;
#3012 = FACE_OUTER_BOUND ( 'NONE', #3565, .T. ) ;
#3013 = EDGE_CURVE ( 'NONE', #10, #3871, #2250, .T. ) ;
#3014 = DIRECTION ( 'NONE',  ( -0.0000000000000000000, -1.000000000000000000, 0.0000000000000000000 ) ) ;
#3015 = CYLINDRICAL_SURFACE ( 'NONE', #329, 0.1123200000000000200 ) ;
#3016 =( NAMED_UNIT ( * ) PLANE_ANGLE_UNIT ( ) SI_UNIT ( $, .RADIAN. ) );
#3017 = DIRECTION ( 'NONE',  ( 1.000000000000000000, 0.0000000000000000000, 0.0000000000000000000 ) ) ;
#3018 = ORIENTED_EDGE ( 'NONE', *, *, #2908, .F. ) ;
#3019 = SURFACE_SIDE_STYLE ('',( #2917 ) ) ;
#3020 = PRESENTATION_STYLE_ASSIGNMENT (( #2200 ) ) ;
#3021 = DIRECTION ( 'NONE',  ( 0.0000000000000000000, -1.000000000000000000, 0.0000000000000000000 ) ) ;
#3022 = ORIENTED_EDGE ( 'NONE', *, *, #912, .F. ) ;
#3023 = ORIENTED_EDGE ( 'NONE', *, *, #3113, .T. ) ;
#3024 = FILL_AREA_STYLE_COLOUR ( '', #3479 ) ;
#3025 = AXIS2_PLACEMENT_3D ( 'NONE', #453, #4461, #482 ) ;
#3026 = UNCERTAINTY_MEASURE_WITH_UNIT (LENGTH_MEASURE( 1.000000000000000100E-005 ), #3655, 'distance_accuracy_value', 'NONE');
#3027 = CARTESIAN_POINT ( 'NONE',  ( 2.945662692118831100, 2.692679999999999700, -3.891737327869781100 ) ) ;
#3028 = ORIENTED_EDGE ( 'NONE', *, *, #2384, .T. ) ;
#3029 = ORIENTED_EDGE ( 'NONE', *, *, #2004, .T. ) ;
#3030 = ADVANCED_FACE ( 'NONE', ( #306 ), #1588, .F. ) ;
#3031 = LINE ( 'NONE', #3392, #2051 ) ;
#3032 = PLANE ( 'NONE',  #2503 ) ;
#3033 = ORIENTED_EDGE ( 'NONE', *, *, #4422, .T. ) ;
#3034 = AXIS2_PLACEMENT_3D ( 'NONE', #929, #4569, #4240 ) ;
#3035 = VECTOR ( 'NONE', #250, 1000.000000000000200 ) ;
#3036 = ORIENTED_EDGE ( 'NONE', *, *, #624, .T. ) ;
#3037 = LINE ( 'NONE', #1980, #3988 ) ;
#3038 = CARTESIAN_POINT ( 'NONE',  ( 3.294000000000014700, 2.692679999999999700, -2.545961930456503500 ) ) ;
#3039 = SURFACE_STYLE_FILL_AREA ( #4339 ) ;
#3040 = DIRECTION ( 'NONE',  ( -0.9985542843760948400, 0.0000000000000000000, -0.05375259206908063900 ) ) ;
#3041 = EDGE_CURVE ( 'NONE', #2528, #273, #1300, .T. ) ;
#3042 = AXIS2_PLACEMENT_3D ( 'NONE', #147, #2682, #548 ) ;
#3043 = ORIENTED_EDGE ( 'NONE', *, *, #1362, .F. ) ;
#3044 =( NAMED_UNIT ( * ) SI_UNIT ( $, .STERADIAN. ) SOLID_ANGLE_UNIT ( ) );
#3045 = FACE_OUTER_BOUND ( 'NONE', #2511, .T. ) ;
#3046 = EDGE_LOOP ( 'NONE', ( #1647, #2878, #7, #3711, #4328, #3290, #4634, #4093, #562, #4481, #491, #3406, #1232, #1878, #2442, #4118, #4324 ) ) ;
#3047 = EDGE_CURVE ( 'NONE', #3618, #2328, #3188, .T. ) ;
#3048 = CARTESIAN_POINT ( 'NONE',  ( 5.500000000000000000, 2.687679999999999800, -0.1123199999999982300 ) ) ;
#3049 =( NAMED_UNIT ( * ) PLANE_ANGLE_UNIT ( ) SI_UNIT ( $, .RADIAN. ) );
#3050 = PLANE ( 'NONE',  #3892 ) ;
#3051 = ORIENTED_EDGE ( 'NONE', *, *, #997, .T. ) ;
#3052 = VECTOR ( 'NONE', #1992, 1000.000000000000000 ) ;
#3053 = DIRECTION ( 'NONE',  ( 0.0000000000000000000, 0.0000000000000000000, -1.000000000000000000 ) ) ;
#3054 =( BOUNDED_CURVE ( )  B_SPLINE_CURVE ( 3, ( #814, #70, #4393, #1511 ),
 .UNSPECIFIED., .F., .T. ) 
 B_SPLINE_CURVE_WITH_KNOTS ( ( 4, 4 ),
 ( 4.712388980384693200, 5.009640341705891200 ),
 .UNSPECIFIED. ) 
 CURVE ( )  GEOMETRIC_REPRESENTATION_ITEM ( )  RATIONAL_B_SPLINE_CURVE ( ( 1.000000000000000000, 0.9926503465430341900, 0.9926503465430341900, 1.000000000000000000 ) ) 
 REPRESENTATION_ITEM ( '' )  );
#3055 = CARTESIAN_POINT ( 'NONE',  ( 5.500000000000001800, 0.1123199999999999500, -5.187819312958661800 ) ) ;
#3056 = CARTESIAN_POINT ( 'NONE',  ( 3.142938774847502600, 2.692679999999999700, -3.494785832608279500 ) ) ;
#3057 = EDGE_LOOP ( 'NONE', ( #4373, #545, #994, #627 ) ) ;
#3058 = SURFACE_STYLE_FILL_AREA ( #1883 ) ;
#3059 = DIRECTION ( 'NONE',  ( 1.000000000000000000, -0.0000000000000000000, -0.0000000000000000000 ) ) ;
#3060 = CARTESIAN_POINT ( 'NONE',  ( 0.5999999999999998700, 2.575359999999999000, -5.287679999999999900 ) ) ;
#3061 = ORIENTED_EDGE ( 'NONE', *, *, #1655, .F. ) ;
#3062 =( GEOMETRIC_REPRESENTATION_CONTEXT ( 3 ) GLOBAL_UNCERTAINTY_ASSIGNED_CONTEXT ( ( #3183 ) ) GLOBAL_UNIT_ASSIGNED_CONTEXT ( ( #3920, #1750, #2188 ) ) REPRESENTATION_CONTEXT ( 'NONE', 'WORKASPACE' ) );
#3063 = SURFACE_SIDE_STYLE ('',( #947 ) ) ;
#3064 = LINE ( 'NONE', #4564, #2649 ) ;
#3065 = CARTESIAN_POINT ( 'NONE',  ( 2.945662692117169400, 2.687679999999999800, -2.193576659344267400 ) ) ;
#3066 = CARTESIAN_POINT ( 'NONE',  ( 3.067283914678575800, 2.692679999999999700, -2.729064943576893700 ) ) ;
#3067 = PLANE ( 'NONE',  #3276 ) ;
#3068 = DIRECTION ( 'NONE',  ( 1.000000000000000000, -0.0000000000000000000, -0.0000000000000000000 ) ) ;
#3069 = EDGE_CURVE ( 'NONE', #3941, #1741, #528, .T. ) ;
#3070 = AXIS2_PLACEMENT_3D ( 'NONE', #100, #1513, #470 ) ;
#3071 = CIRCLE ( 'NONE', #960, 0.1123200000000000000 ) ;
#3072 = DIRECTION ( 'NONE',  ( -0.0000000000000000000, -1.000000000000000000, 0.0000000000000000000 ) ) ;
#3073 =( NAMED_UNIT ( * ) SI_UNIT ( $, .STERADIAN. ) SOLID_ANGLE_UNIT ( ) );
#3074 = CARTESIAN_POINT ( 'NONE',  ( 2.653419977112785300, 2.687679999999999800, -4.241073954201232800 ) ) ;
#3075 = PRESENTATION_STYLE_ASSIGNMENT (( #3860 ) ) ;
#3076 = DIRECTION ( 'NONE',  ( 0.0000000000000000000, 0.0000000000000000000, 1.000000000000000000 ) ) ;
#3077 = EDGE_CURVE ( 'NONE', #2469, #1582, #3353, .T. ) ;
#3078 = VECTOR ( 'NONE', #189, 1000.000000000000200 ) ;
#3079 = DIRECTION ( 'NONE',  ( 1.000000000000000000, 0.0000000000000000000, -0.0000000000000000000 ) ) ;
#3080 = LINE ( 'NONE', #3742, #4548 ) ;
#3081 = ORIENTED_EDGE ( 'NONE', *, *, #2236, .T. ) ;
#3082 =( LENGTH_UNIT ( ) NAMED_UNIT ( * ) SI_UNIT ( .MILLI., .METRE. ) );
#3083 = DIRECTION ( 'NONE',  ( -0.9237839814038671900, 0.0000000000000000000, 0.3829140317376987800 ) ) ;
#3084 =( NAMED_UNIT ( * ) SI_UNIT ( $, .STERADIAN. ) SOLID_ANGLE_UNIT ( ) );
#3085 =( LENGTH_UNIT ( ) NAMED_UNIT ( * ) SI_UNIT ( .MILLI., .METRE. ) );
#3086 = AXIS2_PLACEMENT_3D ( 'NONE', #2982, #2280, #3797 ) ;
#3087 = EDGE_LOOP ( 'NONE', ( #673, #1397, #4216, #4370 ) ) ;
#3088 = CARTESIAN_POINT ( 'NONE',  ( 5.612320000000001300, 2.799999999999999800, -0.1123199999999999900 ) ) ;
#3089 = ORIENTED_EDGE ( 'NONE', *, *, #1122, .T. ) ;
#3090 = CARTESIAN_POINT ( 'NONE',  ( 2.798905294973047300, 2.692679999999999700, -1.894761132410661200 ) ) ;
#3091 = DIRECTION ( 'NONE',  ( 1.000000000000000000, 0.0000000000000000000, 0.0000000000000000000 ) ) ;
#3092 = CARTESIAN_POINT ( 'NONE',  ( 0.5999999999999998700, 0.1123200000000000000, 0.0000000000000000000 ) ) ;
#3093 = UNCERTAINTY_MEASURE_WITH_UNIT (LENGTH_MEASURE( 1.000000000000000100E-005 ), #1263, 'distance_accuracy_value', 'NONE');
#3094 = VERTEX_POINT ( 'NONE', #2957 ) ;
#3095 = DIRECTION ( 'NONE',  ( 0.0000000000000000000, -1.000000000000000000, 0.0000000000000000000 ) ) ;
#3096 = STYLED_ITEM ( 'NONE', ( #3172 ), #1378 ) ;
#3097 = CARTESIAN_POINT ( 'NONE',  ( 3.294000000000014700, 2.692679999999999700, -2.382648192138503400 ) ) ;
#3098 = EDGE_LOOP ( 'NONE', ( #4582, #2178, #1714, #918 ) ) ;
#3099 = CARTESIAN_POINT ( 'NONE',  ( 5.987680000000000100, 0.0000000000000000000, 0.0000000000000000000 ) ) ;
#3100 =( LENGTH_UNIT ( ) NAMED_UNIT ( * ) SI_UNIT ( .MILLI., .METRE. ) );
#3101 = APPLICATION_CONTEXT ( 'automotive_design' ) ;
#3102 = CARTESIAN_POINT ( 'NONE',  ( 2.862955814443229700, 2.692679999999999700, -1.024283521815165100 ) ) ;
#3103 = AXIS2_PLACEMENT_3D ( 'NONE', #771, #3671, #825 ) ;
#3104 = ORIENTED_EDGE ( 'NONE', *, *, #2115, .F. ) ;
#3105 = LINE ( 'NONE', #1539, #1167 ) ;
#3106 = VECTOR ( 'NONE', #1831, 1000.000000000000000 ) ;
#3107 = DIRECTION ( 'NONE',  ( 1.000000000000000000, 0.0000000000000000000, 0.0000000000000000000 ) ) ;
#3108 = ORIENTED_EDGE ( 'NONE', *, *, #4625, .T. ) ;
#3109 = CARTESIAN_POINT ( 'NONE',  ( 2.583844240417757300, 2.687679999999999800, -3.132491859809354300 ) ) ;
#3110 = SURFACE_STYLE_USAGE ( .BOTH. , #1967 ) ;
#3111 = CARTESIAN_POINT ( 'NONE',  ( 2.587247716295260100, 2.687679999999999800, -2.585577424164422000 ) ) ;
#3112 = LINE ( 'NONE', #1222, #2122 ) ;
#3113 = EDGE_CURVE ( 'NONE', #497, #3505, #2646, .T. ) ;
#3114 = PRESENTATION_STYLE_ASSIGNMENT (( #4315 ) ) ;
#3115 = AXIS2_PLACEMENT_3D ( 'NONE', #4160, #1298, #2330 ) ;
#3116 = DIRECTION ( 'NONE',  ( -0.8843386665637649200, 0.0000000000000000000, -0.4668459304955137600 ) ) ;
#3117 = ORIENTED_EDGE ( 'NONE', *, *, #744, .F. ) ;
#3118 = CARTESIAN_POINT ( 'NONE',  ( 0.4876799999999999500, 2.687679999999999800, 0.0000000000000000000 ) ) ;
#3119 = EDGE_CURVE ( 'NONE', #2919, #14, #953, .T. ) ;
#3120 = ORIENTED_EDGE ( 'NONE', *, *, #3207, .F. ) ;
#3121 = DIRECTION ( 'NONE',  ( 0.6995643972270460000, 0.0000000000000000000, 0.7145695586381776200 ) ) ;
#3122 = PRODUCT_CONTEXT ( 'NONE', #2701, 'mechanical' ) ;
#3123 = SURFACE_SIDE_STYLE ('',( #2611 ) ) ;
#3124 = B_SPLINE_CURVE_WITH_KNOTS ( 'NONE', 3,
 ( #303, #2769, #1694, #4246, #4232, #3191, #1010, #4604, #993, #4591 ),
 .UNSPECIFIED., .F., .F.,
 ( 4, 3, 3, 4 ),
 ( 8.800798683054271100E-019, 3.737793887600313800E-005, 7.483306597327607000E-005, 8.800504568266322700E-005 ),
 .UNSPECIFIED. ) ;
#3125 = EDGE_LOOP ( 'NONE', ( #1094, #220, #3976, #3449 ) ) ;
#3126 = CYLINDRICAL_SURFACE ( 'NONE', #2190, 0.1123199999999999500 ) ;
#3127 = CARTESIAN_POINT ( 'NONE',  ( 0.5999999999999999800, 0.1123199999999999500, -5.175360000000000400 ) ) ;
#3128 = SURFACE_SIDE_STYLE ('',( #703 ) ) ;
#3129 = AXIS2_PLACEMENT_3D ( 'NONE', #208, #1229, #4099 ) ;
#3130 = VERTEX_POINT ( 'NONE', #982 ) ;
#3131 =( NAMED_UNIT ( * ) PLANE_ANGLE_UNIT ( ) SI_UNIT ( $, .RADIAN. ) );
#3132 = SPHERICAL_SURFACE ( 'NONE', #330, 0.1123200000000000000 ) ;
#3133 = SURFACE_SIDE_STYLE ('',( #35 ) ) ;
#3134 = CARTESIAN_POINT ( 'NONE',  ( 2.500140458105373700, 2.692679999999999700, -2.759594511516080900 ) ) ;
#3135 = VECTOR ( 'NONE', #4493, 1000.000000000000200 ) ;
#3136 = VECTOR ( 'NONE', #4448, 1000.000000000000200 ) ;
#3137 = ADVANCED_FACE ( 'NONE', ( #33 ), #3525, .T. ) ;
#3138 = AXIS2_PLACEMENT_3D ( 'NONE', #1499, #399, #427 ) ;
#3139 = LINE ( 'NONE', #686, #639 ) ;
#3140 = DIRECTION ( 'NONE',  ( 0.0000000000000000000, 0.0000000000000000000, 1.000000000000000000 ) ) ;
#3141 = SURFACE_STYLE_FILL_AREA ( #3928 ) ;
#3142 = CARTESIAN_POINT ( 'NONE',  ( 2.798931846913856900, 2.692679999999999700, -3.592974904814171900 ) ) ;
#3143 = VECTOR ( 'NONE', #4358, 1000.000000000000000 ) ;
#3144 = CIRCLE ( 'NONE', #2233, 0.1123199999999999500 ) ;
#3145 = EDGE_CURVE ( 'NONE', #4321, #3673, #588, .T. ) ;
#3146 = MECHANICAL_DESIGN_GEOMETRIC_PRESENTATION_REPRESENTATION (  '', ( #4244 ), #2882 ) ;
#3147 = COLOUR_RGB ( '',0.7686274509803920900, 0.7686274509803920900, 0.7686274509803920900 ) ;
#3148 = DIRECTION ( 'NONE',  ( 1.000000000000000000, 1.544447539153140800E-014, 0.0000000000000000000 ) ) ;
#3149 = CARTESIAN_POINT ( 'NONE',  ( 0.5950742240999387100, 2.654782233662873900, -0.1452177663371269100 ) ) ;
#3150 = ORIENTED_EDGE ( 'NONE', *, *, #3858, .F. ) ;
#3151 = VECTOR ( 'NONE', #3662, 1000.000000000000100 ) ;
#3152 = EDGE_CURVE ( 'NONE', #75, #1720, #693, .T. ) ;
#3153 = ORIENTED_EDGE ( 'NONE', *, *, #600, .F. ) ;
#3154 = ORIENTED_EDGE ( 'NONE', *, *, #2887, .F. ) ;
#3155 = SURFACE_STYLE_USAGE ( .BOTH. , #618 ) ;
#3156 = FILL_AREA_STYLE ('',( #263 ) ) ;
#3157 = ORIENTED_EDGE ( 'NONE', *, *, #717, .T. ) ;
#3158 = CARTESIAN_POINT ( 'NONE',  ( 5.500030899689814000, 0.1955092100933722700, -5.284470524900061900 ) ) ;
#3159 = EDGE_LOOP ( 'NONE', ( #2012, #2213, #2559, #341 ) ) ;
#3160 =( GEOMETRIC_REPRESENTATION_CONTEXT ( 3 ) GLOBAL_UNCERTAINTY_ASSIGNED_CONTEXT ( ( #3093 ) ) GLOBAL_UNIT_ASSIGNED_CONTEXT ( ( #1263, #198, #2696 ) ) REPRESENTATION_CONTEXT ( 'NONE', 'WORKASPACE' ) );
#3161 = VECTOR ( 'NONE', #20, 1000.000000000000000 ) ;
#3162 = ADVANCED_FACE ( 'NONE', ( #473 ), #2071, .F. ) ;
#3163 = CARTESIAN_POINT ( 'NONE',  ( 3.294000000000014700, 2.692679999999999700, -4.056900046700764800 ) ) ;
#3164 = CARTESIAN_POINT ( 'NONE',  ( 2.945662692118831100, 2.692679999999999700, -3.891737327869781100 ) ) ;
#3165 = VERTEX_POINT ( 'NONE', #999 ) ;
#3166 = SURFACE_STYLE_USAGE ( .BOTH. , #4137 ) ;
#3167 = PRESENTATION_LAYER_ASSIGNMENT (  '', '', ( #2806 ) ) ;
#3168 = DIRECTION ( 'NONE',  ( 0.0000000000000000000, 0.0000000000000000000, 1.000000000000000000 ) ) ;
#3169 = ORIENTED_EDGE ( 'NONE', *, *, #1857, .F. ) ;
#3170 = SURFACE_STYLE_USAGE ( .BOTH. , #634 ) ;
#3171 = ORIENTED_EDGE ( 'NONE', *, *, #851, .T. ) ;
#3172 = PRESENTATION_STYLE_ASSIGNMENT (( #1653 ) ) ;
#3173 = DIRECTION ( 'NONE',  ( 0.0000000000000000000, 0.0000000000000000000, 1.000000000000000000 ) ) ;
#3174 = ORIENTED_EDGE ( 'NONE', *, *, #456, .T. ) ;
#3175 = EDGE_CURVE ( 'NONE', #437, #161, #2194, .T. ) ;
#3176 = PRESENTATION_STYLE_ASSIGNMENT (( #1585 ) ) ;
#3177 = DIRECTION ( 'NONE',  ( -1.000000000000000000, -1.544447539153147800E-014, 0.0000000000000000000 ) ) ;
#3178 = CARTESIAN_POINT ( 'NONE',  ( 0.1123199999999999500, 2.687679999999999800, -0.1123200000000000000 ) ) ;
#3179 = SURFACE_SIDE_STYLE ('',( #3251 ) ) ;
#3180 = ORIENTED_EDGE ( 'NONE', *, *, #2610, .F. ) ;
#3181 = PRESENTATION_STYLE_ASSIGNMENT (( #8 ) ) ;
#3182 = EDGE_CURVE ( 'NONE', #660, #832, #4189, .T. ) ;
#3183 = UNCERTAINTY_MEASURE_WITH_UNIT (LENGTH_MEASURE( 1.000000000000000100E-005 ), #3920, 'distance_accuracy_value', 'NONE');
#3184 = CARTESIAN_POINT ( 'NONE',  ( 2.862955814443229700, 2.692679999999999700, -1.024283521815165100 ) ) ;
#3185 = EDGE_LOOP ( 'NONE', ( #924, #3542, #2924 ) ) ;
#3186 = CARTESIAN_POINT ( 'NONE',  ( 5.500000000000040000, 0.2187785217711350800, -5.287679999999999900 ) ) ;
#3187 = SURFACE_SIDE_STYLE ('',( #1308 ) ) ;
#3188 = LINE ( 'NONE', #4095, #3963 ) ;
#3189 = LINE ( 'NONE', #3027, #308 ) ;
#3190 = SURFACE_STYLE_USAGE ( .BOTH. , #2787 ) ;
#3191 = CARTESIAN_POINT ( 'NONE',  ( 0.5990570754601958200, 2.635259863643314700, -0.1288250177456410400 ) ) ;
#3192 = PRESENTATION_STYLE_ASSIGNMENT (( #1178 ) ) ;
#3193 = STYLED_ITEM ( 'NONE', ( #2530 ), #1105 ) ;
#3194 = PRESENTATION_STYLE_ASSIGNMENT (( #756 ) ) ;
#3195 = COLOUR_RGB ( '',0.6470588235294118000, 0.5176470588235293500, 0.0000000000000000000 ) ;
#3196 = DIRECTION ( 'NONE',  ( -0.0000000000000000000, -1.000000000000000000, 0.0000000000000000000 ) ) ;
#3197 = DIRECTION ( 'NONE',  ( 0.0000000000000000000, 0.0000000000000000000, 1.000000000000000000 ) ) ;
#3198 = VECTOR ( 'NONE', #4522, 1000.000000000000000 ) ;
#3199 = MECHANICAL_DESIGN_GEOMETRIC_PRESENTATION_REPRESENTATION (  '', ( #1871 ), #1715 ) ;
#3200 = PRESENTATION_LAYER_ASSIGNMENT (  '', '', ( #2777 ) ) ;
#3201 = ADVANCED_FACE ( 'NONE', ( #1912 ), #3628, .T. ) ;
#3202 = FACE_OUTER_BOUND ( 'NONE', #2729, .T. ) ;
#3203 = CARTESIAN_POINT ( 'NONE',  ( 2.500140458105373700, 2.692679999999999700, -1.129180580096638400 ) ) ;
#3204 = CARTESIAN_POINT ( 'NONE',  ( 5.501258765607026600, 0.1631224660761794700, -5.270069581109934700 ) ) ;
#3205 = CARTESIAN_POINT ( 'NONE',  ( 0.5996007598724730800, 2.677368716263961900, -5.223996614576750000 ) ) ;
#3206 = VECTOR ( 'NONE', #4455, 1000.000000000000200 ) ;
#3207 = EDGE_CURVE ( 'NONE', #273, #3214, #1506, .T. ) ;
#3208 = ORIENTED_EDGE ( 'NONE', *, *, #3772, .F. ) ;
#3209 =( GEOMETRIC_REPRESENTATION_CONTEXT ( 3 ) GLOBAL_UNCERTAINTY_ASSIGNED_CONTEXT ( ( #4440 ) ) GLOBAL_UNIT_ASSIGNED_CONTEXT ( ( #394, #4287, #2901 ) ) REPRESENTATION_CONTEXT ( 'NONE', 'WORKASPACE' ) );
#3210 = ADVANCED_FACE ( 'NONE', ( #136 ), #1693, .F. ) ;
#3211 = CARTESIAN_POINT ( 'NONE',  ( 0.5999999999999999800, 2.687679999999999800, -5.287679999999999900 ) ) ;
#3212 = SURFACE_STYLE_FILL_AREA ( #3901 ) ;
#3213 = ORIENTED_EDGE ( 'NONE', *, *, #3997, .F. ) ;
#3214 = VERTEX_POINT ( 'NONE', #2786 ) ;
#3215 = EDGE_CURVE ( 'NONE', #4566, #2723, #4526, .T. ) ;
#3216 = ORIENTED_EDGE ( 'NONE', *, *, #3069, .T. ) ;
#3217 = DIRECTION ( 'NONE',  ( 1.000000000000000000, 0.0000000000000000000, 0.0000000000000000000 ) ) ;
#3218 =( NAMED_UNIT ( * ) SI_UNIT ( $, .STERADIAN. ) SOLID_ANGLE_UNIT ( ) );
#3219 = LINE ( 'NONE', #3665, #1776 ) ;
#3220 = ORIENTED_EDGE ( 'NONE', *, *, #448, .T. ) ;
#3221 = ORIENTED_EDGE ( 'NONE', *, *, #1566, .T. ) ;
#3222 = FILL_AREA_STYLE_COLOUR ( '', #369 ) ;
#3223 = CARTESIAN_POINT ( 'NONE',  ( 2.945662692118831100, 2.692679999999999700, -3.891737327869781100 ) ) ;
#3224 = VECTOR ( 'NONE', #658, 1000.000000000000100 ) ;
#3225 = CARTESIAN_POINT ( 'NONE',  ( 2.500140458105373700, 2.692679999999999700, -1.369523908665738700 ) ) ;
#3226 = ORIENTED_EDGE ( 'NONE', *, *, #2632, .F. ) ;
#3227 = PRESENTATION_LAYER_ASSIGNMENT (  '', '', ( #4676 ) ) ;
#3228 = CARTESIAN_POINT ( 'NONE',  ( 3.294000000000014700, 2.692679999999999700, -3.825613343307865800 ) ) ;
#3229 = ADVANCED_FACE ( 'NONE', ( #1348 ), #1124, .F. ) ;
#3230 = ORIENTED_EDGE ( 'NONE', *, *, #2697, .T. ) ;
#3231 = CARTESIAN_POINT ( 'NONE',  ( 5.612320000000043100, -7.531961758941409300E-015, 0.0000000000000000000 ) ) ;
#3232 = SURFACE_STYLE_USAGE ( .BOTH. , #694 ) ;
#3233 = EDGE_CURVE ( 'NONE', #2618, #1289, #410, .T. ) ;
#3234 = CARTESIAN_POINT ( 'NONE',  ( 5.500942924539844900, 0.1647401363566771400, -0.1288250177456453900 ) ) ;
#3235 = PRESENTATION_STYLE_ASSIGNMENT (( #3232 ) ) ;
#3236 = PRESENTATION_LAYER_ASSIGNMENT (  '', '', ( #1025 ) ) ;
#3237 = ORIENTED_EDGE ( 'NONE', *, *, #2362, .F. ) ;
#3238 = CARTESIAN_POINT ( 'NONE',  ( 3.294000000000014700, 2.687679999999999800, -2.757597784819791500 ) ) ;
#3239 = CARTESIAN_POINT ( 'NONE',  ( 5.987680000000000100, 0.0000000000000000000, -5.400000000000000400 ) ) ;
#3240 = EDGE_CURVE ( 'NONE', #14, #3980, #2421, .T. ) ;
#3241 = ORIENTED_EDGE ( 'NONE', *, *, #3350, .F. ) ;
#3242 = CARTESIAN_POINT ( 'NONE',  ( 2.500140458105373700, 2.692679999999999700, -1.755858281729635300 ) ) ;
#3243 = UNCERTAINTY_MEASURE_WITH_UNIT (LENGTH_MEASURE( 1.000000000000000100E-005 ), #1049, 'distance_accuracy_value', 'NONE');
#3244 = CARTESIAN_POINT ( 'NONE',  ( 0.4876799999999999500, 2.687679999999999800, -5.287679999999999900 ) ) ;
#3245 = EDGE_LOOP ( 'NONE', ( #4390, #759, #1960 ) ) ;
#3246 = PRESENTATION_STYLE_ASSIGNMENT (( #1270 ) ) ;
#3247 = PRESENTATION_LAYER_ASSIGNMENT (  '', '', ( #2988 ) ) ;
#3248 = ADVANCED_FACE ( 'NONE', ( #4639 ), #4362, .F. ) ;
#3249 = CARTESIAN_POINT ( 'NONE',  ( 6.100000000000000500, 0.1123200000000000000, -0.1123199999999999900 ) ) ;
#3250 = CARTESIAN_POINT ( 'NONE',  ( 0.4876800000000007800, 0.0000000000000000000, -5.400000000000000400 ) ) ;
#3251 = SURFACE_STYLE_FILL_AREA ( #2774 ) ;
#3252 = LINE ( 'NONE', #2166, #2431 ) ;
#3253 = DIRECTION ( 'NONE',  ( 1.000000000000000000, 0.0000000000000000000, 7.360257803776688000E-015 ) ) ;
#3254 = VECTOR ( 'NONE', #1334, 1000.000000000000000 ) ;
#3255 = ADVANCED_FACE ( 'NONE', ( #3795 ), #3898, .T. ) ;
#3256 = CARTESIAN_POINT ( 'NONE',  ( 3.294000000000014700, 2.687679999999999800, -0.9007373474036682900 ) ) ;
#3257 = CARTESIAN_POINT ( 'NONE',  ( 2.500140458105373700, 2.687679999999999800, -1.630775682670778900 ) ) ;
#3258 =( GEOMETRIC_REPRESENTATION_CONTEXT ( 3 ) GLOBAL_UNCERTAINTY_ASSIGNED_CONTEXT ( ( #1469 ) ) GLOBAL_UNIT_ASSIGNED_CONTEXT ( ( #2169, #41, #396 ) ) REPRESENTATION_CONTEXT ( 'NONE', 'WORKASPACE' ) );
#3259 = CARTESIAN_POINT ( 'NONE',  ( 6.100000000000000500, 0.1123200000000000000, -5.287679999999999900 ) ) ;
#3260 = CARTESIAN_POINT ( 'NONE',  ( 2.653419977114756600, 2.692679999999999700, -4.467161305080550100 ) ) ;
#3261 = CARTESIAN_POINT ( 'NONE',  ( 6.100000000000000500, 2.687679999999999800, -5.287679999999999900 ) ) ;
#3262 = STYLED_ITEM ( 'NONE', ( #3776 ), #3579 ) ;
#3263 = PRESENTATION_LAYER_ASSIGNMENT (  '', '', ( #2655 ) ) ;
#3264 = CARTESIAN_POINT ( 'NONE',  ( 2.500140458105373700, 2.692679999999999700, -1.630775682670778900 ) ) ;
#3265 = ORIENTED_EDGE ( 'NONE', *, *, #3910, .T. ) ;
#3266 = CARTESIAN_POINT ( 'NONE',  ( 5.500000000000000000, 2.799999999999999400, -0.1123200000000008200 ) ) ;
#3267 = ORIENTED_EDGE ( 'NONE', *, *, #327, .T. ) ;
#3268 = CARTESIAN_POINT ( 'NONE',  ( 5.500000000000000000, 0.2246399999999999000, -0.1123199999999982300 ) ) ;
#3269 = COLOUR_RGB ( '',0.7686274509803920900, 0.7686274509803920900, 0.7686274509803920900 ) ;
#3270 = EDGE_CURVE ( 'NONE', #2548, #886, #28, .T. ) ;
#3271 = VERTEX_POINT ( 'NONE', #452 ) ;
#3272 = PLANE ( 'NONE',  #2055 ) ;
#3273 = VECTOR ( 'NONE', #4342, 1000.000000000000100 ) ;
#3274 = VERTEX_POINT ( 'NONE', #1509 ) ;
#3275 = CARTESIAN_POINT ( 'NONE',  ( 5.500008434677495100, 0.1136964791315132800, -0.2071095243275111200 ) ) ;
#3276 = AXIS2_PLACEMENT_3D ( 'NONE', #3102, #593, #221 ) ;
#3277 = FILL_AREA_STYLE ('',( #1778 ) ) ;
#3278 = ADVANCED_FACE ( 'NONE', ( #1453 ), #2999, .F. ) ;
#3279 = ORIENTED_EDGE ( 'NONE', *, *, #3069, .F. ) ;
#3280 = LINE ( 'NONE', #1267, #1220 ) ;
#3281 = CARTESIAN_POINT ( 'NONE',  ( 5.612320000000041300, 0.1123200000000000000, -5.287679999999999900 ) ) ;
#3282 = CARTESIAN_POINT ( 'NONE',  ( 0.5975689629372263900, 0.1533618007684279200, -0.1370737319058239200 ) ) ;
#3283 = ORIENTED_EDGE ( 'NONE', *, *, #4388, .F. ) ;
#3284 = MECHANICAL_DESIGN_GEOMETRIC_PRESENTATION_REPRESENTATION (  '', ( #757 ), #589 ) ;
#3285 = LINE ( 'NONE', #3225, #1728 ) ;
#3286 = EDGE_LOOP ( 'NONE', ( #1487, #835, #1371, #4122 ) ) ;
#3287 = DIRECTION ( 'NONE',  ( -0.0000000000000000000, -1.000000000000000000, 0.0000000000000000000 ) ) ;
#3288 = AXIS2_PLACEMENT_3D ( 'NONE', #2414, #2794, #3544 ) ;
#3289 = AXIS2_PLACEMENT_3D ( 'NONE', #240, #2356, #1276 ) ;
#3290 = ORIENTED_EDGE ( 'NONE', *, *, #2572, .F. ) ;
#3291 = LINE ( 'NONE', #2364, #3740 ) ;
#3292 = CARTESIAN_POINT ( 'NONE',  ( 3.294000000000014700, 2.687679999999999800, -3.225829168527901900 ) ) ;
#3293 = ORIENTED_EDGE ( 'NONE', *, *, #3594, .F. ) ;
#3294 = CARTESIAN_POINT ( 'NONE',  ( 5.504925775900062500, 2.654782233662871700, -5.254782233662874400 ) ) ;
#3295 = EDGE_CURVE ( 'NONE', #1711, #2333, #1000, .T. ) ;
#3296 = AXIS2_PLACEMENT_3D ( 'NONE', #1726, #3568, #4218 ) ;
#3297 = ORIENTED_EDGE ( 'NONE', *, *, #1995, .F. ) ;
#3298 = ADVANCED_FACE ( 'NONE', ( #4237 ), #2223, .F. ) ;
#3299 = CARTESIAN_POINT ( 'NONE',  ( 0.5999999999999999800, 0.1123199999999999500, -5.287679999999999900 ) ) ;
#3300 = LINE ( 'NONE', #2228, #4537 ) ;
#3301 = EDGE_CURVE ( 'NONE', #4608, #4321, #3953, .T. ) ;
#3302 = ADVANCED_FACE ( 'NONE', ( #4584 ), #3032, .F. ) ;
#3303 = CARTESIAN_POINT ( 'NONE',  ( 5.987680000000000100, 2.799999999999999800, -5.287679999999999900 ) ) ;
#3304 = SURFACE_STYLE_FILL_AREA ( #3351 ) ;
#3305 = FILL_AREA_STYLE_COLOUR ( '', #4267 ) ;
#3306 = DIRECTION ( 'NONE',  ( -0.9612861490927336900, 0.0000000000000000000, -0.2755520632520511700 ) ) ;
#3307 = SURFACE_SIDE_STYLE ('',( #1307 ) ) ;
#3308 = CIRCLE ( 'NONE', #3007, 0.1123199999999999500 ) ;
#3309 = LINE ( 'NONE', #477, #1576 ) ;
#3310 = ORIENTED_EDGE ( 'NONE', *, *, #4120, .T. ) ;
#3311 = CARTESIAN_POINT ( 'NONE',  ( 5.501258765607027500, 0.1299304188900629600, -0.1631224660761819400 ) ) ;
#3312 = LINE ( 'NONE', #1064, #1533 ) ;
#3313 = EDGE_LOOP ( 'NONE', ( #965, #1589, #215 ) ) ;
#3314 = SURFACE_SIDE_STYLE ('',( #3539 ) ) ;
#3315 = EDGE_CURVE ( 'NONE', #1920, #2264, #3112, .T. ) ;
#3316 = AXIS2_PLACEMENT_3D ( 'NONE', #875, #2711, #2304 ) ;
#3317 = MECHANICAL_DESIGN_GEOMETRIC_PRESENTATION_REPRESENTATION (  '', ( #93 ), #2317 ) ;
#3318 = PLANE ( 'NONE',  #4281 ) ;
#3319 = ORIENTED_EDGE ( 'NONE', *, *, #767, .F. ) ;
#3320 = EDGE_CURVE ( 'NONE', #3398, #1282, #2578, .T. ) ;
#3321 = LINE ( 'NONE', #500, #2506 ) ;
#3322 = UNCERTAINTY_MEASURE_WITH_UNIT (LENGTH_MEASURE( 1.000000000000000100E-005 ), #4560, 'distance_accuracy_value', 'NONE');
#3323 = LINE ( 'NONE', #2507, #611 ) ;
#3324 = ORIENTED_EDGE ( 'NONE', *, *, #1183, .T. ) ;
#3325 = CARTESIAN_POINT ( 'NONE',  ( 3.294000000000000000, 2.692679999999999700, -0.6750000000000000400 ) ) ;
#3326 = CARTESIAN_POINT ( 'NONE',  ( 0.5960158448510979300, 0.1482916719885584200, -5.257856139314827500 ) ) ;
#3327 = DIRECTION ( 'NONE',  ( 1.000000000000000000, 0.0000000000000000000, 0.0000000000000000000 ) ) ;
#3328 = EDGE_LOOP ( 'NONE', ( #1381, #241, #2103, #3914 ) ) ;
#3329 = DIRECTION ( 'NONE',  ( 0.9612861490927338000, 0.0000000000000000000, 0.2755520632520512800 ) ) ;
#3330 = ADVANCED_FACE ( 'NONE', ( #2691 ), #1927, .F. ) ;
#3331 = ORIENTED_EDGE ( 'NONE', *, *, #629, .F. ) ;
#3332 = CARTESIAN_POINT ( 'NONE',  ( 3.294000000000014700, 2.692679999999999700, -1.527417462849348000 ) ) ;
#3333 = CARTESIAN_POINT ( 'NONE',  ( 2.652297554216430000, 2.692679999999999700, -3.999731307183401500 ) ) ;
#3334 = VERTEX_POINT ( 'NONE', #3048 ) ;
#3335 = PRESENTATION_LAYER_ASSIGNMENT (  '', '', ( #3096 ) ) ;
#3336 = CYLINDRICAL_SURFACE ( 'NONE', #4043, 0.1123199999999999500 ) ;
#3337 = CARTESIAN_POINT ( 'NONE',  ( 2.652297554216430000, 2.692679999999999700, -3.999731307183401500 ) ) ;
#3338 = FILL_AREA_STYLE ('',( #2193 ) ) ;
#3339 = CARTESIAN_POINT ( 'NONE',  ( 5.612320000000001300, 2.799999999999999800, 0.0000000000000000000 ) ) ;
#3340 = EDGE_LOOP ( 'NONE', ( #1763, #1119, #3558 ) ) ;
#3341 = CARTESIAN_POINT ( 'NONE',  ( 0.5999999999999998700, 0.2121806870413398800, -5.287679999999999900 ) ) ;
#3342 = SURFACE_STYLE_USAGE ( .BOTH. , #3019 ) ;
#3343 = EDGE_CURVE ( 'NONE', #404, #951, #4387, .T. ) ;
#3344 = PRESENTATION_STYLE_ASSIGNMENT (( #1175 ) ) ;
#3345 =( GEOMETRIC_REPRESENTATION_CONTEXT ( 3 ) GLOBAL_UNCERTAINTY_ASSIGNED_CONTEXT ( ( #2252 ) ) GLOBAL_UNIT_ASSIGNED_CONTEXT ( ( #3082, #158, #563 ) ) REPRESENTATION_CONTEXT ( 'NONE', 'WORKASPACE' ) );
#3346 = AXIS2_PLACEMENT_3D ( 'NONE', #1816, #527, #1824 ) ;
#3347 = CARTESIAN_POINT ( 'NONE',  ( 2.653437232311451700, 2.692679999999999700, -4.684512721529441300 ) ) ;
#3348 = EDGE_LOOP ( 'NONE', ( #2191, #3994, #1452 ) ) ;
#3349 = CARTESIAN_POINT ( 'NONE',  ( 5.987680000000000100, 2.687679999999999800, -5.287679999999999900 ) ) ;
#3350 = EDGE_CURVE ( 'NONE', #3374, #4052, #2015, .T. ) ;
#3351 = FILL_AREA_STYLE ('',( #1489 ) ) ;
#3352 = ORIENTED_EDGE ( 'NONE', *, *, #942, .T. ) ;
#3353 = LINE ( 'NONE', #854, #417 ) ;
#3354 = VECTOR ( 'NONE', #3014, 1000.000000000000000 ) ;
#3355 = FILL_AREA_STYLE ('',( #3750 ) ) ;
#3356 =( LENGTH_UNIT ( ) NAMED_UNIT ( * ) SI_UNIT ( .MILLI., .METRE. ) );
#3357 = STYLED_ITEM ( 'NONE', ( #2898 ), #39 ) ;
#3358 =( NAMED_UNIT ( * ) SI_UNIT ( $, .STERADIAN. ) SOLID_ANGLE_UNIT ( ) );
#3359 = PRESENTATION_STYLE_ASSIGNMENT (( #1973 ) ) ;
#3360 = CYLINDRICAL_SURFACE ( 'NONE', #2121, 0.1123200000000000000 ) ;
#3361 = LINE ( 'NONE', #2533, #1199 ) ;
#3362 = FILL_AREA_STYLE ('',( #3729 ) ) ;
#3363 = PRESENTATION_LAYER_ASSIGNMENT (  '', '', ( #2866 ) ) ;
#3364 = CARTESIAN_POINT ( 'NONE',  ( 2.652297554216430000, 2.687679999999999800, -3.999731307183401500 ) ) ;
#3365 = CIRCLE ( 'NONE', #704, 0.1123200000000000000 ) ;
#3366 = ORIENTED_EDGE ( 'NONE', *, *, #155, .T. ) ;
#3367 = ORIENTED_EDGE ( 'NONE', *, *, #3809, .T. ) ;
#3368 = DIRECTION ( 'NONE',  ( -1.000000000000000000, 0.0000000000000000000, 0.0000000000000000000 ) ) ;
#3369 = DIRECTION ( 'NONE',  ( -0.0000000000000000000, -1.000000000000000000, 0.0000000000000000000 ) ) ;
#3370 = MECHANICAL_DESIGN_GEOMETRIC_PRESENTATION_REPRESENTATION (  '', ( #2445 ), #3852 ) ;
#3371 = CARTESIAN_POINT ( 'NONE',  ( 0.5967686591984305800, 0.1515815489451597700, -5.260786387578708200 ) ) ;
#3372 = EDGE_LOOP ( 'NONE', ( #51, #4289, #1898 ) ) ;
#3373 = CARTESIAN_POINT ( 'NONE',  ( 0.5990570754601954900, 0.1288250177456419500, -0.1647401363566840500 ) ) ;
#3374 = VERTEX_POINT ( 'NONE', #4142 ) ;
#3375 = CARTESIAN_POINT ( 'NONE',  ( -2.033509805128725000, 2.687679999999999000, 0.01221870379636692600 ) ) ;
#3376 = PLANE ( 'NONE',  #2141 ) ;
#3377 = EDGE_CURVE ( 'NONE', #3094, #1889, #1048, .T. ) ;
#3378 = VECTOR ( 'NONE', #3559, 1000.000000000000000 ) ;
#3379 = ORIENTED_EDGE ( 'NONE', *, *, #774, .F. ) ;
#3380 = DIRECTION ( 'NONE',  ( -1.000000000000000000, 0.0000000000000000000, 0.0000000000000000000 ) ) ;
#3381 = UNCERTAINTY_MEASURE_WITH_UNIT (LENGTH_MEASURE( 1.000000000000000100E-005 ), #2549, 'distance_accuracy_value', 'NONE');
#3382 = SURFACE_STYLE_USAGE ( .BOTH. , #493 ) ;
#3383 = VECTOR ( 'NONE', #2416, 1000.000000000000000 ) ;
#3384 = EDGE_LOOP ( 'NONE', ( #3657, #1792, #1540, #2441, #2846, #1204 ) ) ;
#3385 = EDGE_CURVE ( 'NONE', #1720, #1150, #4050, .T. ) ;
#3386 = VECTOR ( 'NONE', #2905, 1000.000000000000100 ) ;
#3387 = DIRECTION ( 'NONE',  ( -1.000000000000000000, 0.0000000000000000000, 0.0000000000000000000 ) ) ;
#3388 = CARTESIAN_POINT ( 'NONE',  ( 5.612320000000041300, 0.1123200000000000000, -5.400000000000000400 ) ) ;
#3389 = CARTESIAN_POINT ( 'NONE',  ( 2.500140458105373700, 2.687679999999999800, -4.728567563735139400 ) ) ;
#3390 = ORIENTED_EDGE ( 'NONE', *, *, #1751, .T. ) ;
#3391 = FACE_OUTER_BOUND ( 'NONE', #117, .T. ) ;
#3392 = CARTESIAN_POINT ( 'NONE',  ( 3.294000000000014700, 2.692679999999999700, -1.438848608204118500 ) ) ;
#3393 = STYLED_ITEM ( 'NONE', ( #4350 ), #708 ) ;
#3394 = VERTEX_POINT ( 'NONE', #546 ) ;
#3395 = DIRECTION ( 'NONE',  ( -1.000000000000000000, 0.0000000000000000000, 0.0000000000000000000 ) ) ;
#3396 = CIRCLE ( 'NONE', #348, 0.1123200000000000000 ) ;
#3397 = CARTESIAN_POINT ( 'NONE',  ( 5.987680000000000100, 0.0000000000000000000, -0.1123199999999999900 ) ) ;
#3398 = VERTEX_POINT ( 'NONE', #2668 ) ;
#3399 = DIRECTION ( 'NONE',  ( 1.000000000000000000, 0.0000000000000000000, 0.0000000000000000000 ) ) ;
#3400 = LINE ( 'NONE', #1948, #4235 ) ;
#3401 = AXIS2_PLACEMENT_3D ( 'NONE', #3281, #2911, #80 ) ;
#3402 = ORIENTED_EDGE ( 'NONE', *, *, #3570, .F. ) ;
#3403 = PRESENTATION_STYLE_ASSIGNMENT (( #2573 ) ) ;
#3404 = SURFACE_STYLE_USAGE ( .BOTH. , #2650 ) ;
#3405 = COLOUR_RGB ( '',0.7686274509803920900, 0.7686274509803920900, 0.7686274509803920900 ) ;
#3406 = ORIENTED_EDGE ( 'NONE', *, *, #2423, .F. ) ;
#3407 = VECTOR ( 'NONE', #3369, 1000.000000000000000 ) ;
#3408 = EDGE_CURVE ( 'NONE', #4400, #4638, #2284, .T. ) ;
#3409 = PRESENTATION_STYLE_ASSIGNMENT (( #4192 ) ) ;
#3410 =( BOUNDED_CURVE ( )  B_SPLINE_CURVE ( 3, ( #3475, #1291, #2598, #1823 ),
 .UNSPECIFIED., .F., .F. ) 
 B_SPLINE_CURVE_WITH_KNOTS ( ( 4, 4 ),
 ( 1.570796326794896300, 1.868047688116101000 ),
 .UNSPECIFIED. ) 
 CURVE ( )  GEOMETRIC_REPRESENTATION_ITEM ( )  RATIONAL_B_SPLINE_CURVE ( ( 1.000000000000000000, 0.9926503465430338600, 0.9926503465430338600, 1.000000000000000000 ) ) 
 REPRESENTATION_ITEM ( '' )  );
#3411 = DIRECTION ( 'NONE',  ( -1.544447539153147100E-014, 1.000000000000000000, 0.0000000000000000000 ) ) ;
#3412 = CARTESIAN_POINT ( 'NONE',  ( 2.653419977114756600, 2.692679999999999700, -4.467161305080550100 ) ) ;
#3413 = SPHERICAL_SURFACE ( 'NONE', #3924, 0.1123200000000000000 ) ;
#3414 = SURFACE_STYLE_FILL_AREA ( #3945 ) ;
#3415 = EDGE_CURVE ( 'NONE', #4097, #4611, #3280, .T. ) ;
#3416 = CARTESIAN_POINT ( 'NONE',  ( 0.1123199999999999500, 2.687679999999999800, -5.287679999999999900 ) ) ;
#3417 = COLOUR_RGB ( '',0.7686274509803920900, 0.7686274509803920900, 0.7686274509803920900 ) ;
#3418 = VECTOR ( 'NONE', #909, 1000.000000000000000 ) ;
#3419 = DIRECTION ( 'NONE',  ( 0.0000000000000000000, 0.0000000000000000000, -1.000000000000000000 ) ) ;
#3420 = CYLINDRICAL_SURFACE ( 'NONE', #205, 0.1123200000000000000 ) ;
#3421 = DIRECTION ( 'NONE',  ( -0.2745159998572560000, 0.0000000000000000000, 0.9615825319869174500 ) ) ;
#3422 = VECTOR ( 'NONE', #196, 1000.000000000000000 ) ;
#3423 = FACE_OUTER_BOUND ( 'NONE', #3947, .T. ) ;
#3424 = DIRECTION ( 'NONE',  ( 0.0000000000000000000, 0.0000000000000000000, -1.000000000000000000 ) ) ;
#3425 = LINE ( 'NONE', #521, #207 ) ;
#3426 = PLANE ( 'NONE',  #3970 ) ;
#3427 = PLANE ( 'NONE',  #197 ) ;
#3428 = ORIENTED_EDGE ( 'NONE', *, *, #3301, .T. ) ;
#3429 = DIRECTION ( 'NONE',  ( -0.9610992334305258300, 0.0000000000000000000, -0.2762033010288898500 ) ) ;
#3430 = VERTEX_POINT ( 'NONE', #1236 ) ;
#3431 = FILL_AREA_STYLE ('',( #2725 ) ) ;
#3432 = DIRECTION ( 'NONE',  ( 0.0000000000000000000, 0.0000000000000000000, 1.000000000000000000 ) ) ;
#3433 = ORIENTED_EDGE ( 'NONE', *, *, #4353, .F. ) ;
#3434 = VERTEX_POINT ( 'NONE', #1205 ) ;
#3435 = VECTOR ( 'NONE', #3458, 1000.000000000000000 ) ;
#3436 = ORIENTED_EDGE ( 'NONE', *, *, #629, .T. ) ;
#3437 =( NAMED_UNIT ( * ) SI_UNIT ( $, .STERADIAN. ) SOLID_ANGLE_UNIT ( ) );
#3438 = CARTESIAN_POINT ( 'NONE',  ( 3.142938774847502600, 2.692679999999999700, -3.868477828883045300 ) ) ;
#3439 = CARTESIAN_POINT ( 'NONE',  ( 5.500000000000041700, 0.1123200000000000000, 0.0000000000000000000 ) ) ;
#3440 =( GEOMETRIC_REPRESENTATION_CONTEXT ( 3 ) GLOBAL_UNCERTAINTY_ASSIGNED_CONTEXT ( ( #681 ) ) GLOBAL_UNIT_ASSIGNED_CONTEXT ( ( #1681, #4223, #674 ) ) REPRESENTATION_CONTEXT ( 'NONE', 'WORKASPACE' ) );
#3441 = AXIS2_PLACEMENT_3D ( 'NONE', #4438, #4096, #4398 ) ;
#3442 = LINE ( 'NONE', #3099, #3553 ) ;
#3443 = ORIENTED_EDGE ( 'NONE', *, *, #3535, .T. ) ;
#3444 = DIRECTION ( 'NONE',  ( 0.0000000000000000000, 0.0000000000000000000, 1.000000000000000000 ) ) ;
#3445 = CARTESIAN_POINT ( 'NONE',  ( 2.500140458105373700, 2.692679999999999700, -0.9031415054705247400 ) ) ;
#3446 =( LENGTH_UNIT ( ) NAMED_UNIT ( * ) SI_UNIT ( .MILLI., .METRE. ) );
#3447 = EDGE_CURVE ( 'NONE', #1289, #1955, #3037, .T. ) ;
#3448 = UNCERTAINTY_MEASURE_WITH_UNIT (LENGTH_MEASURE( 1.000000000000000100E-005 ), #4612, 'distance_accuracy_value', 'NONE');
#3449 = ORIENTED_EDGE ( 'NONE', *, *, #3145, .T. ) ;
#3450 = FILL_AREA_STYLE ('',( #1939 ) ) ;
#3451 = CARTESIAN_POINT ( 'NONE',  ( 5.987680000000000100, 0.1123200000000000000, 0.0000000000000000000 ) ) ;
#3452 = FACE_OUTER_BOUND ( 'NONE', #386, .T. ) ;
#3453 = ORIENTED_EDGE ( 'NONE', *, *, #538, .T. ) ;
#3454 = EDGE_CURVE ( 'NONE', #2406, #3618, #2485, .T. ) ;
#3455 = CARTESIAN_POINT ( 'NONE',  ( 2.862955814443219900, 2.687679999999999800, -1.260178193614535300 ) ) ;
#3456 =( NAMED_UNIT ( * ) PLANE_ANGLE_UNIT ( ) SI_UNIT ( $, .RADIAN. ) );
#3457 = ORIENTED_EDGE ( 'NONE', *, *, #1887, .F. ) ;
#3458 = DIRECTION ( 'NONE',  ( -1.000000000000000000, 0.0000000000000000000, 0.0000000000000000000 ) ) ;
#3459 = DIRECTION ( 'NONE',  ( 0.0000000000000000000, 1.000000000000000000, 0.0000000000000000000 ) ) ;
#3460 = VERTEX_POINT ( 'NONE', #2277 ) ;
#3461 = DIRECTION ( 'NONE',  ( -0.0000000000000000000, -1.000000000000000000, 0.0000000000000000000 ) ) ;
#3462 = ORIENTED_EDGE ( 'NONE', *, *, #964, .T. ) ;
#3463 = VECTOR ( 'NONE', #3960, 1000.000000000000000 ) ;
#3464 = MECHANICAL_DESIGN_GEOMETRIC_PRESENTATION_REPRESENTATION (  '', ( #4076 ), #58 ) ;
#3465 = CARTESIAN_POINT ( 'NONE',  ( 0.5999999999999999800, 2.687679999999999800, -0.2187785217711350800 ) ) ;
#3466 = DIRECTION ( 'NONE',  ( 0.0000000000000000000, 0.0000000000000000000, 1.000000000000000000 ) ) ;
#3467 = FILL_AREA_STYLE ('',( #2010 ) ) ;
#3468 = CARTESIAN_POINT ( 'NONE',  ( 2.500140458105373700, 2.687679999999999800, -1.129180580096638400 ) ) ;
#3469 = DIRECTION ( 'NONE',  ( -1.000000000000000000, -1.544447539153140800E-014, 0.0000000000000000000 ) ) ;
#3470 = EDGE_CURVE ( 'NONE', #3502, #4400, #3105, .T. ) ;
#3471 = SPHERICAL_SURFACE ( 'NONE', #3773, 0.1123200000000000000 ) ;
#3472 = CARTESIAN_POINT ( 'NONE',  ( 2.651247545699367600, 2.692679999999999700, -2.299417517748308700 ) ) ;
#3473 = CARTESIAN_POINT ( 'NONE',  ( 2.838672858876865500, 2.687679999999999800, -1.032140482724699600 ) ) ;
#3474 = CIRCLE ( 'NONE', #3829, 0.1123200000000000000 ) ;
#3475 = CARTESIAN_POINT ( 'NONE',  ( 0.5999999999999999800, 0.1123199999999999500, -5.287679999999999900 ) ) ;
#3476 = EDGE_CURVE ( 'NONE', #3460, #3980, #1102, .T. ) ;
#3477 = LINE ( 'NONE', #4600, #1256 ) ;
#3478 = VECTOR ( 'NONE', #1937, 1000.000000000000000 ) ;
#3479 = COLOUR_RGB ( '',0.7686274509803920900, 0.7686274509803920900, 0.7686274509803920900 ) ;
#3480 = VECTOR ( 'NONE', #148, 1000.000000000000000 ) ;
#3481 = CARTESIAN_POINT ( 'NONE',  ( 6.100000000000000500, 0.0000000000000000000, -5.400000000000000400 ) ) ;
#3482 = CARTESIAN_POINT ( 'NONE',  ( 5.504925775900062500, 2.654782233662873000, -0.1452177663371260500 ) ) ;
#3483 = CARTESIAN_POINT ( 'NONE',  ( 0.6000027774523932800, 0.1127816437192397200, -5.187100840322655900 ) ) ;
#3484 =( GEOMETRIC_REPRESENTATION_CONTEXT ( 3 ) GLOBAL_UNCERTAINTY_ASSIGNED_CONTEXT ( ( #3915 ) ) GLOBAL_UNIT_ASSIGNED_CONTEXT ( ( #1861, #4405, #4029 ) ) REPRESENTATION_CONTEXT ( 'NONE', 'WORKASPACE' ) );
#3485 = SURFACE_STYLE_FILL_AREA ( #1809 ) ;
#3486 = ORIENTED_EDGE ( 'NONE', *, *, #1388, .F. ) ;
#3487 = ORIENTED_EDGE ( 'NONE', *, *, #2969, .F. ) ;
#3488 = DIRECTION ( 'NONE',  ( -0.0000000000000000000, -1.000000000000000000, -0.0000000000000000000 ) ) ;
#3489 = CARTESIAN_POINT ( 'NONE',  ( 0.5983459177687907600, 0.1345373754723349400, -0.1345373754723358200 ) ) ;
#3490 = COLOUR_RGB ( '',0.7686274509803920900, 0.7686274509803920900, 0.7686274509803920900 ) ;
#3491 = ORIENTED_EDGE ( 'NONE', *, *, #3809, .F. ) ;
#3492 = CARTESIAN_POINT ( 'NONE',  ( 5.987680000000000100, 0.1123200000000000000, -0.1123199999999999900 ) ) ;
#3493 = MECHANICAL_DESIGN_GEOMETRIC_PRESENTATION_REPRESENTATION (  '', ( #2251 ), #2411 ) ;
#3494 =( NAMED_UNIT ( * ) PLANE_ANGLE_UNIT ( ) SI_UNIT ( $, .RADIAN. ) );
#3495 = VECTOR ( 'NONE', #1830, 1000.000000000000100 ) ;
#3496 = ORIENTED_EDGE ( 'NONE', *, *, #3691, .F. ) ;
#3497 = DIRECTION ( 'NONE',  ( -1.000000000000000000, 0.0000000000000000000, 0.0000000000000000000 ) ) ;
#3498 =( LENGTH_UNIT ( ) NAMED_UNIT ( * ) SI_UNIT ( .MILLI., .METRE. ) );
#3499 = DIRECTION ( 'NONE',  ( 0.0000000000000000000, 0.0000000000000000000, -1.000000000000000000 ) ) ;
#3500 = DIRECTION ( 'NONE',  ( -7.360257803776680100E-015, -0.0000000000000000000, -1.000000000000000000 ) ) ;
#3501 = AXIS2_PLACEMENT_3D ( 'NONE', #1667, #1636, #1651 ) ;
#3502 = VERTEX_POINT ( 'NONE', #4177 ) ;
#3503 =( GEOMETRIC_REPRESENTATION_CONTEXT ( 3 ) GLOBAL_UNCERTAINTY_ASSIGNED_CONTEXT ( ( #3730 ) ) GLOBAL_UNIT_ASSIGNED_CONTEXT ( ( #670, #1772, #4603 ) ) REPRESENTATION_CONTEXT ( 'NONE', 'WORKASPACE' ) );
#3504 = FACE_OUTER_BOUND ( 'NONE', #1493, .T. ) ;
#3505 = VERTEX_POINT ( 'NONE', #3811 ) ;
#3506 = DIRECTION ( 'NONE',  ( 1.000000000000000000, 0.0000000000000000000, 0.0000000000000000000 ) ) ;
#3507 =( NAMED_UNIT ( * ) SI_UNIT ( $, .STERADIAN. ) SOLID_ANGLE_UNIT ( ) );
#3508 = CARTESIAN_POINT ( 'NONE',  ( 2.653419977114756600, 2.687679999999999800, -4.467161305080550100 ) ) ;
#3509 = EDGE_CURVE ( 'NONE', #886, #466, #59, .T. ) ;
#3510 = DIRECTION ( 'NONE',  ( -1.000000000000000000, 0.0000000000000000000, 0.0000000000000000000 ) ) ;
#3511 = ORIENTED_EDGE ( 'NONE', *, *, #92, .T. ) ;
#3512 = DIRECTION ( 'NONE',  ( -0.0000000000000000000, 0.0000000000000000000, 1.000000000000000000 ) ) ;
#3513 = SURFACE_STYLE_FILL_AREA ( #665 ) ;
#3514 = EDGE_CURVE ( 'NONE', #4059, #2168, #977, .T. ) ;
#3515 = ORIENTED_EDGE ( 'NONE', *, *, #1606, .F. ) ;
#3516 = DIRECTION ( 'NONE',  ( -0.6995643972270458900, 0.0000000000000000000, -0.7145695586381776200 ) ) ;
#3517 = CARTESIAN_POINT ( 'NONE',  ( 5.500000000000000000, 0.2246399999999999000, -5.287679999999999900 ) ) ;
#3518 = ORIENTED_EDGE ( 'NONE', *, *, #711, .F. ) ;
#3519 = FACE_OUTER_BOUND ( 'NONE', #1343, .T. ) ;
#3520 = CARTESIAN_POINT ( 'NONE',  ( 0.4876799999999998900, 0.0000000000000000000, 0.0000000000000000000 ) ) ;
#3521 = DIRECTION ( 'NONE',  ( -0.9615323037684311300, 0.0000000000000000000, -0.2746918797667187200 ) ) ;
#3522 = DIRECTION ( 'NONE',  ( 0.9610992334315861000, 0.0000000000000000000, 0.2762033010252008500 ) ) ;
#3523 = MECHANICAL_DESIGN_GEOMETRIC_PRESENTATION_REPRESENTATION (  '', ( #1957 ), #1380 ) ;
#3524 = CARTESIAN_POINT ( 'NONE',  ( 5.500000000000001800, 2.687679999999999800, -0.2246400000000007800 ) ) ;
#3525 = SPHERICAL_SURFACE ( 'NONE', #3288, 0.1123200000000000000 ) ;
#3526 =( NAMED_UNIT ( * ) SI_UNIT ( $, .STERADIAN. ) SOLID_ANGLE_UNIT ( ) );
#3527 = STYLED_ITEM ( 'NONE', ( #1327 ), #3530 ) ;
#3528 = MECHANICAL_DESIGN_GEOMETRIC_PRESENTATION_REPRESENTATION (  '', ( #2777 ), #1468 ) ;
#3529 = SURFACE_STYLE_FILL_AREA ( #1391 ) ;
#3530 = ADVANCED_FACE ( 'NONE', ( #2861 ), #4551, .F. ) ;
#3531 = UNCERTAINTY_MEASURE_WITH_UNIT (LENGTH_MEASURE( 1.000000000000000100E-005 ), #2405, 'distance_accuracy_value', 'NONE');
#3532 = PLANE ( 'NONE',  #3501 ) ;
#3533 = CARTESIAN_POINT ( 'NONE',  ( 2.651247545699367600, 2.687679999999999800, -2.299417517748308700 ) ) ;
#3534 = FILL_AREA_STYLE ('',( #2797 ) ) ;
#3535 = EDGE_CURVE ( 'NONE', #2534, #3746, #769, .T. ) ;
#3536 = MECHANICAL_DESIGN_GEOMETRIC_PRESENTATION_REPRESENTATION (  '', ( #1247 ), #4389 ) ;
#3537 = DIRECTION ( 'NONE',  ( 0.0000000000000000000, -1.000000000000000000, 0.0000000000000000000 ) ) ;
#3538 = ORIENTED_EDGE ( 'NONE', *, *, #3541, .T. ) ;
#3539 = SURFACE_STYLE_FILL_AREA ( #2171 ) ;
#3540 = CARTESIAN_POINT ( 'NONE',  ( 2.652297554216430000, 2.692679999999999700, -3.999731307183401500 ) ) ;
#3541 = EDGE_CURVE ( 'NONE', #1268, #4081, #2915, .T. ) ;
#3542 = ORIENTED_EDGE ( 'NONE', *, *, #3350, .T. ) ;
#3543 = ORIENTED_EDGE ( 'NONE', *, *, #475, .T. ) ;
#3544 = DIRECTION ( 'NONE',  ( 1.000000000000000000, 0.0000000000000000000, 0.0000000000000000000 ) ) ;
#3545 = DIRECTION ( 'NONE',  ( -0.0000000000000000000, -0.0000000000000000000, -1.000000000000000000 ) ) ;
#3546 = EDGE_LOOP ( 'NONE', ( #2216, #3897, #2562, #706 ) ) ;
#3547 = DIRECTION ( 'NONE',  ( -0.0000000000000000000, -1.000000000000000000, 0.0000000000000000000 ) ) ;
#3548 = VERTEX_POINT ( 'NONE', #577 ) ;
#3549 = DIRECTION ( 'NONE',  ( -1.000000000000000000, 0.0000000000000000000, 0.0000000000000000000 ) ) ;
#3550 = LINE ( 'NONE', #1590, #920 ) ;
#3551 = CLOSED_SHELL ( 'NONE', ( #3967, #729, #1423, #352, #3934, #1427, #4402, #1702, #1919, #39, #4549, #3278, #1900, #2675, #385, #3302, #4010, #1399, #1828, #3530, #2893, #3298, #2162, #2201, #4273, #340, #3137, #1463, #4072, #685, #1133, #3718, #3579, #2845, #17, #4460, #1774, #1805, #3917, #1748, #4408, #2900, #1442, #4660, #2992, #1093, #708, #1378, #368, #405, #2481, #248, #1310, #2463, #4641, #1755, #1923, #363, #1065, #3609, #3201, #4294, #3255, #287, #753, #2825, #2105, #1017 ) ) ;
#3552 = DIRECTION ( 'NONE',  ( 0.0000000000000000000, 1.000000000000000000, 0.0000000000000000000 ) ) ;
#3553 = VECTOR ( 'NONE', #4598, 1000.000000000000000 ) ;
#3554 = VERTEX_POINT ( 'NONE', #591 ) ;
#3555 = DIRECTION ( 'NONE',  ( -0.2746918797667187700, 0.0000000000000000000, 0.9615323037684312400 ) ) ;
#3556 =( GEOMETRIC_REPRESENTATION_CONTEXT ( 3 ) GLOBAL_UNCERTAINTY_ASSIGNED_CONTEXT ( ( #714 ) ) GLOBAL_UNIT_ASSIGNED_CONTEXT ( ( #1033, #3931, #4675 ) ) REPRESENTATION_CONTEXT ( 'NONE', 'WORKASPACE' ) );
#3557 =( NAMED_UNIT ( * ) SI_UNIT ( $, .STERADIAN. ) SOLID_ANGLE_UNIT ( ) );
#3558 = ORIENTED_EDGE ( 'NONE', *, *, #4640, .F. ) ;
#3559 = DIRECTION ( 'NONE',  ( -0.0000000000000000000, -1.000000000000000000, 0.0000000000000000000 ) ) ;
#3560 = SURFACE_SIDE_STYLE ('',( #3513 ) ) ;
#3561 = EDGE_CURVE ( 'NONE', #1741, #2784, #3442, .T. ) ;
#3562 = DIRECTION ( 'NONE',  ( 0.0000000000000000000, -1.000000000000000000, 0.0000000000000000000 ) ) ;
#3563 = PRESENTATION_LAYER_ASSIGNMENT (  '', '', ( #4213 ) ) ;
#3564 = AXIS2_PLACEMENT_3D ( 'NONE', #3747, #1219, #1491 ) ;
#3565 = EDGE_LOOP ( 'NONE', ( #1703, #2800, #4466, #2698 ) ) ;
#3566 = CARTESIAN_POINT ( 'NONE',  ( 2.838672858876865500, 2.687679999999999800, -1.032140482724699600 ) ) ;
#3567 = CARTESIAN_POINT ( 'NONE',  ( 0.5999999999999998700, 0.2246399999999999500, -0.2246399999999982300 ) ) ;
#3568 = DIRECTION ( 'NONE',  ( -0.2729786930695083900, 0.0000000000000000000, 0.9620200793798762100 ) ) ;
#3569 = EDGE_LOOP ( 'NONE', ( #1457, #4263, #2161, #2389 ) ) ;
#3570 = EDGE_CURVE ( 'NONE', #3430, #1092, #1602, .T. ) ;
#3571 = DIRECTION ( 'NONE',  ( -0.0000000000000000000, -1.000000000000000000, 0.0000000000000000000 ) ) ;
#3572 = ORIENTED_EDGE ( 'NONE', *, *, #3, .T. ) ;
#3573 = CARTESIAN_POINT ( 'NONE',  ( 2.500140458105373700, 2.692679999999999700, -3.010349538618765800 ) ) ;
#3574 = ADVANCED_FACE ( 'NONE', ( #2566 ), #3532, .F. ) ;
#3575 = DIRECTION ( 'NONE',  ( 0.0000000000000000000, 0.0000000000000000000, 1.000000000000000000 ) ) ;
#3576 = ORIENTED_EDGE ( 'NONE', *, *, #1722, .T. ) ;
#3577 = SURFACE_STYLE_USAGE ( .BOTH. , #2092 ) ;
#3578 = COLOUR_RGB ( '',0.7686274509803920900, 0.7686274509803920900, 0.7686274509803920900 ) ;
#3579 = ADVANCED_FACE ( 'NONE', ( #2974 ), #1835, .T. ) ;
#3580 =( NAMED_UNIT ( * ) SI_UNIT ( $, .STERADIAN. ) SOLID_ANGLE_UNIT ( ) );
#3581 = VECTOR ( 'NONE', #632, 1000.000000000000000 ) ;
#3582 = AXIS2_PLACEMENT_3D ( 'NONE', #21, #2109, #1069 ) ;
#3583 = CYLINDRICAL_SURFACE ( 'NONE', #3725, 0.1123199999999999500 ) ;
#3584 = CARTESIAN_POINT ( 'NONE',  ( 2.500140458105373700, 2.687679999999999800, -2.342335107203581800 ) ) ;
#3585 = UNCERTAINTY_MEASURE_WITH_UNIT (LENGTH_MEASURE( 1.000000000000000100E-005 ), #3958, 'distance_accuracy_value', 'NONE');
#3586 = LINE ( 'NONE', #520, #1361 ) ;
#3587 = FACE_OUTER_BOUND ( 'NONE', #2263, .T. ) ;
#3588 = AXIS2_PLACEMENT_3D ( 'NONE', #4505, #536, #3395 ) ;
#3589 = VECTOR ( 'NONE', #4129, 1000.000000000000000 ) ;
#3590 = CARTESIAN_POINT ( 'NONE',  ( 5.499945626467083000, 2.600449019974530300, -5.285548504708506500 ) ) ;
#3591 = PLANE ( 'NONE',  #321 ) ;
#3592 = CARTESIAN_POINT ( 'NONE',  ( 0.5987412343930138500, 0.1631224660761790800, -0.1299304188900642100 ) ) ;
#3593 = LINE ( 'NONE', #474, #4198 ) ;
#3594 = EDGE_CURVE ( 'NONE', #1383, #3334, #3835, .T. ) ;
#3595 = ORIENTED_EDGE ( 'NONE', *, *, #2908, .T. ) ;
#3596 = FILL_AREA_STYLE ('',( #3222 ) ) ;
#3597 = CARTESIAN_POINT ( 'NONE',  ( 2.587247716295260100, 2.692679999999999700, -2.585577424164422000 ) ) ;
#3598 = EDGE_LOOP ( 'NONE', ( #3367, #4156, #863, #3688 ) ) ;
#3599 = ORIENTED_EDGE ( 'NONE', *, *, #2085, .F. ) ;
#3600 = CARTESIAN_POINT ( 'NONE',  ( 5.612320000000001300, 2.799999999999999800, -5.287679999999999900 ) ) ;
#3601 = STYLED_ITEM ( 'NONE', ( #4420 ), #248 ) ;
#3602 = ORIENTED_EDGE ( 'NONE', *, *, #4458, .F. ) ;
#3603 = DIRECTION ( 'NONE',  ( 0.0000000000000000000, 0.0000000000000000000, -1.000000000000000000 ) ) ;
#3604 = ADVANCED_FACE ( 'NONE', ( #1897 ), #1766, .F. ) ;
#3605 = LINE ( 'NONE', #1869, #1891 ) ;
#3606 = VECTOR ( 'NONE', #2108, 1000.000000000000000 ) ;
#3607 = FILL_AREA_STYLE_COLOUR ( '', #1136 ) ;
#3608 = VERTEX_POINT ( 'NONE', #1619 ) ;
#3609 = ADVANCED_FACE ( 'NONE', ( #1951 ), #718, .T. ) ;
#3610 = MECHANICAL_DESIGN_GEOMETRIC_PRESENTATION_REPRESENTATION (  '', ( #2866 ), #139 ) ;
#3611 = DIRECTION ( 'NONE',  ( 0.0000000000000000000, -1.000000000000000000, 7.360257803776683200E-015 ) ) ;
#3612 = FILL_AREA_STYLE_COLOUR ( '', #2824 ) ;
#3613 = UNCERTAINTY_MEASURE_WITH_UNIT (LENGTH_MEASURE( 1.000000000000000100E-005 ), #1451, 'distance_accuracy_value', 'NONE');
#3614 = CARTESIAN_POINT ( 'NONE',  ( 3.294000000000014700, 2.687679999999999800, -1.197303200920297100 ) ) ;
#3615 = ORIENTED_EDGE ( 'NONE', *, *, #2783, .T. ) ;
#3616 = AXIS2_PLACEMENT_3D ( 'NONE', #818, #4421, #3771 ) ;
#3617 = COLOUR_RGB ( '',0.7686274509803920900, 0.7686274509803920900, 0.7686274509803920900 ) ;
#3618 = VERTEX_POINT ( 'NONE', #1401 ) ;
#3619 = CARTESIAN_POINT ( 'NONE',  ( 2.798905294973047300, 2.692679999999999700, -2.235494930349867500 ) ) ;
#3620 = FILL_AREA_STYLE ('',( #4646 ) ) ;
#3621 = EDGE_CURVE ( 'NONE', #2997, #380, #2737, .T. ) ;
#3622 = CARTESIAN_POINT ( 'NONE',  ( 5.500000000000000000, 0.2121806870413378600, -0.1123199999999982300 ) ) ;
#3623 = ORIENTED_EDGE ( 'NONE', *, *, #1418, .F. ) ;
#3624 = ADVANCED_FACE ( 'NONE', ( #2221 ), #4296, .F. ) ;
#3625 = LINE ( 'NONE', #3812, #4391 ) ;
#3626 = EDGE_CURVE ( 'NONE', #1268, #4381, #2107, .T. ) ;
#3627 = ORIENTED_EDGE ( 'NONE', *, *, #243, .T. ) ;
#3628 = CYLINDRICAL_SURFACE ( 'NONE', #2749, 0.1123200000000000000 ) ;
#3629 = SURFACE_STYLE_USAGE ( .BOTH. , #3675 ) ;
#3630 = CIRCLE ( 'NONE', #2439, 0.1123200000000000000 ) ;
#3631 = SURFACE_STYLE_USAGE ( .BOTH. , #3314 ) ;
#3632 = ORIENTED_EDGE ( 'NONE', *, *, #3913, .F. ) ;
#3633 = LINE ( 'NONE', #4046, #2945 ) ;
#3634 = FACE_OUTER_BOUND ( 'NONE', #1771, .T. ) ;
#3635 = CARTESIAN_POINT ( 'NONE',  ( 0.1123199999999999500, 0.1123200000000000000, 0.0000000000000000000 ) ) ;
#3636 = CARTESIAN_POINT ( 'NONE',  ( 5.612320000000041300, 0.1123200000000000000, 0.0000000000000000000 ) ) ;
#3637 = CARTESIAN_POINT ( 'NONE',  ( 5.987680000000000100, 2.687679999999999800, -0.1123199999999999900 ) ) ;
#3638 = COLOUR_RGB ( '',0.7686274509803920900, 0.7686274509803920900, 0.7686274509803920900 ) ;
#3639 = FACE_OUTER_BOUND ( 'NONE', #1448, .T. ) ;
#3640 = DIRECTION ( 'NONE',  ( -0.2740217765953968900, 0.0000000000000000000, 0.9617234872620624700 ) ) ;
#3641 = DIRECTION ( 'NONE',  ( -1.544447539153147100E-014, 1.000000000000000000, 0.0000000000000000000 ) ) ;
#3642 = SURFACE_STYLE_FILL_AREA ( #3431 ) ;
#3643 = PRESENTATION_LAYER_ASSIGNMENT (  '', '', ( #26 ) ) ;
#3644 = DIRECTION ( 'NONE',  ( 0.0000000000000000000, 0.0000000000000000000, -1.000000000000000000 ) ) ;
#3645 = DIRECTION ( 'NONE',  ( 1.000000000000000000, 0.0000000000000000000, 0.0000000000000000000 ) ) ;
#3646 = FILL_AREA_STYLE_COLOUR ( '', #1314 ) ;
#3647 = EDGE_CURVE ( 'NONE', #4316, #185, #337, .T. ) ;
#3648 = ADVANCED_FACE ( 'NONE', ( #2332 ), #4610, .F. ) ;
#3649 = AXIS2_PLACEMENT_3D ( 'NONE', #1548, #797, #152 ) ;
#3650 = AXIS2_PLACEMENT_3D ( 'NONE', #3375, #2688, #3444 ) ;
#3651 = PRESENTATION_STYLE_ASSIGNMENT (( #1858 ) ) ;
#3652 = FILL_AREA_STYLE ('',( #3305 ) ) ;
#3653 = VERTEX_POINT ( 'NONE', #3203 ) ;
#3654 = ORIENTED_EDGE ( 'NONE', *, *, #800, .T. ) ;
#3655 =( LENGTH_UNIT ( ) NAMED_UNIT ( * ) SI_UNIT ( .MILLI., .METRE. ) );
#3656 = EDGE_CURVE ( 'NONE', #2994, #290, #277, .T. ) ;
#3657 = ORIENTED_EDGE ( 'NONE', *, *, #190, .F. ) ;
#3658 = ORIENTED_EDGE ( 'NONE', *, *, #2159, .F. ) ;
#3659 = CARTESIAN_POINT ( 'NONE',  ( 0.5999999999999999800, 2.687679999999999800, -5.400000000000000400 ) ) ;
#3660 = VERTEX_POINT ( 'NONE', #1717 ) ;
#3661 = EDGE_CURVE ( 'NONE', #4031, #4400, #1157, .T. ) ;
#3662 = DIRECTION ( 'NONE',  ( 0.9610853065513848000, 0.0000000000000000000, 0.2762517575166370500 ) ) ;
#3663 = COLOUR_RGB ( '',0.7686274509803920900, 0.7686274509803920900, 0.7686274509803920900 ) ;
#3664 = ORIENTED_EDGE ( 'NONE', *, *, #4640, .T. ) ;
#3665 = CARTESIAN_POINT ( 'NONE',  ( 3.294000000000014700, 2.692679999999999700, -4.283040501459447000 ) ) ;
#3666 =( NAMED_UNIT ( * ) SI_UNIT ( $, .STERADIAN. ) SOLID_ANGLE_UNIT ( ) );
#3667 =( NAMED_UNIT ( * ) SI_UNIT ( $, .STERADIAN. ) SOLID_ANGLE_UNIT ( ) );
#3668 = VERTEX_POINT ( 'NONE', #2091 ) ;
#3669 = PRESENTATION_LAYER_ASSIGNMENT (  '', '', ( #757 ) ) ;
#3670 = B_SPLINE_CURVE_WITH_KNOTS ( 'NONE', 3,
 ( #1610, #3055, #224, #2721, #586, #921, #1212, #3756, #1557, #1987 ),
 .UNSPECIFIED., .F., .F.,
 ( 4, 3, 3, 4 ),
 ( 0.0000000000000000000, 3.737793887600908100E-005, 7.483306597328788800E-005, 8.800504568266143800E-005 ),
 .UNSPECIFIED. ) ;
#3671 = DIRECTION ( 'NONE',  ( -0.0000000000000000000, 1.000000000000000000, 0.0000000000000000000 ) ) ;
#3672 = CARTESIAN_POINT ( 'NONE',  ( 5.500000000000001800, 2.687679999999999800, -0.2246400000000007800 ) ) ;
#3673 = VERTEX_POINT ( 'NONE', #4329 ) ;
#3674 = DIRECTION ( 'NONE',  ( 0.0000000000000000000, 0.0000000000000000000, -1.000000000000000000 ) ) ;
#3675 = SURFACE_SIDE_STYLE ('',( #63 ) ) ;
#3676 = AXIS2_PLACEMENT_3D ( 'NONE', #880, #2648, #1551 ) ;
#3677 = AXIS2_PLACEMENT_3D ( 'NONE', #2314, #4482, #3107 ) ;
#3678 = ORIENTED_EDGE ( 'NONE', *, *, #1396, .F. ) ;
#3679 = DIRECTION ( 'NONE',  ( 0.0000000000000000000, 0.0000000000000000000, -1.000000000000000000 ) ) ;
#3680 = PRESENTATION_STYLE_ASSIGNMENT (( #3839 ) ) ;
#3681 = DIRECTION ( 'NONE',  ( -0.2759782365590691100, 0.0000000000000000000, 0.9611638845408968500 ) ) ;
#3682 = ORIENTED_EDGE ( 'NONE', *, *, #1356, .T. ) ;
#3683 = CARTESIAN_POINT ( 'NONE',  ( 2.651247545699367600, 2.687679999999999800, -1.937726998119464500 ) ) ;
#3684 = EDGE_CURVE ( 'NONE', #631, #3505, #1322, .T. ) ;
#3685 =( GEOMETRIC_REPRESENTATION_CONTEXT ( 3 ) GLOBAL_UNCERTAINTY_ASSIGNED_CONTEXT ( ( #3613 ) ) GLOBAL_UNIT_ASSIGNED_CONTEXT ( ( #1451, #2136, #12 ) ) REPRESENTATION_CONTEXT ( 'NONE', 'WORKASPACE' ) );
#3686 = VECTOR ( 'NONE', #4409, 1000.000000000000000 ) ;
#3687 = LINE ( 'NONE', #1376, #1400 ) ;
#3688 = ORIENTED_EDGE ( 'NONE', *, *, #1096, .T. ) ;
#3689 = CARTESIAN_POINT ( 'NONE',  ( 3.294000000000014700, 2.692679999999999700, -4.056900046700764800 ) ) ;
#3690 = LINE ( 'NONE', #2302, #1801 ) ;
#3691 = EDGE_CURVE ( 'NONE', #832, #2243, #3717, .T. ) ;
#3692 = CARTESIAN_POINT ( 'NONE',  ( 0.1123199999999999500, 2.687679999999999800, -5.287679999999999900 ) ) ;
#3693 = VECTOR ( 'NONE', #2342, 1000.000000000000100 ) ;
#3694 = LINE ( 'NONE', #4003, #4064 ) ;
#3695 = FILL_AREA_STYLE_COLOUR ( '', #2060 ) ;
#3696 = DIRECTION ( 'NONE',  ( 0.0000000000000000000, 0.0000000000000000000, -1.000000000000000000 ) ) ;
#3697 = PRESENTATION_STYLE_ASSIGNMENT (( #3382 ) ) ;
#3698 = LINE ( 'NONE', #952, #4071 ) ;
#3699 =( GEOMETRIC_REPRESENTATION_CONTEXT ( 3 ) GLOBAL_UNCERTAINTY_ASSIGNED_CONTEXT ( ( #37 ) ) GLOBAL_UNIT_ASSIGNED_CONTEXT ( ( #81, #1121, #3667 ) ) REPRESENTATION_CONTEXT ( 'NONE', 'WORKASPACE' ) );
#3700 = VECTOR ( 'NONE', #2334, 1000.000000000000000 ) ;
#3701 = DIRECTION ( 'NONE',  ( 1.000000000000000000, 0.0000000000000000000, 0.0000000000000000000 ) ) ;
#3702 = CARTESIAN_POINT ( 'NONE',  ( -2.033509805128725000, 2.687679999999999800, 0.01221870379636692600 ) ) ;
#3703 = CARTESIAN_POINT ( 'NONE',  ( 5.500942924539805800, 2.671174982254358500, -0.1647401363566846900 ) ) ;
#3704 = SURFACE_SIDE_STYLE ('',( #601 ) ) ;
#3705 =( GEOMETRIC_REPRESENTATION_CONTEXT ( 3 ) GLOBAL_UNCERTAINTY_ASSIGNED_CONTEXT ( ( #4262 ) ) GLOBAL_UNIT_ASSIGNED_CONTEXT ( ( #1149, #4369, #752 ) ) REPRESENTATION_CONTEXT ( 'NONE', 'WORKASPACE' ) );
#3706 = PLANE ( 'NONE',  #2815 ) ;
#3707 = PRESENTATION_STYLE_ASSIGNMENT (( #484 ) ) ;
#3708 = FILL_AREA_STYLE_COLOUR ( '', #663 ) ;
#3709 = VERTEX_POINT ( 'NONE', #3635 ) ;
#3710 = EDGE_CURVE ( 'NONE', #2762, #3709, #2857, .T. ) ;
#3711 = ORIENTED_EDGE ( 'NONE', *, *, #475, .F. ) ;
#3712 =( GEOMETRIC_REPRESENTATION_CONTEXT ( 3 ) GLOBAL_UNCERTAINTY_ASSIGNED_CONTEXT ( ( #1914 ) ) GLOBAL_UNIT_ASSIGNED_CONTEXT ( ( #1458, #387, #738 ) ) REPRESENTATION_CONTEXT ( 'NONE', 'WORKASPACE' ) );
#3713 = DIRECTION ( 'NONE',  ( 0.0000000000000000000, 0.0000000000000000000, 1.000000000000000000 ) ) ;
#3714 = DIRECTION ( 'NONE',  ( 0.0000000000000000000, 0.0000000000000000000, 1.000000000000000000 ) ) ;
#3715 = EDGE_LOOP ( 'NONE', ( #3171, #1932, #3081, #1296, #1777, #4319, #1443, #3572, #3324, #829, #393 ) ) ;
#3716 = EDGE_CURVE ( 'NONE', #587, #2762, #2509, .T. ) ;
#3717 = LINE ( 'NONE', #664, #4 ) ;
#3718 = ADVANCED_FACE ( 'NONE', ( #2453 ), #926, .T. ) ;
#3719 = CARTESIAN_POINT ( 'NONE',  ( 5.500000000000001800, 0.1123199999999999500, -5.175360000000000400 ) ) ;
#3720 = EDGE_LOOP ( 'NONE', ( #989, #3515, #2165, #678 ) ) ;
#3721 = SURFACE_STYLE_USAGE ( .BOTH. , #2633 ) ;
#3722 = CARTESIAN_POINT ( 'NONE',  ( 6.100000000000000500, 0.0000000000000000000, 0.0000000000000000000 ) ) ;
#3723 = CARTESIAN_POINT ( 'NONE',  ( 2.862955814443229700, 2.692679999999999700, -1.024283521815165100 ) ) ;
#3724 = ORIENTED_EDGE ( 'NONE', *, *, #4489, .T. ) ;
#3725 = AXIS2_PLACEMENT_3D ( 'NONE', #4058, #4372, #1135 ) ;
#3726 = UNCERTAINTY_MEASURE_WITH_UNIT (LENGTH_MEASURE( 1.000000000000000100E-005 ), #2348, 'distance_accuracy_value', 'NONE');
#3727 = LINE ( 'NONE', #2890, #1330 ) ;
#3728 = ORIENTED_EDGE ( 'NONE', *, *, #4366, .F. ) ;
#3729 = FILL_AREA_STYLE_COLOUR ( '', #3490 ) ;
#3730 = UNCERTAINTY_MEASURE_WITH_UNIT (LENGTH_MEASURE( 1.000000000000000100E-005 ), #670, 'distance_accuracy_value', 'NONE');
#3731 = CARTESIAN_POINT ( 'NONE',  ( 6.100000000000000500, 0.0000000000000000000, -5.287679999999999900 ) ) ;
#3732 = VERTEX_POINT ( 'NONE', #1068 ) ;
#3733 = PRESENTATION_LAYER_ASSIGNMENT (  '', '', ( #2647 ) ) ;
#3734 = CARTESIAN_POINT ( 'NONE',  ( 0.4876799999999999500, 0.1123200000000000000, -0.1123199999999999900 ) ) ;
#3735 = VECTOR ( 'NONE', #2039, 1000.000000000000200 ) ;
#3736 = DIRECTION ( 'NONE',  ( 0.0000000000000000000, -1.000000000000000000, 0.0000000000000000000 ) ) ;
#3737 = CARTESIAN_POINT ( 'NONE',  ( 5.502431037062774700, 2.646638199231570600, -0.1370737319058235900 ) ) ;
#3738 = CARTESIAN_POINT ( 'NONE',  ( 2.500140458105373700, 2.692679999999999700, -2.421517818365376100 ) ) ;
#3739 = EDGE_LOOP ( 'NONE', ( #4550, #1181, #682, #3874 ) ) ;
#3740 = VECTOR ( 'NONE', #592, 1000.000000000000000 ) ;
#3741 = MECHANICAL_DESIGN_GEOMETRIC_PRESENTATION_REPRESENTATION (  '', ( #3262 ), #2531 ) ;
#3742 = CARTESIAN_POINT ( 'NONE',  ( 5.500000000000000000, 0.0000000000000000000, -0.1123199999999982300 ) ) ;
#3743 = ORIENTED_EDGE ( 'NONE', *, *, #3175, .F. ) ;
#3744 = EDGE_CURVE ( 'NONE', #3271, #2501, #3219, .T. ) ;
#3745 = CARTESIAN_POINT ( 'NONE',  ( 3.294000000000014700, 2.692679999999999700, -1.438848608204118500 ) ) ;
#3746 = VERTEX_POINT ( 'NONE', #2203 ) ;
#3747 = CARTESIAN_POINT ( 'NONE',  ( 5.987680000000000100, 0.1123200000000000000, -0.1123200000000000000 ) ) ;
#3748 = ADVANCED_FACE ( 'NONE', ( #3983 ), #2538, .F. ) ;
#3749 =( LENGTH_UNIT ( ) NAMED_UNIT ( * ) SI_UNIT ( .MILLI., .METRE. ) );
#3750 = FILL_AREA_STYLE_COLOUR ( '', #2703 ) ;
#3751 = DIRECTION ( 'NONE',  ( -0.0000000000000000000, -1.000000000000000000, 0.0000000000000000000 ) ) ;
#3752 = PRESENTATION_STYLE_ASSIGNMENT (( #4503 ) ) ;
#3753 = SURFACE_STYLE_USAGE ( .BOTH. , #2529 ) ;
#3754 = FACE_OUTER_BOUND ( 'NONE', #2793, .T. ) ;
#3755 = UNCERTAINTY_MEASURE_WITH_UNIT (LENGTH_MEASURE( 1.000000000000000100E-005 ), #3498, 'distance_accuracy_value', 'NONE');
#3756 = CARTESIAN_POINT ( 'NONE',  ( 5.503231340801613100, 0.1392136124212966000, -5.248418451054845900 ) ) ;
#3757 = CARTESIAN_POINT ( 'NONE',  ( 5.504925775900102500, 0.1452177663371261000, -5.254782233662872700 ) ) ;
#3758 = DIRECTION ( 'NONE',  ( 0.0000000000000000000, 0.0000000000000000000, -1.000000000000000000 ) ) ;
#3759 = DIRECTION ( 'NONE',  ( -1.000000000000000000, 0.0000000000000000000, 0.0000000000000000000 ) ) ;
#3760 = CYLINDRICAL_SURFACE ( 'NONE', #4146, 0.1123199999999999500 ) ;
#3761 = ORIENTED_EDGE ( 'NONE', *, *, #2294, .T. ) ;
#3762 = EDGE_LOOP ( 'NONE', ( #222, #2685, #4155, #732 ) ) ;
#3763 = CARTESIAN_POINT ( 'NONE',  ( 2.651247545699367600, 2.692679999999999700, -1.937726998119464500 ) ) ;
#3764 = DIRECTION ( 'NONE',  ( 0.0000000000000000000, 0.0000000000000000000, 1.000000000000000000 ) ) ;
#3765 = AXIS2_PLACEMENT_3D ( 'NONE', #1, #2490, #1355 ) ;
#3766 = AXIS2_PLACEMENT_3D ( 'NONE', #1892, #2990, #4082 ) ;
#3767 = ORIENTED_EDGE ( 'NONE', *, *, #1162, .F. ) ;
#3768 = ORIENTED_EDGE ( 'NONE', *, *, #4083, .F. ) ;
#3769 = DIRECTION ( 'NONE',  ( 0.0000000000000000000, 0.0000000000000000000, -1.000000000000000000 ) ) ;
#3770 = DIRECTION ( 'NONE',  ( -0.0000000000000000000, -1.000000000000000000, 0.0000000000000000000 ) ) ;
#3771 = DIRECTION ( 'NONE',  ( 0.9985542843760949500, 0.0000000000000000000, 0.05375259206908062500 ) ) ;
#3772 = EDGE_CURVE ( 'NONE', #1203, #4031, #561, .T. ) ;
#3773 = AXIS2_PLACEMENT_3D ( 'NONE', #1335, #1708, #3873 ) ;
#3774 = ORIENTED_EDGE ( 'NONE', *, *, #1559, .T. ) ;
#3775 = CARTESIAN_POINT ( 'NONE',  ( 0.1123199999999999500, 0.1123200000000000000, 0.0000000000000000000 ) ) ;
#3776 = PRESENTATION_STYLE_ASSIGNMENT (( #3170 ) ) ;
#3777 = ORIENTED_EDGE ( 'NONE', *, *, #4130, .F. ) ;
#3778 = EDGE_CURVE ( 'NONE', #2333, #1435, #3830, .T. ) ;
#3779 = CYLINDRICAL_SURFACE ( 'NONE', #2743, 0.1123199999999999500 ) ;
#3780 = FILL_AREA_STYLE ('',( #1836 ) ) ;
#3781 = CARTESIAN_POINT ( 'NONE',  ( 2.862955814443219900, 2.692679999999999700, -1.260178193614535300 ) ) ;
#3782 = CARTESIAN_POINT ( 'NONE',  ( 5.500030899689776700, 2.604490789906626100, -0.1155294750999374300 ) ) ;
#3783 = DIRECTION ( 'NONE',  ( 0.9615825319869174500, 0.0000000000000000000, 0.2745159998572560000 ) ) ;
#3784 = EDGE_LOOP ( 'NONE', ( #1098, #2645, #2070, #2676, #3843, #361, #1662, #4454, #1265, #131, #566, #1320, #1729, #109, #268, #2518, #1652 ) ) ;
#3785 = CYLINDRICAL_SURFACE ( 'NONE', #2167, 0.1123200000000000000 ) ;
#3786 = VERTEX_POINT ( 'NONE', #4357 ) ;
#3787 = CARTESIAN_POINT ( 'NONE',  ( -2.033509805128725000, 2.692679999999998900, 0.01221870379636692600 ) ) ;
#3788 = CARTESIAN_POINT ( 'NONE',  ( 2.651247545699367600, 2.692679999999999700, -2.299417517748308700 ) ) ;
#3789 = ORIENTED_EDGE ( 'NONE', *, *, #124, .F. ) ;
#3790 = CARTESIAN_POINT ( 'NONE',  ( 0.5999999999999999800, 0.2246399999999999500, -5.287679999999999900 ) ) ;
#3791 = FACE_OUTER_BOUND ( 'NONE', #1547, .T. ) ;
#3792 = AXIS2_PLACEMENT_3D ( 'NONE', #2918, #1112, #3644 ) ;
#3793 = ORIENTED_EDGE ( 'NONE', *, *, #3470, .T. ) ;
#3794 = DIRECTION ( 'NONE',  ( 0.0000000000000000000, 0.0000000000000000000, 1.000000000000000000 ) ) ;
#3795 = FACE_OUTER_BOUND ( 'NONE', #4055, .T. ) ;
#3796 = DIRECTION ( 'NONE',  ( 1.000000000000000000, 0.0000000000000000000, 0.0000000000000000000 ) ) ;
#3797 = DIRECTION ( 'NONE',  ( 1.000000000000000000, 0.0000000000000000000, 0.0000000000000000000 ) ) ;
#3798 = ORIENTED_EDGE ( 'NONE', *, *, #3621, .T. ) ;
#3799 = LINE ( 'NONE', #3438, #1242 ) ;
#3800 = CARTESIAN_POINT ( 'NONE',  ( 5.612319999999999500, 2.800000000000001200, -0.1123200000000008200 ) ) ;
#3801 = EDGE_CURVE ( 'NONE', #2415, #3214, #390, .T. ) ;
#3802 = STYLED_ITEM ( 'NONE', ( #2054 ), #3718 ) ;
#3803 = AXIS2_PLACEMENT_3D ( 'NONE', #3692, #2241, #1495 ) ;
#3804 = LINE ( 'NONE', #359, #584 ) ;
#3805 = CARTESIAN_POINT ( 'NONE',  ( 0.0000000000000000000, 2.687679999999999800, -5.287679999999999900 ) ) ;
#3806 = DIRECTION ( 'NONE',  ( -1.000000000000000000, 0.0000000000000000000, 0.0000000000000000000 ) ) ;
#3807 =( NAMED_UNIT ( * ) SI_UNIT ( $, .STERADIAN. ) SOLID_ANGLE_UNIT ( ) );
#3808 =( NAMED_UNIT ( * ) PLANE_ANGLE_UNIT ( ) SI_UNIT ( $, .RADIAN. ) );
#3809 = EDGE_CURVE ( 'NONE', #2816, #2469, #1486, .T. ) ;
#3810 = CARTESIAN_POINT ( 'NONE',  ( 3.294000000000014700, 2.687679999999999800, -2.241343597838670200 ) ) ;
#3811 = CARTESIAN_POINT ( 'NONE',  ( 2.652297554216430000, 2.687679999999999800, -3.999731307183401500 ) ) ;
#3812 = CARTESIAN_POINT ( 'NONE',  ( 2.838672858876865500, 2.692679999999999700, -1.032140482724699600 ) ) ;
#3813 = DIRECTION ( 'NONE',  ( -0.2732148821746302500, 0.0000000000000000000, 0.9619530280415479200 ) ) ;
#3814 = FACE_OUTER_BOUND ( 'NONE', #3739, .T. ) ;
#3815 =( GEOMETRIC_REPRESENTATION_CONTEXT ( 3 ) GLOBAL_UNCERTAINTY_ASSIGNED_CONTEXT ( ( #2305 ) ) GLOBAL_UNIT_ASSIGNED_CONTEXT ( ( #981, #276, #3526 ) ) REPRESENTATION_CONTEXT ( 'NONE', 'WORKASPACE' ) );
#3816 = FACE_OUTER_BOUND ( 'NONE', #811, .T. ) ;
#3817 = UNCERTAINTY_MEASURE_WITH_UNIT (LENGTH_MEASURE( 1.000000000000000100E-005 ), #4576, 'distance_accuracy_value', 'NONE');
#3818 = VECTOR ( 'NONE', #1230, 1000.000000000000000 ) ;
#3819 = CARTESIAN_POINT ( 'NONE',  ( 3.294000000000014700, 2.692679999999999700, -0.9007373474036682900 ) ) ;
#3820 = STYLED_ITEM ( 'NONE', ( #3235 ), #1399 ) ;
#3821 = ORIENTED_EDGE ( 'NONE', *, *, #2692, .F. ) ;
#3822 = EDGE_LOOP ( 'NONE', ( #1724, #3957, #3267 ) ) ;
#3823 = DIRECTION ( 'NONE',  ( -0.9619530280415478100, 0.0000000000000000000, -0.2732148821746301900 ) ) ;
#3824 = ORIENTED_EDGE ( 'NONE', *, *, #2115, .T. ) ;
#3825 = SURFACE_SIDE_STYLE ('',( #1676 ) ) ;
#3826 =( LENGTH_UNIT ( ) NAMED_UNIT ( * ) SI_UNIT ( .MILLI., .METRE. ) );
#3827 = CARTESIAN_POINT ( 'NONE',  ( 0.5975689629372265000, 0.1370737319058229500, -5.246638199231568900 ) ) ;
#3828 = AXIS2_PLACEMENT_3D ( 'NONE', #3763, #3387, #898 ) ;
#3829 = AXIS2_PLACEMENT_3D ( 'NONE', #2354, #3488, #223 ) ;
#3830 = LINE ( 'NONE', #418, #2110 ) ;
#3831 = ORIENTED_EDGE ( 'NONE', *, *, #1814, .F. ) ;
#3832 = PLANE ( 'NONE',  #961 ) ;
#3833 = DIRECTION ( 'NONE',  ( 1.000000000000000000, 0.0000000000000000000, 0.0000000000000000000 ) ) ;
#3834 = EDGE_CURVE ( 'NONE', #2548, #970, #1213, .T. ) ;
#3835 = LINE ( 'NONE', #2795, #931 ) ;
#3836 = ORIENTED_EDGE ( 'NONE', *, *, #1629, .T. ) ;
#3837 = DIRECTION ( 'NONE',  ( 1.544447539153141100E-014, -1.000000000000000000, -0.0000000000000000000 ) ) ;
#3838 = VERTEX_POINT ( 'NONE', #3292 ) ;
#3839 = SURFACE_STYLE_USAGE ( .BOTH. , #3825 ) ;
#3840 = CARTESIAN_POINT ( 'NONE',  ( 5.501654082231210600, 2.665462624527663100, -5.265462624527664600 ) ) ;
#3841 = ORIENTED_EDGE ( 'NONE', *, *, #2392, .T. ) ;
#3842 = DIRECTION ( 'NONE',  ( 1.544447539153140800E-014, -1.000000000000000000, 0.0000000000000000000 ) ) ;
#3843 = ORIENTED_EDGE ( 'NONE', *, *, #990, .T. ) ;
#3844 = STYLED_ITEM ( 'NONE', ( #1691 ), #685 ) ;
#3845 = VECTOR ( 'NONE', #1916, 1000.000000000000100 ) ;
#3846 = CARTESIAN_POINT ( 'NONE',  ( 0.4876799999999998900, 0.0000000000000000000, -0.1123199999999999900 ) ) ;
#3847 = FILL_AREA_STYLE ('',( #4173 ) ) ;
#3848 = ORIENTED_EDGE ( 'NONE', *, *, #4394, .F. ) ;
#3849 = DIRECTION ( 'NONE',  ( -0.9611638845408968500, 0.0000000000000000000, -0.2759782365590690600 ) ) ;
#3850 = VECTOR ( 'NONE', #2961, 1000.000000000000000 ) ;
#3851 = FACE_OUTER_BOUND ( 'NONE', #3159, .T. ) ;
#3852 =( GEOMETRIC_REPRESENTATION_CONTEXT ( 3 ) GLOBAL_UNCERTAINTY_ASSIGNED_CONTEXT ( ( #897 ) ) GLOBAL_UNIT_ASSIGNED_CONTEXT ( ( #869, #518, #4538 ) ) REPRESENTATION_CONTEXT ( 'NONE', 'WORKASPACE' ) );
#3853 = CARTESIAN_POINT ( 'NONE',  ( 6.100000000000000500, 0.1123200000000000000, -5.400000000000000400 ) ) ;
#3854 = EDGE_LOOP ( 'NONE', ( #2120, #3599, #1598, #285 ) ) ;
#3855 = FILL_AREA_STYLE_COLOUR ( '', #1447 ) ;
#3856 = CARTESIAN_POINT ( 'NONE',  ( 0.5998276882378413800, 2.681460802068762500, -5.212216508249768200 ) ) ;
#3857 = SURFACE_STYLE_FILL_AREA ( #661 ) ;
#3858 = EDGE_CURVE ( 'NONE', #2243, #47, #3323, .T. ) ;
#3859 = LINE ( 'NONE', #2712, #2767 ) ;
#3860 = SURFACE_STYLE_USAGE ( .BOTH. , #4217 ) ;
#3861 = FACE_OUTER_BOUND ( 'NONE', #2732, .T. ) ;
#3862 = DIRECTION ( 'NONE',  ( 0.0000000000000000000, 0.0000000000000000000, -1.000000000000000000 ) ) ;
#3863 = EDGE_CURVE ( 'NONE', #3274, #1047, #4323, .T. ) ;
#3864 = CARTESIAN_POINT ( 'NONE',  ( 3.294000000000014700, 2.692679999999999700, -1.197303200920297100 ) ) ;
#3865 = CARTESIAN_POINT ( 'NONE',  ( 2.945662692117169400, 2.692679999999999700, -1.852891137658633200 ) ) ;
#3866 = UNCERTAINTY_MEASURE_WITH_UNIT (LENGTH_MEASURE( 1.000000000000000100E-005 ), #755, 'distance_accuracy_value', 'NONE');
#3867 = SURFACE_STYLE_USAGE ( .BOTH. , #1683 ) ;
#3868 = SURFACE_STYLE_USAGE ( .BOTH. , #1718 ) ;
#3869 = CARTESIAN_POINT ( 'NONE',  ( 0.5999999999999999800, 2.687679999999999800, -5.175360000000000400 ) ) ;
#3870 = VECTOR ( 'NONE', #3679, 1000.000000000000000 ) ;
#3871 = VERTEX_POINT ( 'NONE', #1812 ) ;
#3872 = ORIENTED_EDGE ( 'NONE', *, *, #4157, .T. ) ;
#3873 = DIRECTION ( 'NONE',  ( 1.000000000000000000, 0.0000000000000000000, 0.0000000000000000000 ) ) ;
#3874 = ORIENTED_EDGE ( 'NONE', *, *, #1887, .T. ) ;
#3875 = AXIS2_PLACEMENT_3D ( 'NONE', #1120, #2569, #431 ) ;
#3876 = PLANE ( 'NONE',  #1287 ) ;
#3877 = LINE ( 'NONE', #1488, #2006 ) ;
#3878 = ORIENTED_EDGE ( 'NONE', *, *, #2783, .F. ) ;
#3879 = ADVANCED_FACE ( 'NONE', ( #2272 ), #1797, .F. ) ;
#3880 = CARTESIAN_POINT ( 'NONE',  ( 0.4876799999999998900, 2.799999999999999800, 0.0000000000000000000 ) ) ;
#3881 = CARTESIAN_POINT ( 'NONE',  ( 0.1123199999999999500, 0.1123200000000000000, -0.1123200000000000000 ) ) ;
#3882 = ORIENTED_EDGE ( 'NONE', *, *, #2626, .F. ) ;
#3883 = AXIS2_PLACEMENT_3D ( 'NONE', #2030, #1259, #3833 ) ;
#3884 = VERTEX_POINT ( 'NONE', #3619 ) ;
#3885 =( LENGTH_UNIT ( ) NAMED_UNIT ( * ) SI_UNIT ( .MILLI., .METRE. ) );
#3886 = EDGE_CURVE ( 'NONE', #3961, #660, #3877, .T. ) ;
#3887 = PRODUCT_DEFINITION_FORMATION_WITH_SPECIFIED_SOURCE ( 'ANY', '', #2217, .NOT_KNOWN. ) ;
#3888 = CARTESIAN_POINT ( 'NONE',  ( 5.501258765606987600, 2.670069581109933300, -5.236877533923821400 ) ) ;
#3889 = CARTESIAN_POINT ( 'NONE',  ( 3.294000000000014700, 2.687679999999999800, -2.545961930456503500 ) ) ;
#3890 = CLOSED_SHELL ( 'NONE', ( #3944, #2923, #2222, #4574, #1727, #2575, #3210, #3162, #3604, #2505, #725, #3330, #4669, #2657, #4419, #2281, #3964, #4385, #770, #1393, #3030, #2132, #3624, #2486, #1060 ) ) ;
#3891 = UNCERTAINTY_MEASURE_WITH_UNIT (LENGTH_MEASURE( 1.000000000000000100E-005 ), #1697, 'distance_accuracy_value', 'NONE');
#3892 = AXIS2_PLACEMENT_3D ( 'NONE', #868, #3421, #3783 ) ;
#3893 = ORIENTED_EDGE ( 'NONE', *, *, #1023, .F. ) ;
#3894 = DIRECTION ( 'NONE',  ( -1.000000000000000000, 0.0000000000000000000, 0.0000000000000000000 ) ) ;
#3895 = DIRECTION ( 'NONE',  ( -0.0000000000000000000, -1.000000000000000000, 0.0000000000000000000 ) ) ;
#3896 = LINE ( 'NONE', #173, #3052 ) ;
#3897 = ORIENTED_EDGE ( 'NONE', *, *, #3270, .F. ) ;
#3898 = SPHERICAL_SURFACE ( 'NONE', #1299, 0.1123200000000000000 ) ;
#3899 = AXIS2_PLACEMENT_3D ( 'NONE', #2158, #99, #1077 ) ;
#3900 = ORIENTED_EDGE ( 'NONE', *, *, #3886, .T. ) ;
#3901 = FILL_AREA_STYLE ('',( #16 ) ) ;
#3902 = VECTOR ( 'NONE', #1664, 1000.000000000000200 ) ;
#3903 = PRESENTATION_LAYER_ASSIGNMENT (  '', '', ( #4554 ) ) ;
#3904 = PRESENTATION_LAYER_ASSIGNMENT (  '', '', ( #2872 ) ) ;
#3905 = SURFACE_STYLE_USAGE ( .BOTH. , #2081 ) ;
#3906 = FILL_AREA_STYLE ('',( #1085 ) ) ;
#3907 = CARTESIAN_POINT ( 'NONE',  ( 0.4876799999999999500, 0.1123200000000000000, -0.1123200000000008200 ) ) ;
#3908 = LINE ( 'NONE', #2773, #2713 ) ;
#3909 = DIRECTION ( 'NONE',  ( 0.8958676361826827300, 0.0000000000000000000, 0.4443210308329467700 ) ) ;
#3910 = EDGE_CURVE ( 'NONE', #1047, #1996, #3926, .T. ) ;
#3911 = LINE ( 'NONE', #3090, #3700 ) ;
#3912 = VECTOR ( 'NONE', #3429, 1000.000000000000200 ) ;
#3913 = EDGE_CURVE ( 'NONE', #185, #4348, #441, .T. ) ;
#3914 = ORIENTED_EDGE ( 'NONE', *, *, #4311, .T. ) ;
#3915 = UNCERTAINTY_MEASURE_WITH_UNIT (LENGTH_MEASURE( 1.000000000000000100E-005 ), #1861, 'distance_accuracy_value', 'NONE');
#3916 = FILL_AREA_STYLE ('',( #1795 ) ) ;
#3917 = ADVANCED_FACE ( 'NONE', ( #2852 ), #2778, .T. ) ;
#3918 = COLOUR_RGB ( '',0.6470588235294118000, 0.5176470588235293500, 0.0000000000000000000 ) ;
#3919 = EDGE_LOOP ( 'NONE', ( #322, #3831, #3882, #4150 ) ) ;
#3920 =( LENGTH_UNIT ( ) NAMED_UNIT ( * ) SI_UNIT ( .MILLI., .METRE. ) );
#3921 = ORIENTED_EDGE ( 'NONE', *, *, #2323, .F. ) ;
#3922 = DIRECTION ( 'NONE',  ( 0.0000000000000000000, 1.000000000000000000, 0.0000000000000000000 ) ) ;
#3923 = VECTOR ( 'NONE', #551, 1000.000000000000000 ) ;
#3924 = AXIS2_PLACEMENT_3D ( 'NONE', #616, #2019, #4529 ) ;
#3925 = FILL_AREA_STYLE ('',( #2095 ) ) ;
#3926 = CIRCLE ( 'NONE', #2173, 0.1123199999999999500 ) ;
#3927 = ORIENTED_EDGE ( 'NONE', *, *, #1340, .F. ) ;
#3928 = FILL_AREA_STYLE ('',( #315 ) ) ;
#3929 = CARTESIAN_POINT ( 'NONE',  ( 0.4876799999999999500, 2.687679999999999800, -0.1123200000000008200 ) ) ;
#3930 = ORIENTED_EDGE ( 'NONE', *, *, #3207, .T. ) ;
#3931 =( NAMED_UNIT ( * ) PLANE_ANGLE_UNIT ( ) SI_UNIT ( $, .RADIAN. ) );
#3932 = STYLED_ITEM ( 'NONE', ( #4492 ), #1945 ) ;
#3933 = ORIENTED_EDGE ( 'NONE', *, *, #514, .T. ) ;
#3934 = ADVANCED_FACE ( 'NONE', ( #705 ), #2489, .T. ) ;
#3935 = CARTESIAN_POINT ( 'NONE',  ( 5.500172311762161000, 2.612216508249768100, -5.281460802068762600 ) ) ;
#3936 =( NAMED_UNIT ( * ) SI_UNIT ( $, .STERADIAN. ) SOLID_ANGLE_UNIT ( ) );
#3937 = EDGE_CURVE ( 'NONE', #832, #2447, #3309, .T. ) ;
#3938 = DIRECTION ( 'NONE',  ( 0.0000000000000000000, 0.0000000000000000000, 1.000000000000000000 ) ) ;
#3939 =( GEOMETRIC_REPRESENTATION_CONTEXT ( 3 ) GLOBAL_UNCERTAINTY_ASSIGNED_CONTEXT ( ( #61 ) ) GLOBAL_UNIT_ASSIGNED_CONTEXT ( ( #1185, #4068, #1534 ) ) REPRESENTATION_CONTEXT ( 'NONE', 'WORKASPACE' ) );
#3940 = CARTESIAN_POINT ( 'NONE',  ( 2.798905294973047300, 2.692679999999999700, -2.235494930349867500 ) ) ;
#3941 = VERTEX_POINT ( 'NONE', #1200 ) ;
#3942 = CARTESIAN_POINT ( 'NONE',  ( 3.067283914678575800, 2.692679999999999700, -2.729064943576893700 ) ) ;
#3943 = PRESENTATION_STYLE_ASSIGNMENT (( #2177 ) ) ;
#3944 = ADVANCED_FACE ( 'NONE', ( #1019 ), #2246, .F. ) ;
#3945 = FILL_AREA_STYLE ('',( #2818 ) ) ;
#3946 = CARTESIAN_POINT ( 'NONE',  ( 2.500140458105373700, 2.687679999999999800, -2.342335107203581800 ) ) ;
#3947 = EDGE_LOOP ( 'NONE', ( #2738, #298, #1767 ) ) ;
#3948 = EDGE_CURVE ( 'NONE', #4312, #458, #1519, .T. ) ;
#3949 = COLOUR_RGB ( '',0.7686274509803920900, 0.7686274509803920900, 0.7686274509803920900 ) ;
#3950 = DIRECTION ( 'NONE',  ( -0.0000000000000000000, 0.0000000000000000000, -1.000000000000000000 ) ) ;
#3951 = VERTEX_POINT ( 'NONE', #4425 ) ;
#3952 = CARTESIAN_POINT ( 'NONE',  ( 0.5999999999999998700, 0.0000000000000000000, -5.287679999999999900 ) ) ;
#3953 = LINE ( 'NONE', #1961, #3845 ) ;
#3954 = VECTOR ( 'NONE', #801, 1000.000000000000000 ) ;
#3955 = STYLED_ITEM ( 'NONE', ( #640 ), #368 ) ;
#3956 = DIRECTION ( 'NONE',  ( 0.9610664548998939500, 0.0000000000000000000, 0.2763173343569854700 ) ) ;
#3957 = ORIENTED_EDGE ( 'NONE', *, *, #1424, .T. ) ;
#3958 =( LENGTH_UNIT ( ) NAMED_UNIT ( * ) SI_UNIT ( .MILLI., .METRE. ) );
#3959 = CARTESIAN_POINT ( 'NONE',  ( 5.502629779276123400, 0.1550405786893482300, -0.1364827373767611200 ) ) ;
#3960 = DIRECTION ( 'NONE',  ( 0.0000000000000000000, 0.0000000000000000000, -1.000000000000000000 ) ) ;
#3961 = VERTEX_POINT ( 'NONE', #3332 ) ;
#3962 = PLANE ( 'NONE',  #4085 ) ;
#3963 = VECTOR ( 'NONE', #516, 1000.000000000000000 ) ;
#3964 = ADVANCED_FACE ( 'NONE', ( #3816 ), #1170, .F. ) ;
#3965 = MECHANICAL_DESIGN_GEOMETRIC_PRESENTATION_REPRESENTATION (  '', ( #2996 ), #258 ) ;
#3966 = PLANE ( 'NONE',  #496 ) ;
#3967 = ADVANCED_FACE ( 'NONE', ( #2089 ), #1759, .T. ) ;
#3968 = MECHANICAL_DESIGN_GEOMETRIC_PRESENTATION_REPRESENTATION (  '', ( #1357 ), #1846 ) ;
#3969 = COLOUR_RGB ( '',0.7686274509803920900, 0.7686274509803920900, 0.7686274509803920900 ) ;
#3970 = AXIS2_PLACEMENT_3D ( 'NONE', #554, #844, #3053 ) ;
#3971 = DIRECTION ( 'NONE',  ( 1.000000000000000000, -0.0000000000000000000, 0.0000000000000000000 ) ) ;
#3972 =( NAMED_UNIT ( * ) SI_UNIT ( $, .STERADIAN. ) SOLID_ANGLE_UNIT ( ) );
#3973 = LINE ( 'NONE', #76, #3818 ) ;
#3974 = EDGE_CURVE ( 'NONE', #3980, #3838, #2547, .T. ) ;
#3975 = DIRECTION ( 'NONE',  ( 0.05596501978067343300, 0.0000000000000000000, -0.9984327301130251400 ) ) ;
#3976 = ORIENTED_EDGE ( 'NONE', *, *, #1788, .F. ) ;
#3977 = ORIENTED_EDGE ( 'NONE', *, *, #2448, .T. ) ;
#3978 = FILL_AREA_STYLE_COLOUR ( '', #2799 ) ;
#3979 = EDGE_CURVE ( 'NONE', #4376, #185, #1255, .T. ) ;
#3980 = VERTEX_POINT ( 'NONE', #1577 ) ;
#3981 = ORIENTED_EDGE ( 'NONE', *, *, #3834, .F. ) ;
#3982 = DIRECTION ( 'NONE',  ( -0.9610876102172832800, 0.0000000000000000000, -0.2762437428917279800 ) ) ;
#3983 = FACE_OUTER_BOUND ( 'NONE', #3720, .T. ) ;
#3984 = CARTESIAN_POINT ( 'NONE',  ( 2.862955814443229700, 2.687679999999999800, -1.024283521815165100 ) ) ;
#3985 = AXIS2_PLACEMENT_3D ( 'NONE', #2009, #1237, #3121 ) ;
#3986 = ADVANCED_FACE ( 'NONE', ( #4659 ), #2694, .T. ) ;
#3987 = ORIENTED_EDGE ( 'NONE', *, *, #272, .T. ) ;
#3988 = VECTOR ( 'NONE', #2699, 1000.000000000000000 ) ;
#3989 = FILL_AREA_STYLE ('',( #3978 ) ) ;
#3990 = PRESENTATION_LAYER_ASSIGNMENT (  '', '', ( #2776 ) ) ;
#3991 = ORIENTED_EDGE ( 'NONE', *, *, #4464, .T. ) ;
#3992 = AXIS2_PLACEMENT_3D ( 'NONE', #556, #209, #2708 ) ;
#3993 = VECTOR ( 'NONE', #702, 1000.000000000000100 ) ;
#3994 = ORIENTED_EDGE ( 'NONE', *, *, #2632, .T. ) ;
#3995 = SURFACE_SIDE_STYLE ('',( #4565 ) ) ;
#3996 = DIRECTION ( 'NONE',  ( -1.000000000000000000, 0.0000000000000000000, 0.0000000000000000000 ) ) ;
#3997 = EDGE_CURVE ( 'NONE', #185, #2321, #4476, .T. ) ;
#3998 = CARTESIAN_POINT ( 'NONE',  ( 5.987680000000000100, 0.1123200000000000000, -5.287679999999999900 ) ) ;
#3999 = LINE ( 'NONE', #2796, #512 ) ;
#4000 = ORIENTED_EDGE ( 'NONE', *, *, #1913, .T. ) ;
#4001 = UNCERTAINTY_MEASURE_WITH_UNIT (LENGTH_MEASURE( 1.000000000000000100E-005 ), #2895, 'distance_accuracy_value', 'NONE');
#4002 =( LENGTH_UNIT ( ) NAMED_UNIT ( * ) SI_UNIT ( .MILLI., .METRE. ) );
#4003 = CARTESIAN_POINT ( 'NONE',  ( 3.294000000000014700, 2.692679999999999700, -3.130290462645080900 ) ) ;
#4004 = EDGE_CURVE ( 'NONE', #3709, #4611, #3071, .T. ) ;
#4005 = ORIENTED_EDGE ( 'NONE', *, *, #2315, .F. ) ;
#4006 =( NAMED_UNIT ( * ) SI_UNIT ( $, .STERADIAN. ) SOLID_ANGLE_UNIT ( ) );
#4007 = FILL_AREA_STYLE_COLOUR ( '', #2042 ) ;
#4008 = ORIENTED_EDGE ( 'NONE', *, *, #4422, .F. ) ;
#4009 = COLOUR_RGB ( '',0.7921568627450980000, 0.8196078431372548800, 0.9333333333333333500 ) ;
#4010 = ADVANCED_FACE ( 'NONE', ( #423 ), #1215, .F. ) ;
#4011 = FACE_OUTER_BOUND ( 'NONE', #1425, .T. ) ;
#4012 = DIRECTION ( 'NONE',  ( -1.000000000000000000, 0.0000000000000000000, 0.0000000000000000000 ) ) ;
#4013 = FILL_AREA_STYLE_COLOUR ( '', #2693 ) ;
#4014 = VECTOR ( 'NONE', #849, 1000.000000000000000 ) ;
#4015 = FACE_OUTER_BOUND ( 'NONE', #1166, .T. ) ;
#4016 = SURFACE_SIDE_STYLE ('',( #788 ) ) ;
#4017 = SURFACE_STYLE_USAGE ( .BOTH. , #1481 ) ;
#4018 = CIRCLE ( 'NONE', #569, 0.1123200000000000000 ) ;
#4019 = MECHANICAL_DESIGN_GEOMETRIC_PRESENTATION_REPRESENTATION (  '', ( #26 ), #2963 ) ;
#4020 = FILL_AREA_STYLE_COLOUR ( '', #2428 ) ;
#4021 = CARTESIAN_POINT ( 'NONE',  ( 0.1123200000000000000, 0.1123200000000000000, -0.1123199999999999900 ) ) ;
#4022 = SURFACE_STYLE_FILL_AREA ( #2028 ) ;
#4023 = SPHERICAL_SURFACE ( 'NONE', #1516, 0.1123200000000000000 ) ;
#4024 = DIRECTION ( 'NONE',  ( -0.2755520632520512800, 0.0000000000000000000, 0.9612861490927338000 ) ) ;
#4025 = EDGE_CURVE ( 'NONE', #112, #758, #1925, .T. ) ;
#4026 = MECHANICAL_DESIGN_GEOMETRIC_PRESENTATION_REPRESENTATION (  '', ( #4213 ), #4269 ) ;
#4027 = ADVANCED_FACE ( 'NONE', ( #641 ), #1599, .F. ) ;
#4028 = ORIENTED_EDGE ( 'NONE', *, *, #846, .F. ) ;
#4029 =( NAMED_UNIT ( * ) SI_UNIT ( $, .STERADIAN. ) SOLID_ANGLE_UNIT ( ) );
#4030 = EDGE_CURVE ( 'NONE', #2183, #1268, #199, .T. ) ;
#4031 = VERTEX_POINT ( 'NONE', #4527 ) ;
#4032 = EDGE_LOOP ( 'NONE', ( #816, #715, #3279 ) ) ;
#4033 = DIRECTION ( 'NONE',  ( 0.0000000000000000000, 0.0000000000000000000, 1.000000000000000000 ) ) ;
#4034 = CARTESIAN_POINT ( 'NONE',  ( 5.500399240127528300, 2.677368716263961400, -0.1760033854232484200 ) ) ;
#4035 =( LENGTH_UNIT ( ) NAMED_UNIT ( * ) SI_UNIT ( .MILLI., .METRE. ) );
#4036 = EDGE_LOOP ( 'NONE', ( #2884, #605, #4364 ) ) ;
#4037 = DIRECTION ( 'NONE',  ( -1.544447539153147100E-014, 1.000000000000000000, 0.0000000000000000000 ) ) ;
#4038 = FACE_OUTER_BOUND ( 'NONE', #608, .T. ) ;
#4039 = VECTOR ( 'NONE', #3545, 1000.000000000000000 ) ;
#4040 = ORIENTED_EDGE ( 'NONE', *, *, #299, .T. ) ;
#4041 = DIRECTION ( 'NONE',  ( 0.0000000000000000000, 0.0000000000000000000, 1.000000000000000000 ) ) ;
#4042 = ORIENTED_EDGE ( 'NONE', *, *, #3979, .F. ) ;
#4043 = AXIS2_PLACEMENT_3D ( 'NONE', #1668, #1372, #4210 ) ;
#4044 = CARTESIAN_POINT ( 'NONE',  ( 2.500140458105373700, 2.692679999999999700, -3.454171021088409300 ) ) ;
#4045 =( NAMED_UNIT ( * ) PLANE_ANGLE_UNIT ( ) SI_UNIT ( $, .RADIAN. ) );
#4046 = CARTESIAN_POINT ( 'NONE',  ( 2.798905294973047300, 2.692679999999999700, -1.894761132410661200 ) ) ;
#4047 =( NAMED_UNIT ( * ) PLANE_ANGLE_UNIT ( ) SI_UNIT ( $, .RADIAN. ) );
#4048 = ORIENTED_EDGE ( 'NONE', *, *, #3013, .F. ) ;
#4049 =( NAMED_UNIT ( * ) SI_UNIT ( $, .STERADIAN. ) SOLID_ANGLE_UNIT ( ) );
#4050 = LINE ( 'NONE', #172, #2985 ) ;
#4051 = FILL_AREA_STYLE ('',( #3708 ) ) ;
#4052 = VERTEX_POINT ( 'NONE', #1250 ) ;
#4053 = DIRECTION ( 'NONE',  ( -0.0000000000000000000, -0.0000000000000000000, -1.000000000000000000 ) ) ;
#4054 = CARTESIAN_POINT ( 'NONE',  ( 3.142967740597627700, 2.692679999999999700, -2.236745285315902900 ) ) ;
#4055 = EDGE_LOOP ( 'NONE', ( #1347, #2865, #2129 ) ) ;
#4056 = EDGE_CURVE ( 'NONE', #191, #4209, #1197, .T. ) ;
#4057 = UNCERTAINTY_MEASURE_WITH_UNIT (LENGTH_MEASURE( 1.000000000000000100E-005 ), #498, 'distance_accuracy_value', 'NONE');
#4058 = CARTESIAN_POINT ( 'NONE',  ( 0.4876800000000007800, 0.0000000000000000000, -5.287679999999999900 ) ) ;
#4059 = VERTEX_POINT ( 'NONE', #3788 ) ;
#4060 =( NAMED_UNIT ( * ) SI_UNIT ( $, .STERADIAN. ) SOLID_ANGLE_UNIT ( ) );
#4061 = PRESENTATION_STYLE_ASSIGNMENT (( #3110 ) ) ;
#4062 = STYLED_ITEM ( 'NONE', ( #2606 ), #287 ) ;
#4063 = ORIENTED_EDGE ( 'NONE', *, *, #2392, .F. ) ;
#4064 = VECTOR ( 'NONE', #2931, 1000.000000000000000 ) ;
#4065 = CARTESIAN_POINT ( 'NONE',  ( 3.142938774847502600, 2.692679999999999700, -3.868477828883045300 ) ) ;
#4066 = DIRECTION ( 'NONE',  ( -7.938847109757213200E-005, 0.0000000000000000000, 0.9999999968487352000 ) ) ;
#4067 = LINE ( 'NONE', #2644, #3354 ) ;
#4068 =( NAMED_UNIT ( * ) PLANE_ANGLE_UNIT ( ) SI_UNIT ( $, .RADIAN. ) );
#4069 = CARTESIAN_POINT ( 'NONE',  ( 0.5999139314811483500, 2.615943630607957100, -5.280746604300921000 ) ) ;
#4070 = VECTOR ( 'NONE', #2835, 1000.000000000000100 ) ;
#4071 = VECTOR ( 'NONE', #4593, 1000.000000000000000 ) ;
#4072 = ADVANCED_FACE ( 'NONE', ( #3754 ), #3015, .T. ) ;
#4073 = SURFACE_SIDE_STYLE ('',( #4238 ) ) ;
#4074 = CARTESIAN_POINT ( 'NONE',  ( 5.504925775900062500, 2.654782233662873000, -0.1452177663371260500 ) ) ;
#4075 = FACE_OUTER_BOUND ( 'NONE', #2989, .T. ) ;
#4076 = STYLED_ITEM ( 'NONE', ( #1147 ), #2201 ) ;
#4077 = DIRECTION ( 'NONE',  ( 9.652797119707126200E-016, 0.0000000000000000000, 1.000000000000000000 ) ) ;
#4078 = ORIENTED_EDGE ( 'NONE', *, *, #480, .T. ) ;
#4079 = LINE ( 'NONE', #1470, #3151 ) ;
#4080 = UNCERTAINTY_MEASURE_WITH_UNIT (LENGTH_MEASURE( 1.000000000000000100E-005 ), #3356, 'distance_accuracy_value', 'NONE');
#4081 = VERTEX_POINT ( 'NONE', #2035 ) ;
#4082 = DIRECTION ( 'NONE',  ( 1.000000000000000000, 0.0000000000000000000, 0.0000000000000000000 ) ) ;
#4083 = EDGE_CURVE ( 'NONE', #1608, #3274, #2772, .T. ) ;
#4084 = ORIENTED_EDGE ( 'NONE', *, *, #2179, .F. ) ;
#4085 = AXIS2_PLACEMENT_3D ( 'NONE', #1773, #1791, #4275 ) ;
#4086 = SURFACE_SIDE_STYLE ('',( #2094 ) ) ;
#4087 = CARTESIAN_POINT ( 'NONE',  ( 2.945662692118831100, 2.687679999999999800, -3.891737327869781100 ) ) ;
#4088 = ORIENTED_EDGE ( 'NONE', *, *, #3320, .F. ) ;
#4089 = EDGE_LOOP ( 'NONE', ( #23, #723, #4592 ) ) ;
#4090 = EDGE_CURVE ( 'NONE', #161, #84, #3698, .T. ) ;
#4091 = VECTOR ( 'NONE', #3956, 1000.000000000000100 ) ;
#4092 = CARTESIAN_POINT ( 'NONE',  ( 6.100000000000000500, 0.0000000000000000000, 0.0000000000000000000 ) ) ;
#4093 = ORIENTED_EDGE ( 'NONE', *, *, #1122, .F. ) ;
#4094 = CARTESIAN_POINT ( 'NONE',  ( 0.1123199999999999500, 0.0000000000000000000, -0.1123199999999999900 ) ) ;
#4095 = CARTESIAN_POINT ( 'NONE',  ( 0.5999999999999999800, 2.687679999999999800, -5.400000000000000400 ) ) ;
#4096 = DIRECTION ( 'NONE',  ( 0.0000000000000000000, -1.000000000000000000, 0.0000000000000000000 ) ) ;
#4097 = VERTEX_POINT ( 'NONE', #3846 ) ;
#4098 = DIRECTION ( 'NONE',  ( -1.000000000000000000, -0.0000000000000000000, -0.0000000000000000000 ) ) ;
#4099 = DIRECTION ( 'NONE',  ( 0.9610876102172833900, 0.0000000000000000000, 0.2762437428917280900 ) ) ;
#4100 = FACE_OUTER_BOUND ( 'NONE', #182, .T. ) ;
#4101 = CARTESIAN_POINT ( 'NONE',  ( 3.294000000000014700, 2.692679999999999700, -2.241343597838670200 ) ) ;
#4102 = ORIENTED_EDGE ( 'NONE', *, *, #1606, .T. ) ;
#4103 = LINE ( 'NONE', #4309, #3993 ) ;
#4104 = ORIENTED_EDGE ( 'NONE', *, *, #568, .T. ) ;
#4105 = MECHANICAL_DESIGN_GEOMETRIC_PRESENTATION_REPRESENTATION (  '', ( #2307 ), #2902 ) ;
#4106 = CARTESIAN_POINT ( 'NONE',  ( 0.1123199999999999500, 2.799999999999999800, -5.400000000000000400 ) ) ;
#4107 = LINE ( 'NONE', #2049, #2020 ) ;
#4108 = FILL_AREA_STYLE_COLOUR ( '', #2637 ) ;
#4109 = CARTESIAN_POINT ( 'NONE',  ( 5.500000000000003600, 2.581221478228864300, -0.1123199999999990300 ) ) ;
#4110 = ORIENTED_EDGE ( 'NONE', *, *, #3415, .F. ) ;
#4111 = SURFACE_STYLE_USAGE ( .BOTH. , #1641 ) ;
#4112 = EDGE_CURVE ( 'NONE', #274, #3554, #3908, .T. ) ;
#4113 = LINE ( 'NONE', #97, #406 ) ;
#4114 = PRESENTATION_LAYER_ASSIGNMENT (  '', '', ( #3802 ) ) ;
#4115 = CARTESIAN_POINT ( 'NONE',  ( 5.987680000000000100, 0.1123200000000000000, -5.287679999999999900 ) ) ;
#4116 = DIRECTION ( 'NONE',  ( -0.9617234872620624700, 0.0000000000000000000, -0.2740217765953968900 ) ) ;
#4117 = DIRECTION ( 'NONE',  ( -0.9999999968487353100, 0.0000000000000000000, -7.938847109757214600E-005 ) ) ;
#4118 = ORIENTED_EDGE ( 'NONE', *, *, #3801, .F. ) ;
#4119 = SURFACE_STYLE_FILL_AREA ( #1510 ) ;
#4120 = EDGE_CURVE ( 'NONE', #2525, #4316, #1465, .T. ) ;
#4121 = PRODUCT_RELATED_PRODUCT_CATEGORY ( 'part', '', ( #2217 ) ) ;
#4122 = ORIENTED_EDGE ( 'NONE', *, *, #2323, .T. ) ;
#4123 = PRESENTATION_STYLE_ASSIGNMENT (( #4515 ) ) ;
#4124 = VECTOR ( 'NONE', #944, 1000.000000000000000 ) ;
#4125 = FILL_AREA_STYLE ('',( #170 ) ) ;
#4126 = DIRECTION ( 'NONE',  ( 1.000000000000000000, -0.0000000000000000000, -0.0000000000000000000 ) ) ;
#4127 = CARTESIAN_POINT ( 'NONE',  ( 3.294000000000014700, 2.692679999999999700, -0.9007373474036682900 ) ) ;
#4128 = SURFACE_STYLE_FILL_AREA ( #1806 ) ;
#4129 = DIRECTION ( 'NONE',  ( -0.0000000000000000000, -1.000000000000000000, 0.0000000000000000000 ) ) ;
#4130 = EDGE_CURVE ( 'NONE', #2022, #4608, #2437, .T. ) ;
#4131 = SURFACE_STYLE_FILL_AREA ( #3596 ) ;
#4132 = DIRECTION ( 'NONE',  ( -0.9611542233438713500, 0.0000000000000000000, -0.2760118818968483300 ) ) ;
#4133 = CIRCLE ( 'NONE', #795, 0.1123199999999999500 ) ;
#4134 = CARTESIAN_POINT ( 'NONE',  ( 2.798905294973047300, 2.692679999999999700, -1.894761132410661200 ) ) ;
#4135 = DIRECTION ( 'NONE',  ( 0.0000000000000000000, 0.0000000000000000000, 1.000000000000000000 ) ) ;
#4136 = LINE ( 'NONE', #2768, #3198 ) ;
#4137 = SURFACE_SIDE_STYLE ('',( #3642 ) ) ;
#4138 =( GEOMETRIC_REPRESENTATION_CONTEXT ( 3 ) GLOBAL_UNCERTAINTY_ASSIGNED_CONTEXT ( ( #232 ) ) GLOBAL_UNIT_ASSIGNED_CONTEXT ( ( #4194, #2024, #1313 ) ) REPRESENTATION_CONTEXT ( 'NONE', 'WORKASPACE' ) );
#4139 = LINE ( 'NONE', #4254, #1873 ) ;
#4140 = DIRECTION ( 'NONE',  ( 0.0000000000000000000, 0.0000000000000000000, -1.000000000000000000 ) ) ;
#4141 = ORIENTED_EDGE ( 'NONE', *, *, #4429, .T. ) ;
#4142 = CARTESIAN_POINT ( 'NONE',  ( 6.100000000000000500, 0.1123200000000000000, -5.287679999999999900 ) ) ;
#4143 = CARTESIAN_POINT ( 'NONE',  ( 2.945662692117169400, 2.687679999999999800, -1.852891137658633200 ) ) ;
#4144 =( NAMED_UNIT ( * ) SI_UNIT ( $, .STERADIAN. ) SOLID_ANGLE_UNIT ( ) );
#4145 = CARTESIAN_POINT ( 'NONE',  ( 3.142938774847502600, 2.692679999999999700, -3.494785832608279500 ) ) ;
#4146 = AXIS2_PLACEMENT_3D ( 'NONE', #2087, #3217, #3696 ) ;
#4147 = UNCERTAINTY_MEASURE_WITH_UNIT (LENGTH_MEASURE( 1.000000000000000100E-005 ), #1953, 'distance_accuracy_value', 'NONE');
#4148 = ORIENTED_EDGE ( 'NONE', *, *, #1356, .F. ) ;
#4149 = FILL_AREA_STYLE_COLOUR ( '', #3269 ) ;
#4150 = ORIENTED_EDGE ( 'NONE', *, *, #3858, .T. ) ;
#4151 = FACE_OUTER_BOUND ( 'NONE', #3822, .T. ) ;
#4152 = DIRECTION ( 'NONE',  ( 0.9610029908221285900, 0.0000000000000000000, 0.2765379750249932200 ) ) ;
#4153 = EDGE_CURVE ( 'NONE', #2525, #2762, #4018, .T. ) ;
#4154 = AXIS2_PLACEMENT_3D ( 'NONE', #3722, #1523, #4349 ) ;
#4155 = ORIENTED_EDGE ( 'NONE', *, *, #3886, .F. ) ;
#4156 = ORIENTED_EDGE ( 'NONE', *, *, #2540, .F. ) ;
#4157 = EDGE_CURVE ( 'NONE', #3374, #1996, #4249, .T. ) ;
#4158 = CARTESIAN_POINT ( 'NONE',  ( 0.5950742240999387100, 2.654782233662873900, -0.1452177663371269100 ) ) ;
#4159 = DIRECTION ( 'NONE',  ( 0.9984327301130250200, 0.0000000000000000000, 0.05596501978067343300 ) ) ;
#4160 = CARTESIAN_POINT ( 'NONE',  ( 0.0000000000000000000, 0.0000000000000000000, 0.0000000000000000000 ) ) ;
#4161 = CARTESIAN_POINT ( 'NONE',  ( 0.5999915653225458300, 0.1136964791315135700, -5.192890475672489200 ) ) ;
#4162 = VERTEX_POINT ( 'NONE', #4188 ) ;
#4163 = LINE ( 'NONE', #403, #4383 ) ;
#4164 =( NAMED_UNIT ( * ) PLANE_ANGLE_UNIT ( ) SI_UNIT ( $, .RADIAN. ) );
#4165 = ORIENTED_EDGE ( 'NONE', *, *, #4157, .F. ) ;
#4166 = PLANE ( 'NONE',  #1624 ) ;
#4167 = DIRECTION ( 'NONE',  ( -0.0000000000000000000, 0.0000000000000000000, -1.000000000000000000 ) ) ;
#4168 =( NAMED_UNIT ( * ) SI_UNIT ( $, .STERADIAN. ) SOLID_ANGLE_UNIT ( ) );
#4169 = MECHANICAL_DESIGN_GEOMETRIC_PRESENTATION_REPRESENTATION (  '', ( #2736 ), #3815 ) ;
#4170 = FACE_OUTER_BOUND ( 'NONE', #4089, .T. ) ;
#4171 = DIRECTION ( 'NONE',  ( 1.000000000000000000, 7.239597839780347100E-015, 0.0000000000000000000 ) ) ;
#4172 = ORIENTED_EDGE ( 'NONE', *, *, #3233, .F. ) ;
#4173 = FILL_AREA_STYLE_COLOUR ( '', #3638 ) ;
#4174 = FACE_OUTER_BOUND ( 'NONE', #2293, .T. ) ;
#4175 = UNCERTAINTY_MEASURE_WITH_UNIT (LENGTH_MEASURE( 1.000000000000000100E-005 ), #4002, 'distance_accuracy_value', 'NONE');
#4176 = ORIENTED_EDGE ( 'NONE', *, *, #2717, .F. ) ;
#4177 = CARTESIAN_POINT ( 'NONE',  ( 2.862955814443219900, 2.687679999999999800, -1.260178193614535300 ) ) ;
#4178 =( LENGTH_UNIT ( ) NAMED_UNIT ( * ) SI_UNIT ( .MILLI., .METRE. ) );
#4179 = CARTESIAN_POINT ( 'NONE',  ( 2.500140458105373700, 2.687679999999999800, -3.010349538618765800 ) ) ;
#4180 = LINE ( 'NONE', #3566, #633 ) ;
#4181 = EDGE_LOOP ( 'NONE', ( #2960, #667, #4230, #1319 ) ) ;
#4182 = SURFACE_STYLE_USAGE ( .BOTH. , #2300 ) ;
#4183 = EDGE_CURVE ( 'NONE', #2044, #4437, #4540, .T. ) ;
#4184 = MECHANICAL_DESIGN_GEOMETRIC_PRESENTATION_REPRESENTATION (  '', ( #1025 ), #3939 ) ;
#4185 = VECTOR ( 'NONE', #4167, 1000.000000000000000 ) ;
#4186 = FILL_AREA_STYLE_COLOUR ( '', #1700 ) ;
#4187 = ORIENTED_EDGE ( 'NONE', *, *, #1535, .T. ) ;
#4188 = CARTESIAN_POINT ( 'NONE',  ( 3.142938774847502600, 2.687679999999999800, -3.868477828883045300 ) ) ;
#4189 = LINE ( 'NONE', #1648, #4292 ) ;
#4190 = EDGE_CURVE ( 'NONE', #47, #230, #962, .T. ) ;
#4191 = DIRECTION ( 'NONE',  ( -1.000000000000000000, 0.0000000000000000000, 0.0000000000000000000 ) ) ;
#4192 = SURFACE_STYLE_USAGE ( .BOTH. , #247 ) ;
#4193 = CIRCLE ( 'NONE', #1430, 0.1123199999999999500 ) ;
#4194 =( LENGTH_UNIT ( ) NAMED_UNIT ( * ) SI_UNIT ( .MILLI., .METRE. ) );
#4195 = SURFACE_SIDE_STYLE ('',( #843 ) ) ;
#4196 = LINE ( 'NONE', #585, #256 ) ;
#4197 = MECHANICAL_DESIGN_GEOMETRIC_PRESENTATION_REPRESENTATION (  '', ( #3955 ), #2130 ) ;
#4198 = VECTOR ( 'NONE', #3040, 1000.000000000000100 ) ;
#4199 = CARTESIAN_POINT ( 'NONE',  ( 5.987680000000000100, 2.687679999999999800, 0.0000000000000000000 ) ) ;
#4200 = VECTOR ( 'NONE', #932, 1000.000000000000100 ) ;
#4201 = VECTOR ( 'NONE', #370, 1000.000000000000000 ) ;
#4202 = STYLED_ITEM ( 'NONE', ( #2393 ), #1828 ) ;
#4203 = SURFACE_SIDE_STYLE ('',( #1746 ) ) ;
#4204 = ORIENTED_EDGE ( 'NONE', *, *, #2760, .F. ) ;
#4205 = ORIENTED_EDGE ( 'NONE', *, *, #794, .T. ) ;
#4206 = FACE_OUTER_BOUND ( 'NONE', #436, .T. ) ;
#4207 = UNCERTAINTY_MEASURE_WITH_UNIT (LENGTH_MEASURE( 1.000000000000000100E-005 ), #1556, 'distance_accuracy_value', 'NONE');
#4208 = CARTESIAN_POINT ( 'NONE',  ( 0.6000027774523933900, 2.687218356280760600, -0.2128991596773430200 ) ) ;
#4209 = VERTEX_POINT ( 'NONE', #2427 ) ;
#4210 = DIRECTION ( 'NONE',  ( 0.0000000000000000000, 0.0000000000000000000, 1.000000000000000000 ) ) ;
#4211 = ORIENTED_EDGE ( 'NONE', *, *, #360, .F. ) ;
#4212 = CARTESIAN_POINT ( 'NONE',  ( 3.294000000000014700, 2.687679999999999800, -2.757597784819791500 ) ) ;
#4213 = STYLED_ITEM ( 'NONE', ( #2656 ), #4072 ) ;
#4214 = AXIS2_PLACEMENT_3D ( 'NONE', #347, #302, #2464 ) ;
#4215 = VECTOR ( 'NONE', #1103, 1000.000000000000000 ) ;
#4216 = ORIENTED_EDGE ( 'NONE', *, *, #2236, .F. ) ;
#4217 = SURFACE_SIDE_STYLE ('',( #4022 ) ) ;
#4218 = DIRECTION ( 'NONE',  ( 0.9620200793798762100, 0.0000000000000000000, 0.2729786930695083900 ) ) ;
#4219 = EDGE_CURVE ( 'NONE', #2164, #1996, #4133, .T. ) ;
#4220 = ORIENTED_EDGE ( 'NONE', *, *, #13, .F. ) ;
#4221 = DIRECTION ( 'NONE',  ( -1.000000000000000000, 0.0000000000000000000, 0.0000000000000000000 ) ) ;
#4222 = FILL_AREA_STYLE_COLOUR ( '', #4533 ) ;
#4223 =( NAMED_UNIT ( * ) PLANE_ANGLE_UNIT ( ) SI_UNIT ( $, .RADIAN. ) );
#4224 = ORIENTED_EDGE ( 'NONE', *, *, #2792, .F. ) ;
#4225 = EDGE_CURVE ( 'NONE', #497, #2528, #40, .T. ) ;
#4226 = VECTOR ( 'NONE', #3794, 1000.000000000000000 ) ;
#4227 =( NAMED_UNIT ( * ) PLANE_ANGLE_UNIT ( ) SI_UNIT ( $, .RADIAN. ) );
#4228 = CARTESIAN_POINT ( 'NONE',  ( 0.4876799999999999500, 2.687679999999999800, -5.400000000000000400 ) ) ;
#4229 = CARTESIAN_POINT ( 'NONE',  ( 0.5950742240999387100, 2.654782233662874400, -5.254782233662871800 ) ) ;
#4230 = ORIENTED_EDGE ( 'NONE', *, *, #3863, .T. ) ;
#4231 = FILL_AREA_STYLE_COLOUR ( '', #1695 ) ;
#4232 = CARTESIAN_POINT ( 'NONE',  ( 0.5996007598724731900, 2.623996614576750400, -0.1226312837360372100 ) ) ;
#4233 = ORIENTED_EDGE ( 'NONE', *, *, #1635, .F. ) ;
#4234 = STYLED_ITEM ( 'NONE', ( #291 ), #1310 ) ;
#4235 = VECTOR ( 'NONE', #1620, 1000.000000000000000 ) ;
#4236 = VERTEX_POINT ( 'NONE', #3524 ) ;
#4237 = FACE_OUTER_BOUND ( 'NONE', #1039, .T. ) ;
#4238 = SURFACE_STYLE_FILL_AREA ( #3355 ) ;
#4239 = MECHANICAL_DESIGN_GEOMETRIC_PRESENTATION_REPRESENTATION (  '', ( #2776 ), #293 ) ;
#4240 = DIRECTION ( 'NONE',  ( 1.000000000000000000, 0.0000000000000000000, 0.0000000000000000000 ) ) ;
#4241 = CARTESIAN_POINT ( 'NONE',  ( 5.500086068518892400, 0.1840563693920430300, -5.280746604300921000 ) ) ;
#4242 = CARTESIAN_POINT ( 'NONE',  ( 0.5999999999999999800, 2.687679999999999800, -5.175360000000000400 ) ) ;
#4243 = EDGE_CURVE ( 'NONE', #2997, #3334, #3144, .T. ) ;
#4244 = STYLED_ITEM ( 'NONE', ( #4413 ), #4294 ) ;
#4245 = VECTOR ( 'NONE', #3399, 1000.000000000000000 ) ;
#4246 = CARTESIAN_POINT ( 'NONE',  ( 0.5998276882378414900, 2.612216508249768100, -0.1185391979312363200 ) ) ;
#4247 = DIRECTION ( 'NONE',  ( -0.0000000000000000000, -1.000000000000000000, 0.0000000000000000000 ) ) ;
#4248 = LINE ( 'NONE', #3238, #1073 ) ;
#4249 = LINE ( 'NONE', #2391, #1986 ) ;
#4250 = EDGE_CURVE ( 'NONE', #3941, #864, #1012, .T. ) ;
#4251 = LINE ( 'NONE', #4572, #3589 ) ;
#4252 = CARTESIAN_POINT ( 'NONE',  ( 5.500399240127529200, 2.623996614576750800, -5.277368716263962000 ) ) ;
#4253 = CARTESIAN_POINT ( 'NONE',  ( 5.500671414421507400, 0.1736073159615755000, -5.275417221427713500 ) ) ;
#4254 = CARTESIAN_POINT ( 'NONE',  ( 3.294000000000014700, 2.692679999999999700, -1.438848608204118500 ) ) ;
#4255 = COLOUR_RGB ( '',0.7686274509803920900, 0.7686274509803920900, 0.7686274509803920900 ) ;
#4256 = SURFACE_SIDE_STYLE ('',( #465 ) ) ;
#4257 = ORIENTED_EDGE ( 'NONE', *, *, #4649, .F. ) ;
#4258 = ORIENTED_EDGE ( 'NONE', *, *, #1500, .F. ) ;
#4259 = ORIENTED_EDGE ( 'NONE', *, *, #1418, .T. ) ;
#4260 = DIRECTION ( 'NONE',  ( -1.000000000000000000, 0.0000000000000000000, 0.0000000000000000000 ) ) ;
#4261 = AXIS2_PLACEMENT_3D ( 'NONE', #996, #3555, #2102 ) ;
#4262 = UNCERTAINTY_MEASURE_WITH_UNIT (LENGTH_MEASURE( 1.000000000000000100E-005 ), #1149, 'distance_accuracy_value', 'NONE');
#4263 = ORIENTED_EDGE ( 'NONE', *, *, #217, .F. ) ;
#4264 = DIRECTION ( 'NONE',  ( 4.826398559853563100E-016, 1.000000000000000000, 0.0000000000000000000 ) ) ;
#4265 = PLANE ( 'NONE',  #3582 ) ;
#4266 = EDGE_CURVE ( 'NONE', #4437, #2273, #3410, .T. ) ;
#4267 = COLOUR_RGB ( '',0.7686274509803920900, 0.7686274509803920900, 0.7686274509803920900 ) ;
#4268 = CARTESIAN_POINT ( 'NONE',  ( 0.6000543735329202400, 2.685548504708505900, -5.200449019974530400 ) ) ;
#4269 =( GEOMETRIC_REPRESENTATION_CONTEXT ( 3 ) GLOBAL_UNCERTAINTY_ASSIGNED_CONTEXT ( ( #3891 ) ) GLOBAL_UNIT_ASSIGNED_CONTEXT ( ( #1697, #3131, #1677 ) ) REPRESENTATION_CONTEXT ( 'NONE', 'WORKASPACE' ) );
#4270 = ORIENTED_EDGE ( 'NONE', *, *, #3182, .T. ) ;
#4271 = AXIS2_PLACEMENT_3D ( 'NONE', #1868, #1854, #4077 ) ;
#4272 = SPHERICAL_SURFACE ( 'NONE', #1437, 0.1123200000000000000 ) ;
#4273 = ADVANCED_FACE ( 'NONE', ( #4301 ), #2889, .T. ) ;
#4274 = ORIENTED_EDGE ( 'NONE', *, *, #1272, .F. ) ;
#4275 = DIRECTION ( 'NONE',  ( -0.9610029908221287000, 0.0000000000000000000, -0.2765379750249931700 ) ) ;
#4276 = EDGE_CURVE ( 'NONE', #970, #2919, #2152, .T. ) ;
#4277 = VECTOR ( 'NONE', #3982, 1000.000000000000200 ) ;
#4278 = PLANE ( 'NONE',  #4261 ) ;
#4279 = ORIENTED_EDGE ( 'NONE', *, *, #3077, .F. ) ;
#4280 = DIRECTION ( 'NONE',  ( 1.000000000000000000, 0.0000000000000000000, 0.0000000000000000000 ) ) ;
#4281 = AXIS2_PLACEMENT_3D ( 'NONE', #449, #798, #125 ) ;
#4282 = ORIENTED_EDGE ( 'NONE', *, *, #690, .F. ) ;
#4283 = FILL_AREA_STYLE_COLOUR ( '', #3617 ) ;
#4284 = CARTESIAN_POINT ( 'NONE',  ( 0.5950742240999387100, 0.1452177663371256000, -0.1452177663371265500 ) ) ;
#4285 = PLANE ( 'NONE',  #1146 ) ;
#4286 = ORIENTED_EDGE ( 'NONE', *, *, #3077, .T. ) ;
#4287 =( NAMED_UNIT ( * ) PLANE_ANGLE_UNIT ( ) SI_UNIT ( $, .RADIAN. ) );
#4288 = PRESENTATION_LAYER_ASSIGNMENT (  '', '', ( #3820 ) ) ;
#4289 = ORIENTED_EDGE ( 'NONE', *, *, #4219, .T. ) ;
#4290 = SURFACE_STYLE_FILL_AREA ( #2634 ) ;
#4291 = CARTESIAN_POINT ( 'NONE',  ( 3.294000000000014700, 2.687679999999999800, -3.130290462645080900 ) ) ;
#4292 = VECTOR ( 'NONE', #3849, 1000.000000000000100 ) ;
#4293 = ORIENTED_EDGE ( 'NONE', *, *, #3974, .T. ) ;
#4294 = ADVANCED_FACE ( 'NONE', ( #3639 ), #3471, .T. ) ;
#4295 = PRESENTATION_LAYER_ASSIGNMENT (  '', '', ( #2684 ) ) ;
#4296 = PLANE ( 'NONE',  #870 ) ;
#4297 = FILL_AREA_STYLE_COLOUR ( '', #2346 ) ;
#4298 = CARTESIAN_POINT ( 'NONE',  ( 0.5993285855785334100, 0.1736073159615751400, -0.1245827785722856400 ) ) ;
#4299 = COLOUR_RGB ( '',0.7686274509803920900, 0.7686274509803920900, 0.7686274509803920900 ) ;
#4300 = DIRECTION ( 'NONE',  ( 1.000000000000000000, -0.0000000000000000000, 0.0000000000000000000 ) ) ;
#4301 = FACE_OUTER_BOUND ( 'NONE', #3057, .T. ) ;
#4302 = CARTESIAN_POINT ( 'NONE',  ( 3.294000000000014700, 2.692679999999999700, -1.197303200920297100 ) ) ;
#4303 = EDGE_CURVE ( 'NONE', #2687, #1592, #2037, .T. ) ;
#4304 = FACE_OUTER_BOUND ( 'NONE', #2287, .T. ) ;
#4305 = DIRECTION ( 'NONE',  ( 0.9617234872620624700, 0.0000000000000000000, 0.2740217765953968900 ) ) ;
#4306 = VECTOR ( 'NONE', #1054, 1000.000000000000000 ) ;
#4307 = SURFACE_SIDE_STYLE ('',( #2764 ) ) ;
#4308 = COLOUR_RGB ( '',0.7686274509803920900, 0.7686274509803920900, 0.7686274509803920900 ) ;
#4309 = CARTESIAN_POINT ( 'NONE',  ( 3.294000000000014700, 2.692679999999999700, -3.130290462645080900 ) ) ;
#4310 = CIRCLE ( 'NONE', #840, 0.1123200000000000000 ) ;
#4311 = EDGE_CURVE ( 'NONE', #1955, #3434, #2303, .T. ) ;
#4312 = VERTEX_POINT ( 'NONE', #4619 ) ;
#4313 = CARTESIAN_POINT ( 'NONE',  ( 3.294000000000014700, 2.692679999999999700, -3.225829168527901900 ) ) ;
#4314 = ORIENTED_EDGE ( 'NONE', *, *, #3476, .F. ) ;
#4315 = SURFACE_STYLE_USAGE ( .BOTH. , #1431 ) ;
#4316 = VERTEX_POINT ( 'NONE', #316 ) ;
#4317 = CARTESIAN_POINT ( 'NONE',  ( 5.499945626467119400, 0.1995509800254658700, -0.1144514952914928700 ) ) ;
#4318 = AXIS2_PLACEMENT_3D ( 'NONE', #4427, #2247, #420 ) ;
#4319 = ORIENTED_EDGE ( 'NONE', *, *, #653, .T. ) ;
#4320 = ADVANCED_FACE ( 'NONE', ( #2196 ), #1740, .F. ) ;
#4321 = VERTEX_POINT ( 'NONE', #626 ) ;
#4322 = DIRECTION ( 'NONE',  ( -1.000000000000000000, -1.544447539153147800E-014, 0.0000000000000000000 ) ) ;
#4323 = LINE ( 'NONE', #373, #4215 ) ;
#4324 = ORIENTED_EDGE ( 'NONE', *, *, #480, .F. ) ;
#4325 = DIRECTION ( 'NONE',  ( -0.9610853065513846900, 0.0000000000000000000, -0.2762517575166370000 ) ) ;
#4326 = PRESENTATION_LAYER_ASSIGNMENT (  '', '', ( #4076 ) ) ;
#4327 = CARTESIAN_POINT ( 'NONE',  ( 5.500000000000001800, 0.1123199999999999500, -0.2246399999999999000 ) ) ;
#4328 = ORIENTED_EDGE ( 'NONE', *, *, #3215, .F. ) ;
#4329 = CARTESIAN_POINT ( 'NONE',  ( 2.500140458105373700, 2.687679999999999800, -2.759594511516080900 ) ) ;
#4330 = SPHERICAL_SURFACE ( 'NONE', #1839, 0.1123200000000000000 ) ;
#4331 = EDGE_CURVE ( 'NONE', #4459, #941, #1692, .T. ) ;
#4332 = CARTESIAN_POINT ( 'NONE',  ( 5.504925775900101600, 0.1452177663371246600, -0.1452177663371274900 ) ) ;
#4333 = PRESENTATION_LAYER_ASSIGNMENT (  '', '', ( #1332 ) ) ;
#4334 = ORIENTED_EDGE ( 'NONE', *, *, #1086, .F. ) ;
#4335 = SPHERICAL_SURFACE ( 'NONE', #3401, 0.1123200000000000000 ) ;
#4336 = ORIENTED_EDGE ( 'NONE', *, *, #3182, .F. ) ;
#4337 = EDGE_CURVE ( 'NONE', #1377, #2406, #3124, .T. ) ;
#4338 = LINE ( 'NONE', #311, #3735 ) ;
#4339 = FILL_AREA_STYLE ('',( #1484 ) ) ;
#4340 = ORIENTED_EDGE ( 'NONE', *, *, #3514, .T. ) ;
#4341 = ADVANCED_FACE ( 'NONE', ( #750 ), #1318, .F. ) ;
#4342 = DIRECTION ( 'NONE',  ( 0.002813301676014987300, 0.0000000000000000000, -0.9999960426590095400 ) ) ;
#4343 = ORIENTED_EDGE ( 'NONE', *, *, #1331, .F. ) ;
#4344 = DIRECTION ( 'NONE',  ( -1.544447539153147100E-014, 1.000000000000000000, 0.0000000000000000000 ) ) ;
#4345 = SURFACE_STYLE_USAGE ( .BOTH. , #345 ) ;
#4346 = FACE_OUTER_BOUND ( 'NONE', #1428, .T. ) ;
#4347 = UNCERTAINTY_MEASURE_WITH_UNIT (LENGTH_MEASURE( 1.000000000000000100E-005 ), #4581, 'distance_accuracy_value', 'NONE');
#4348 = VERTEX_POINT ( 'NONE', #3211 ) ;
#4349 = DIRECTION ( 'NONE',  ( 0.0000000000000000000, -0.0000000000000000000, 1.000000000000000000 ) ) ;
#4350 = PRESENTATION_STYLE_ASSIGNMENT (( #214 ) ) ;
#4351 = VECTOR ( 'NONE', #2527, 1000.000000000000000 ) ;
#4352 =( LENGTH_UNIT ( ) NAMED_UNIT ( * ) SI_UNIT ( .MILLI., .METRE. ) );
#4353 = EDGE_CURVE ( 'NONE', #2328, #2406, #1416, .T. ) ;
#4354 = AXIS2_PLACEMENT_3D ( 'NONE', #506, #2585, #3011 ) ;
#4355 = PRESENTATION_LAYER_ASSIGNMENT (  '', '', ( #1934 ) ) ;
#4356 = COLOUR_RGB ( '',0.7686274509803920900, 0.7686274509803920900, 0.7686274509803920900 ) ;
#4357 = CARTESIAN_POINT ( 'NONE',  ( 2.945662692118831100, 2.692679999999999700, -3.551104910063110200 ) ) ;
#4358 = DIRECTION ( 'NONE',  ( -0.0000000000000000000, -1.000000000000000000, -0.0000000000000000000 ) ) ;
#4359 = EDGE_CURVE ( 'NONE', #3460, #1148, #254, .T. ) ;
#4360 = ORIENTED_EDGE ( 'NONE', *, *, #36, .T. ) ;
#4361 = ADVANCED_FACE ( 'NONE', ( #532 ), #3272, .F. ) ;
#4362 = PLANE ( 'NONE',  #1964 ) ;
#4363 = ORIENTED_EDGE ( 'NONE', *, *, #2950, .T. ) ;
#4364 = ORIENTED_EDGE ( 'NONE', *, *, #2726, .F. ) ;
#4365 = DIRECTION ( 'NONE',  ( 0.0000000000000000000, 1.000000000000000000, 0.0000000000000000000 ) ) ;
#4366 = EDGE_CURVE ( 'NONE', #3334, #1264, #603, .T. ) ;
#4367 = COLOUR_RGB ( '',0.7921568627450980000, 0.8196078431372548800, 0.9333333333333333500 ) ;
#4368 = ORIENTED_EDGE ( 'NONE', *, *, #3343, .F. ) ;
#4369 =( NAMED_UNIT ( * ) PLANE_ANGLE_UNIT ( ) SI_UNIT ( $, .RADIAN. ) );
#4370 = ORIENTED_EDGE ( 'NONE', *, *, #4588, .T. ) ;
#4371 = SURFACE_SIDE_STYLE ('',( #1731 ) ) ;
#4372 = DIRECTION ( 'NONE',  ( 0.0000000000000000000, -1.000000000000000000, 0.0000000000000000000 ) ) ;
#4373 = ORIENTED_EDGE ( 'NONE', *, *, #280, .F. ) ;
#4374 = AXIS2_PLACEMENT_3D ( 'NONE', #3337, #2619, #4411 ) ;
#4375 = VECTOR ( 'NONE', #2731, 1000.000000000000000 ) ;
#4376 = VERTEX_POINT ( 'NONE', #379 ) ;
#4377 = PLANE ( 'NONE',  #4154 ) ;
#4378 = FILL_AREA_STYLE ('',( #4020 ) ) ;
#4379 = CARTESIAN_POINT ( 'NONE',  ( 5.500000000000001800, 0.1123199999999999500, -0.2246399999999999000 ) ) ;
#4380 = AXIS2_PLACEMENT_3D ( 'NONE', #1946, #4477, #4513 ) ;
#4381 = VERTEX_POINT ( 'NONE', #747 ) ;
#4382 = AXIS2_PLACEMENT_3D ( 'NONE', #446, #2953, #91 ) ;
#4383 = VECTOR ( 'NONE', #3306, 1000.000000000000200 ) ;
#4384 =( NAMED_UNIT ( * ) PLANE_ANGLE_UNIT ( ) SI_UNIT ( $, .RADIAN. ) );
#4385 = ADVANCED_FACE ( 'NONE', ( #4015 ), #2098, .F. ) ;
#4386 = EDGE_LOOP ( 'NONE', ( #2576, #4205, #3180 ) ) ;
#4387 = LINE ( 'NONE', #186, #15 ) ;
#4388 = EDGE_CURVE ( 'NONE', #3130, #4562, #3252, .T. ) ;
#4389 =( GEOMETRIC_REPRESENTATION_CONTEXT ( 3 ) GLOBAL_UNCERTAINTY_ASSIGNED_CONTEXT ( ( #4080 ) ) GLOBAL_UNIT_ASSIGNED_CONTEXT ( ( #3356, #407, #98 ) ) REPRESENTATION_CONTEXT ( 'NONE', 'WORKASPACE' ) );
#4390 = ORIENTED_EDGE ( 'NONE', *, *, #96, .F. ) ;
#4391 = VECTOR ( 'NONE', #2714, 1000.000000000000100 ) ;
#4392 =( LENGTH_UNIT ( ) NAMED_UNIT ( * ) SI_UNIT ( .MILLI., .METRE. ) );
#4393 = CARTESIAN_POINT ( 'NONE',  ( 5.501654082231249600, 0.1345373754723340500, -0.1345373754723366000 ) ) ;
#4394 = EDGE_CURVE ( 'NONE', #1047, #3430, #1354, .T. ) ;
#4395 = VERTEX_POINT ( 'NONE', #3946 ) ;
#4396 = CARTESIAN_POINT ( 'NONE',  ( 2.500140458105373700, 2.692679999999999700, -4.728567563735139400 ) ) ;
#4397 = COLOUR_RGB ( '',0.7686274509803920900, 0.7686274509803920900, 0.7686274509803920900 ) ;
#4398 = DIRECTION ( 'NONE',  ( 0.0000000000000000000, -0.0000000000000000000, -1.000000000000000000 ) ) ;
#4399 = DIRECTION ( 'NONE',  ( -0.0000000000000000000, -0.0000000000000000000, 1.000000000000000000 ) ) ;
#4400 = VERTEX_POINT ( 'NONE', #3257 ) ;
#4401 = FACE_OUTER_BOUND ( 'NONE', #3546, .T. ) ;
#4402 = ADVANCED_FACE ( 'NONE', ( #848 ), #195, .T. ) ;
#4403 = SURFACE_STYLE_USAGE ( .BOTH. , #1876 ) ;
#4404 = B_SPLINE_CURVE_WITH_KNOTS ( 'NONE', 3,
 ( #2306, #1217, #1536, #184, #4069, #1601, #541, #1911, #1563, #3060 ),
 .UNSPECIFIED., .F., .F.,
 ( 4, 3, 3, 4 ),
 ( 0.0000000000000000000, 3.535348412143833700E-005, 7.052049924266509400E-005, 8.790586026857698900E-005 ),
 .UNSPECIFIED. ) ;
#4405 =( NAMED_UNIT ( * ) PLANE_ANGLE_UNIT ( ) SI_UNIT ( $, .RADIAN. ) );
#4406 = ORIENTED_EDGE ( 'NONE', *, *, #3301, .F. ) ;
#4407 = COLOUR_RGB ( '',0.7686274509803920900, 0.7686274509803920900, 0.7686274509803920900 ) ;
#4408 = ADVANCED_FACE ( 'NONE', ( #1249 ), #1686, .T. ) ;
#4409 = DIRECTION ( 'NONE',  ( -0.0000000000000000000, -1.000000000000000000, 0.0000000000000000000 ) ) ;
#4410 = VECTOR ( 'NONE', #4140, 1000.000000000000000 ) ;
#4411 = DIRECTION ( 'NONE',  ( -0.004650693823668811100, 0.0000000000000000000, 0.9999891854650021500 ) ) ;
#4412 = CARTESIAN_POINT ( 'NONE',  ( 2.500140458105373700, 2.687679999999999800, -1.755858281729635300 ) ) ;
#4413 = PRESENTATION_STYLE_ASSIGNMENT (( #3905 ) ) ;
#4414 =( GEOMETRIC_REPRESENTATION_CONTEXT ( 3 ) GLOBAL_UNCERTAINTY_ASSIGNED_CONTEXT ( ( #3243 ) ) GLOBAL_UNIT_ASSIGNED_CONTEXT ( ( #1049, #2841, #2860 ) ) REPRESENTATION_CONTEXT ( 'NONE', 'WORKASPACE' ) );
#4415 = CARTESIAN_POINT ( 'NONE',  ( 0.5990570754601962600, 0.1647401363566859400, -5.271174982254359000 ) ) ;
#4416 = CARTESIAN_POINT ( 'NONE',  ( 0.5998276882378413800, 0.1185391979312372500, -0.1877834917502299600 ) ) ;
#4417 = LINE ( 'NONE', #4541, #1414 ) ;
#4418 = PRESENTATION_STYLE_ASSIGNMENT (( #1879 ) ) ;
#4419 = ADVANCED_FACE ( 'NONE', ( #2885 ), #3962, .F. ) ;
#4420 = PRESENTATION_STYLE_ASSIGNMENT (( #988 ) ) ;
#4421 = DIRECTION ( 'NONE',  ( -0.05375259206908062500, 0.0000000000000000000, 0.9985542843760949500 ) ) ;
#4422 = EDGE_CURVE ( 'NONE', #2328, #4316, #2249, .T. ) ;
#4423 = PRESENTATION_LAYER_ASSIGNMENT (  '', '', ( #2418 ) ) ;
#4424 = PRESENTATION_STYLE_ASSIGNMENT (( #2014 ) ) ;
#4425 = CARTESIAN_POINT ( 'NONE',  ( 0.5999999999999998700, 2.575359999999999000, -5.287679999999999900 ) ) ;
#4426 = ORIENTED_EDGE ( 'NONE', *, *, #1362, .T. ) ;
#4427 = CARTESIAN_POINT ( 'NONE',  ( 0.1123199999999999500, 0.0000000000000000000, -5.287679999999999900 ) ) ;
#4428 = VECTOR ( 'NONE', #4399, 1000.000000000000000 ) ;
#4429 = EDGE_CURVE ( 'NONE', #3165, #227, #692, .T. ) ;
#4430 = ORIENTED_EDGE ( 'NONE', *, *, #4030, .T. ) ;
#4431 = VERTEX_POINT ( 'NONE', #4412 ) ;
#4432 =( NAMED_UNIT ( * ) PLANE_ANGLE_UNIT ( ) SI_UNIT ( $, .RADIAN. ) );
#4433 = DIRECTION ( 'NONE',  ( 0.0000000000000000000, 1.000000000000000000, 0.0000000000000000000 ) ) ;
#4434 =( NAMED_UNIT ( * ) SI_UNIT ( $, .STERADIAN. ) SOLID_ANGLE_UNIT ( ) );
#4435 = SURFACE_STYLE_FILL_AREA ( #567 ) ;
#4436 = DIRECTION ( 'NONE',  ( 0.0000000000000000000, 1.000000000000000000, 0.0000000000000000000 ) ) ;
#4437 = VERTEX_POINT ( 'NONE', #3299 ) ;
#4438 = CARTESIAN_POINT ( 'NONE',  ( 6.100000000000000500, 2.799999999999999800, 0.0000000000000000000 ) ) ;
#4439 = MECHANICAL_DESIGN_GEOMETRIC_PRESENTATION_REPRESENTATION (  '', ( #2615 ), #2013 ) ;
#4440 = UNCERTAINTY_MEASURE_WITH_UNIT (LENGTH_MEASURE( 1.000000000000000100E-005 ), #394, 'distance_accuracy_value', 'NONE');
#4441 = PLANE ( 'NONE',  #3616 ) ;
#4442 = VECTOR ( 'NONE', #1472, 1000.000000000000000 ) ;
#4443 = EDGE_LOOP ( 'NONE', ( #4084, #384, #3576 ) ) ;
#4444 = DIRECTION ( 'NONE',  ( -1.000000000000000000, 0.0000000000000000000, 0.0000000000000000000 ) ) ;
#4445 = DIRECTION ( 'NONE',  ( 0.0000000000000000000, 0.0000000000000000000, 1.000000000000000000 ) ) ;
#4446 = ORIENTED_EDGE ( 'NONE', *, *, #4337, .F. ) ;
#4447 = PRESENTATION_LAYER_ASSIGNMENT (  '', '', ( #4202 ) ) ;
#4448 = DIRECTION ( 'NONE',  ( -0.9610992334305258300, 0.0000000000000000000, -0.2762033010288898500 ) ) ;
#4449 = COLOUR_RGB ( '',0.7686274509803920900, 0.7686274509803920900, 0.7686274509803920900 ) ;
#4450 = DIRECTION ( 'NONE',  ( -0.0000000000000000000, -1.000000000000000000, 0.0000000000000000000 ) ) ;
#4451 = DIRECTION ( 'NONE',  ( 1.000000000000000000, -0.0000000000000000000, -0.0000000000000000000 ) ) ;
#4452 = ORIENTED_EDGE ( 'NONE', *, *, #885, .T. ) ;
#4453 = STYLED_ITEM ( 'NONE', ( #3192 ), #2900 ) ;
#4454 = ORIENTED_EDGE ( 'NONE', *, *, #4595, .T. ) ;
#4455 = DIRECTION ( 'NONE',  ( -0.9612934544747570000, 0.0000000000000000000, -0.2755265765475047900 ) ) ;
#4456 = FACE_OUTER_BOUND ( 'NONE', #606, .T. ) ;
#4457 =( LENGTH_UNIT ( ) NAMED_UNIT ( * ) SI_UNIT ( .MILLI., .METRE. ) );
#4458 = EDGE_CURVE ( 'NONE', #2557, #10, #3633, .T. ) ;
#4459 = VERTEX_POINT ( 'NONE', #3223 ) ;
#4460 = ADVANCED_FACE ( 'NONE', ( #362 ), #2034, .T. ) ;
#4461 = DIRECTION ( 'NONE',  ( -1.000000000000000000, -0.0000000000000000000, 0.0000000000000000000 ) ) ;
#4462 = DIRECTION ( 'NONE',  ( 0.0000000000000000000, 1.000000000000000000, 0.0000000000000000000 ) ) ;
#4463 = VECTOR ( 'NONE', #2079, 1000.000000000000200 ) ;
#4464 = EDGE_CURVE ( 'NONE', #1383, #1377, #746, .T. ) ;
#4465 = CARTESIAN_POINT ( 'NONE',  ( 2.583844240417757300, 2.692679999999999700, -3.132491859809354300 ) ) ;
#4466 = ORIENTED_EDGE ( 'NONE', *, *, #2456, .F. ) ;
#4467 = VECTOR ( 'NONE', #2981, 1000.000000000000000 ) ;
#4468 = DIRECTION ( 'NONE',  ( -1.544447539153147100E-014, 1.000000000000000000, 0.0000000000000000000 ) ) ;
#4469 = CARTESIAN_POINT ( 'NONE',  ( 5.612320000000001300, 2.687679999999999800, -0.1123199999999999900 ) ) ;
#4470 = DIRECTION ( 'NONE',  ( -0.0000000000000000000, -0.0000000000000000000, 1.000000000000000000 ) ) ;
#4471 = LINE ( 'NONE', #3731, #2888 ) ;
#4472 =( NAMED_UNIT ( * ) SI_UNIT ( $, .STERADIAN. ) SOLID_ANGLE_UNIT ( ) );
#4473 = PRESENTATION_STYLE_ASSIGNMENT (( #1028 ) ) ;
#4474 = AXIS2_PLACEMENT_3D ( 'NONE', #3038, #3806, #4486 ) ;
#4475 = COLOUR_RGB ( '',0.7686274509803920900, 0.7686274509803920900, 0.7686274509803920900 ) ;
#4476 = LINE ( 'NONE', #4509, #1572 ) ;
#4477 = DIRECTION ( 'NONE',  ( 0.0000000000000000000, 0.0000000000000000000, -1.000000000000000000 ) ) ;
#4478 = DIRECTION ( 'NONE',  ( -1.000000000000000000, -0.0000000000000000000, -0.0000000000000000000 ) ) ;
#4479 = FACE_OUTER_BOUND ( 'NONE', #575, .T. ) ;
#4480 = STYLED_ITEM ( 'NONE', ( #49 ), #1923 ) ;
#4481 = ORIENTED_EDGE ( 'NONE', *, *, #3974, .F. ) ;
#4482 = DIRECTION ( 'NONE',  ( -0.0000000000000000000, 0.0000000000000000000, 1.000000000000000000 ) ) ;
#4483 = DIRECTION ( 'NONE',  ( 0.0000000000000000000, 0.0000000000000000000, 1.000000000000000000 ) ) ;
#4484 = FACE_OUTER_BOUND ( 'NONE', #3328, .T. ) ;
#4485 = CARTESIAN_POINT ( 'NONE',  ( 3.142938774847502600, 2.687679999999999800, -3.494785832608279500 ) ) ;
#4486 = DIRECTION ( 'NONE',  ( 0.0000000000000000000, 0.0000000000000000000, 1.000000000000000000 ) ) ;
#4487 = ORIENTED_EDGE ( 'NONE', *, *, #2792, .T. ) ;
#4488 = CARTESIAN_POINT ( 'NONE',  ( 5.987680000000000100, 2.799999999999999800, -0.1123199999999999900 ) ) ;
#4489 = EDGE_CURVE ( 'NONE', #4562, #1582, #3694, .T. ) ;
#4490 = ORIENTED_EDGE ( 'NONE', *, *, #3948, .T. ) ;
#4491 = MECHANICAL_DESIGN_GEOMETRIC_PRESENTATION_REPRESENTATION (  '', ( #736 ), #2150 ) ;
#4492 = PRESENTATION_STYLE_ASSIGNMENT (( #351 ) ) ;
#4493 = DIRECTION ( 'NONE',  ( -0.9615323037684311300, 0.0000000000000000000, -0.2746918797667187200 ) ) ;
#4494 = ORIENTED_EDGE ( 'NONE', *, *, #4190, .F. ) ;
#4495 = ORIENTED_EDGE ( 'NONE', *, *, #2662, .F. ) ;
#4496 = EDGE_CURVE ( 'NONE', #4348, #227, #1862, .T. ) ;
#4497 = COLOUR_RGB ( '',0.7686274509803920900, 0.7686274509803920900, 0.7686274509803920900 ) ;
#4498 = ORIENTED_EDGE ( 'NONE', *, *, #1144, .T. ) ;
#4499 = CARTESIAN_POINT ( 'NONE',  ( 2.500140458105373700, 2.692679999999999700, -4.728567563735139400 ) ) ;
#4500 = CARTESIAN_POINT ( 'NONE',  ( 0.5999999999999999800, 0.1123199999999999900, -5.181221478228865300 ) ) ;
#4501 = B_SPLINE_CURVE_WITH_KNOTS ( 'NONE', 3,
 ( #1528, #443, #1905, #4416, #486, #3373, #1193, #102, #2270, #2597 ),
 .UNSPECIFIED., .F., .F.,
 ( 4, 3, 3, 4 ),
 ( 1.648736087515688500E-018, 3.737793887600292100E-005, 7.483306597327542000E-005, 8.800504568265978500E-005 ),
 .UNSPECIFIED. ) ;
#4502 = FILL_AREA_STYLE_COLOUR ( '', #2730 ) ;
#4503 = SURFACE_STYLE_USAGE ( .BOTH. , #1593 ) ;
#4504 = ORIENTED_EDGE ( 'NONE', *, *, #2610, .T. ) ;
#4505 = CARTESIAN_POINT ( 'NONE',  ( 0.1123200000000000000, 2.687679999999999800, -5.287679999999999900 ) ) ;
#4506 = CARTESIAN_POINT ( 'NONE',  ( 2.945662692117169400, 2.692679999999999700, -1.852891137658633200 ) ) ;
#4507 = COLOUR_RGB ( '',0.7686274509803920900, 0.7686274509803920900, 0.7686274509803920900 ) ;
#4508 = ORIENTED_EDGE ( 'NONE', *, *, #3454, .F. ) ;
#4509 = CARTESIAN_POINT ( 'NONE',  ( 6.100000000000000500, 2.799999999999999800, -5.287679999999999900 ) ) ;
#4510 = CARTESIAN_POINT ( 'NONE',  ( 5.612320000000041300, 0.1123200000000000000, -5.287679999999999900 ) ) ;
#4511 = LINE ( 'NONE', #2539, #3106 ) ;
#4512 = VERTEX_POINT ( 'NONE', #773 ) ;
#4513 = DIRECTION ( 'NONE',  ( -1.000000000000000000, 0.0000000000000000000, 0.0000000000000000000 ) ) ;
#4514 = PLANE ( 'NONE',  #3985 ) ;
#4515 = SURFACE_STYLE_USAGE ( .BOTH. , #129 ) ;
#4516 = CARTESIAN_POINT ( 'NONE',  ( 5.500000000000000000, 2.687679999999999800, -5.287679999999999900 ) ) ;
#4517 =( LENGTH_UNIT ( ) NAMED_UNIT ( * ) SI_UNIT ( .MILLI., .METRE. ) );
#4518 = EDGE_CURVE ( 'NONE', #1996, #3668, #1747, .T. ) ;
#4519 =( NAMED_UNIT ( * ) SI_UNIT ( $, .STERADIAN. ) SOLID_ANGLE_UNIT ( ) );
#4520 = AXIS2_PLACEMENT_3D ( 'NONE', #2791, #3510, #242 ) ;
#4521 = AXIS2_PLACEMENT_3D ( 'NONE', #4465, #2283, #4132 ) ;
#4522 = DIRECTION ( 'NONE',  ( -1.000000000000000000, 0.0000000000000000000, 0.0000000000000000000 ) ) ;
#4523 = CARTESIAN_POINT ( 'NONE',  ( 0.5999999999999999800, 0.2246399999999999500, -5.175360000000000400 ) ) ;
#4524 = DIRECTION ( 'NONE',  ( 0.0000000000000000000, 0.0000000000000000000, -1.000000000000000000 ) ) ;
#4525 = ORIENTED_EDGE ( 'NONE', *, *, #4561, .F. ) ;
#4526 = LINE ( 'NONE', #2133, #3850 ) ;
#4527 = CARTESIAN_POINT ( 'NONE',  ( 2.500140458105373700, 2.692679999999999700, -1.630775682670778900 ) ) ;
#4528 = EDGE_CURVE ( 'NONE', #3548, #2640, #3054, .T. ) ;
#4529 = DIRECTION ( 'NONE',  ( 1.000000000000000000, 0.0000000000000000000, 0.0000000000000000000 ) ) ;
#4530 = ORIENTED_EDGE ( 'NONE', *, *, #72, .T. ) ;
#4531 = COLOUR_RGB ( '',0.6470588235294118000, 0.5176470588235293500, 0.0000000000000000000 ) ;
#4532 =( LENGTH_UNIT ( ) NAMED_UNIT ( * ) SI_UNIT ( .MILLI., .METRE. ) );
#4533 = COLOUR_RGB ( '',0.7686274509803920900, 0.7686274509803920900, 0.7686274509803920900 ) ;
#4534 = SURFACE_SIDE_STYLE ('',( #995 ) ) ;
#4535 = FILL_AREA_STYLE_COLOUR ( '', #4605 ) ;
#4536 = AXIS2_PLACEMENT_3D ( 'NONE', #3998, #1832, #2189 ) ;
#4537 = VECTOR ( 'NONE', #1164, 1000.000000000000000 ) ;
#4538 =( NAMED_UNIT ( * ) SI_UNIT ( $, .STERADIAN. ) SOLID_ANGLE_UNIT ( ) );
#4539 = FACE_OUTER_BOUND ( 'NONE', #2357, .T. ) ;
#4540 = CIRCLE ( 'NONE', #501, 0.1123199999999999500 ) ;
#4541 = CARTESIAN_POINT ( 'NONE',  ( 5.500000000000000000, 2.687679999999999800, -0.2246399999999990300 ) ) ;
#4542 = DIRECTION ( 'NONE',  ( -0.002813301676014987300, 0.0000000000000000000, 0.9999960426590095400 ) ) ;
#4543 = VECTOR ( 'NONE', #4041, 1000.000000000000000 ) ;
#4544 = DIRECTION ( 'NONE',  ( -7.239597839780348700E-015, 1.000000000000000000, 0.0000000000000000000 ) ) ;
#4545 =( GEOMETRIC_REPRESENTATION_CONTEXT ( 3 ) GLOBAL_UNCERTAINTY_ASSIGNED_CONTEXT ( ( #976 ) ) GLOBAL_UNIT_ASSIGNED_CONTEXT ( ( #4392, #4045, #1223 ) ) REPRESENTATION_CONTEXT ( 'NONE', 'WORKASPACE' ) );
#4546 = SURFACE_STYLE_FILL_AREA ( #1815 ) ;
#4547 = CARTESIAN_POINT ( 'NONE',  ( 2.651274097639754900, 2.687679999999999800, -3.635940770522039200 ) ) ;
#4548 = VECTOR ( 'NONE', #1954, 1000.000000000000000 ) ;
#4549 = ADVANCED_FACE ( 'NONE', ( #142 ), #4377, .F. ) ;
#4550 = ORIENTED_EDGE ( 'NONE', *, *, #1696, .T. ) ;
#4551 = PLANE ( 'NONE',  #116 ) ;
#4552 = CARTESIAN_POINT ( 'NONE',  ( 0.4876799999999998900, 0.0000000000000000000, 0.0000000000000000000 ) ) ;
#4553 = CARTESIAN_POINT ( 'NONE',  ( 0.5999999999999999800, 0.1123199999999999500, -5.175360000000000400 ) ) ;
#4554 = STYLED_ITEM ( 'NONE', ( #2131 ), #3302 ) ;
#4555 = STYLED_ITEM ( 'NONE', ( #4473 ), #2845 ) ;
#4556 = FACE_OUTER_BOUND ( 'NONE', #3384, .T. ) ;
#4557 = VERTEX_POINT ( 'NONE', #3325 ) ;
#4558 = ORIENTED_EDGE ( 'NONE', *, *, #2950, .F. ) ;
#4559 = CARTESIAN_POINT ( 'NONE',  ( 0.5999999999999998700, 0.2246399999999999000, -0.1123199999999982300 ) ) ;
#4560 =( LENGTH_UNIT ( ) NAMED_UNIT ( * ) SI_UNIT ( .MILLI., .METRE. ) );
#4561 = EDGE_CURVE ( 'NONE', #4236, #1264, #1360, .T. ) ;
#4562 = VERTEX_POINT ( 'NONE', #2210 ) ;
#4563 = UNCERTAINTY_MEASURE_WITH_UNIT (LENGTH_MEASURE( 1.000000000000000100E-005 ), #3826, 'distance_accuracy_value', 'NONE');
#4564 = CARTESIAN_POINT ( 'NONE',  ( 2.651274097639754900, 2.692679999999999700, -3.635940770522039200 ) ) ;
#4565 = SURFACE_STYLE_FILL_AREA ( #3652 ) ;
#4566 = VERTEX_POINT ( 'NONE', #2574 ) ;
#4567 =( GEOMETRIC_REPRESENTATION_CONTEXT ( 3 ) GLOBAL_UNCERTAINTY_ASSIGNED_CONTEXT ( ( #1337 ) ) GLOBAL_UNIT_ASSIGNED_CONTEXT ( ( #826, #4047, #1176 ) ) REPRESENTATION_CONTEXT ( 'NONE', 'WORKASPACE' ) );
#4568 = UNCERTAINTY_MEASURE_WITH_UNIT (LENGTH_MEASURE( 1.000000000000000100E-005 ), #2480, 'distance_accuracy_value', 'NONE');
#4569 = DIRECTION ( 'NONE',  ( -0.0000000000000000000, 0.0000000000000000000, 1.000000000000000000 ) ) ;
#4570 = DIRECTION ( 'NONE',  ( 0.0000000000000000000, 0.0000000000000000000, 1.000000000000000000 ) ) ;
#4571 = SURFACE_STYLE_FILL_AREA ( #3156 ) ;
#4572 = CARTESIAN_POINT ( 'NONE',  ( 2.945662692118831100, 2.692679999999999700, -3.551104910063110200 ) ) ;
#4573 = ORIENTED_EDGE ( 'NONE', *, *, #3270, .T. ) ;
#4574 = ADVANCED_FACE ( 'NONE', ( #2244 ), #188, .F. ) ;
#4575 = ORIENTED_EDGE ( 'NONE', *, *, #1788, .T. ) ;
#4576 =( LENGTH_UNIT ( ) NAMED_UNIT ( * ) SI_UNIT ( .MILLI., .METRE. ) );
#4577 = CARTESIAN_POINT ( 'NONE',  ( 3.142967740597627700, 2.692679999999999700, -2.236745285315902900 ) ) ;
#4578 = FILL_AREA_STYLE ('',( #922 ) ) ;
#4579 = AXIS2_PLACEMENT_3D ( 'NONE', #4663, #1088, #2492 ) ;
#4580 = ORIENTED_EDGE ( 'NONE', *, *, #3119, .T. ) ;
#4581 =( LENGTH_UNIT ( ) NAMED_UNIT ( * ) SI_UNIT ( .MILLI., .METRE. ) );
#4582 = ORIENTED_EDGE ( 'NONE', *, *, #1162, .T. ) ;
#4583 = CARTESIAN_POINT ( 'NONE',  ( 0.5975689629372263900, 2.662926268094176300, -0.1533618007684295100 ) ) ;
#4584 = FACE_OUTER_BOUND ( 'NONE', #688, .T. ) ;
#4585 = CARTESIAN_POINT ( 'NONE',  ( 0.5960158448510976000, 2.657856139314829200, -5.251708328011440100 ) ) ;
#4586 = VECTOR ( 'NONE', #4159, 1000.000000000000100 ) ;
#4587 = ORIENTED_EDGE ( 'NONE', *, *, #514, .F. ) ;
#4588 = EDGE_CURVE ( 'NONE', #3394, #2975, #2138, .T. ) ;
#4589 = AXIS2_PLACEMENT_3D ( 'NONE', #2066, #2438, #271 ) ;
#4590 = VECTOR ( 'NONE', #1056, 1000.000000000000000 ) ;
#4591 = CARTESIAN_POINT ( 'NONE',  ( 0.5950742240999387100, 2.654782233662873900, -0.1452177663371269100 ) ) ;
#4592 = ORIENTED_EDGE ( 'NONE', *, *, #624, .F. ) ;
#4593 = DIRECTION ( 'NONE',  ( 0.0000000000000000000, 0.0000000000000000000, 1.000000000000000000 ) ) ;
#4594 = VECTOR ( 'NONE', #2312, 1000.000000000000100 ) ;
#4595 = EDGE_CURVE ( 'NONE', #2919, #3460, #414, .T. ) ;
#4596 = DIRECTION ( 'NONE',  ( -0.0000000000000000000, -0.0000000000000000000, 1.000000000000000000 ) ) ;
#4597 = VECTOR ( 'NONE', #3521, 1000.000000000000200 ) ;
#4598 = DIRECTION ( 'NONE',  ( -0.0000000000000000000, 1.000000000000000000, -0.0000000000000000000 ) ) ;
#4599 = CARTESIAN_POINT ( 'NONE',  ( 3.142967740597627700, 2.687679999999999800, -1.796673440335074400 ) ) ;
#4600 = CARTESIAN_POINT ( 'NONE',  ( 0.5999999999999998700, 0.1123200000000000000, 0.0000000000000000000 ) ) ;
#4601 = SURFACE_STYLE_USAGE ( .BOTH. , #162 ) ;
#4602 = CIRCLE ( 'NONE', #3588, 0.1123200000000000000 ) ;
#4603 =( NAMED_UNIT ( * ) SI_UNIT ( $, .STERADIAN. ) SOLID_ANGLE_UNIT ( ) );
#4604 = CARTESIAN_POINT ( 'NONE',  ( 0.5967686591984302500, 2.648418451054840100, -0.1392136124212910200 ) ) ;
#4605 = COLOUR_RGB ( '',0.7686274509803920900, 0.7686274509803920900, 0.7686274509803920900 ) ;
#4606 = CARTESIAN_POINT ( 'NONE',  ( 5.987680000000000100, 2.687679999999999800, 0.0000000000000000000 ) ) ;
#4607 = DIRECTION ( 'NONE',  ( -0.2793947940878394000, 0.0000000000000000000, 0.9601763114327566100 ) ) ;
#4608 = VERTEX_POINT ( 'NONE', #3066 ) ;
#4609 = ORIENTED_EDGE ( 'NONE', *, *, #2697, .F. ) ;
#4610 = PLANE ( 'NONE',  #2970 ) ;
#4611 = VERTEX_POINT ( 'NONE', #4094 ) ;
#4612 =( LENGTH_UNIT ( ) NAMED_UNIT ( * ) SI_UNIT ( .MILLI., .METRE. ) );
#4613 = EDGE_CURVE ( 'NONE', #1711, #4162, #3799, .T. ) ;
#4614 = VERTEX_POINT ( 'NONE', #1918 ) ;
#4615 = CARTESIAN_POINT ( 'NONE',  ( 0.5999999999999999800, 2.687679999999999800, -5.187819312958660100 ) ) ;
#4616 = AXIS2_PLACEMENT_3D ( 'NONE', #1417, #2894, #1849 ) ;
#4617 =( GEOMETRIC_REPRESENTATION_CONTEXT ( 3 ) GLOBAL_UNCERTAINTY_ASSIGNED_CONTEXT ( ( #433 ) ) GLOBAL_UNIT_ASSIGNED_CONTEXT ( ( #3885, #4671, #3580 ) ) REPRESENTATION_CONTEXT ( 'NONE', 'WORKASPACE' ) );
#4618 = ORIENTED_EDGE ( 'NONE', *, *, #448, .F. ) ;
#4619 = CARTESIAN_POINT ( 'NONE',  ( 3.142967740597627700, 2.692679999999999700, -2.236745285315902900 ) ) ;
#4620 = EDGE_LOOP ( 'NONE', ( #3462, #4368, #2450, #1142 ) ) ;
#4621 = CARTESIAN_POINT ( 'NONE',  ( 5.500030899689774900, 2.684470524900060400, -5.204490789906629700 ) ) ;
#4622 = DIRECTION ( 'NONE',  ( 0.0000000000000000000, 0.0000000000000000000, -1.000000000000000000 ) ) ;
#4623 = LINE ( 'NONE', #3614, #3386 ) ;
#4624 = ORIENTED_EDGE ( 'NONE', *, *, #299, .F. ) ;
#4625 = EDGE_CURVE ( 'NONE', #380, #1741, #1182, .T. ) ;
#4626 = CARTESIAN_POINT ( 'NONE',  ( 5.503231340801572300, 2.648418451054840100, -5.260786387578708200 ) ) ;
#4627 = PRESENTATION_STYLE_ASSIGNMENT (( #289 ) ) ;
#4628 = DIRECTION ( 'NONE',  ( 0.0000000000000000000, 0.0000000000000000000, 1.000000000000000000 ) ) ;
#4629 = CARTESIAN_POINT ( 'NONE',  ( 2.500140458105373700, 2.692679999999999700, -1.755858281729635300 ) ) ;
#4630 = ORIENTED_EDGE ( 'NONE', *, *, #4025, .T. ) ;
#4631 =( NAMED_UNIT ( * ) PLANE_ANGLE_UNIT ( ) SI_UNIT ( $, .RADIAN. ) );
#4632 = SURFACE_STYLE_USAGE ( .BOTH. , #638 ) ;
#4633 = DIRECTION ( 'NONE',  ( 1.000000000000000000, 0.0000000000000000000, 0.0000000000000000000 ) ) ;
#4634 = ORIENTED_EDGE ( 'NONE', *, *, #2473, .F. ) ;
#4635 =( GEOMETRIC_REPRESENTATION_CONTEXT ( 3 ) GLOBAL_UNCERTAINTY_ASSIGNED_CONTEXT ( ( #2664 ) ) GLOBAL_UNIT_ASSIGNED_CONTEXT ( ( #3100, #899, #1269 ) ) REPRESENTATION_CONTEXT ( 'NONE', 'WORKASPACE' ) );
#4636 = LINE ( 'NONE', #4552, #2754 ) ;
#4637 = CARTESIAN_POINT ( 'NONE',  ( 5.499997222547607500, 2.687218356280759700, -5.187100840322659500 ) ) ;
#4638 = VERTEX_POINT ( 'NONE', #1238 ) ;
#4639 = FACE_OUTER_BOUND ( 'NONE', #1530, .T. ) ;
#4640 = EDGE_CURVE ( 'NONE', #2784, #2264, #2998, .T. ) ;
#4641 = ADVANCED_FACE ( 'NONE', ( #1742 ), #1351, .T. ) ;
#4642 = PRESENTATION_LAYER_ASSIGNMENT (  '', '', ( #3527 ) ) ;
#4643 = PRESENTATION_LAYER_ASSIGNMENT (  '', '', ( #872 ) ) ;
#4644 = CARTESIAN_POINT ( 'NONE',  ( 3.294000000000014700, 2.692679999999999700, -3.130290462645080900 ) ) ;
#4645 = ORIENTED_EDGE ( 'NONE', *, *, #3778, .T. ) ;
#4646 = FILL_AREA_STYLE_COLOUR ( '', #180 ) ;
#4647 = CARTESIAN_POINT ( 'NONE',  ( 3.294000000000014700, 2.692679999999999700, -4.056900046700764800 ) ) ;
#4648 =( NAMED_UNIT ( * ) PLANE_ANGLE_UNIT ( ) SI_UNIT ( $, .RADIAN. ) );
#4649 = EDGE_CURVE ( 'NONE', #3732, #380, #582, .T. ) ;
#4650 = AXIS2_PLACEMENT_3D ( 'NONE', #1553, #4478, #513 ) ;
#4651 = FACE_OUTER_BOUND ( 'NONE', #4036, .T. ) ;
#4652 = CARTESIAN_POINT ( 'NONE',  ( 5.612320000000041300, 0.1123200000000000000, -0.1123199999999999900 ) ) ;
#4653 = DIRECTION ( 'NONE',  ( 0.0000000000000000000, 0.0000000000000000000, -1.000000000000000000 ) ) ;
#4654 = UNCERTAINTY_MEASURE_WITH_UNIT (LENGTH_MEASURE( 1.000000000000000100E-005 ), #1921, 'distance_accuracy_value', 'NONE');
#4655 = CIRCLE ( 'NONE', #4536, 0.1123199999999999500 ) ;
#4656 = DIRECTION ( 'NONE',  ( 0.0000000000000000000, 0.0000000000000000000, 1.000000000000000000 ) ) ;
#4657 = EDGE_CURVE ( 'NONE', #1264, #1383, #1037, .T. ) ;
#4658 = CARTESIAN_POINT ( 'NONE',  ( 3.142967740597627700, 2.692679999999999700, -1.796673440335074400 ) ) ;
#4659 = FACE_OUTER_BOUND ( 'NONE', #245, .T. ) ;
#4660 = ADVANCED_FACE ( 'NONE', ( #2939 ), #192, .T. ) ;
#4661 = VECTOR ( 'NONE', #1328, 1000.000000000000000 ) ;
#4662 = DIRECTION ( 'NONE',  ( 0.0000000000000000000, 0.0000000000000000000, 1.000000000000000000 ) ) ;
#4663 = CARTESIAN_POINT ( 'NONE',  ( 2.798931846913856900, 2.692679999999999700, -3.592974904814171900 ) ) ;
#4664 = DIRECTION ( 'NONE',  ( 0.0000000000000000000, -1.000000000000000000, 0.0000000000000000000 ) ) ;
#4665 = CIRCLE ( 'NONE', #1324, 0.1123200000000000200 ) ;
#4666 = MECHANICAL_DESIGN_GEOMETRIC_PRESENTATION_REPRESENTATION (  '', ( #1406 ), #342 ) ;
#4667 = CARTESIAN_POINT ( 'NONE',  ( 2.653437232311451700, 2.692679999999999700, -4.684512721529441300 ) ) ;
#4668 = EDGE_LOOP ( 'NONE', ( #3443, #4487, #325, #1943 ) ) ;
#4669 = ADVANCED_FACE ( 'NONE', ( #1005 ), #201, .F. ) ;
#4670 = CARTESIAN_POINT ( 'NONE',  ( 3.142967740597627700, 2.692679999999999700, -1.796673440335074400 ) ) ;
#4671 =( NAMED_UNIT ( * ) PLANE_ANGLE_UNIT ( ) SI_UNIT ( $, .RADIAN. ) );
#4672 = DIRECTION ( 'NONE',  ( -1.000000000000000000, -1.544447539153147800E-014, 0.0000000000000000000 ) ) ;
#4673 = ORIENTED_EDGE ( 'NONE', *, *, #3385, .F. ) ;
#4674 = ORIENTED_EDGE ( 'NONE', *, *, #1877, .T. ) ;
#4675 =( NAMED_UNIT ( * ) SI_UNIT ( $, .STERADIAN. ) SOLID_ANGLE_UNIT ( ) );
#4676 = STYLED_ITEM ( 'NONE', ( #3651 ), #2162 ) ;
#4677 = ORIENTED_EDGE ( 'NONE', *, *, #2268, .T. ) ;
#4678 = SURFACE_STYLE_USAGE ( .BOTH. , #1413 ) ;
ENDSEC;
END-ISO-10303-21;
