ISO-10303-21;
HEADER;
FILE_DESCRIPTION (( 'STEP AP214' ),
    '1' );
FILE_NAME ('ccg15_outline.STEP',
    '2016-03-31T07:34:03',
    ( 'tluser' ),
    ( '' ),
    'SwSTEP 2.0',
    'SolidWorks 2013',
    '' );
FILE_SCHEMA (( 'AUTOMOTIVE_DESIGN' ));
ENDSEC;

DATA;
#1 = ORIENTED_EDGE ( 'NONE', *, *, #3054, .F. ) ;
#2 = STYLED_ITEM ( 'NONE', ( #4552 ), #1296 ) ;
#3 = FILL_AREA_STYLE_COLOUR ( '', #4447 ) ;
#4 = CYLINDRICAL_SURFACE ( 'NONE', #4500, 0.4999999999770361500 ) ;
#5 = ORIENTED_EDGE ( 'NONE', *, *, #1153, .T. ) ;
#6 = SURFACE_SIDE_STYLE ('',( #464 ) ) ;
#7 = DIRECTION ( 'NONE',  ( -1.000000000000000000, 0.0000000000000000000, -0.0000000000000000000 ) ) ;
#8 = FILL_AREA_STYLE_COLOUR ( '', #2184 ) ;
#9 =( NAMED_UNIT ( * ) PLANE_ANGLE_UNIT ( ) SI_UNIT ( $, .RADIAN. ) );
#10 = STYLED_ITEM ( 'NONE', ( #2241 ), #1612 ) ;
#11 = FILL_AREA_STYLE_COLOUR ( '', #3663 ) ;
#12 = STYLED_ITEM ( 'NONE', ( #3162 ), #1380 ) ;
#13 = FILL_AREA_STYLE_COLOUR ( '', #3418 ) ;
#14 = VERTEX_POINT ( 'NONE', #2901 ) ;
#15 = SURFACE_SIDE_STYLE ('',( #473 ) ) ;
#16 = ORIENTED_EDGE ( 'NONE', *, *, #539, .T. ) ;
#17 =( NAMED_UNIT ( * ) SI_UNIT ( $, .STERADIAN. ) SOLID_ANGLE_UNIT ( ) );
#18 = EDGE_LOOP ( 'NONE', ( #3619, #1243, #1877, #1666 ) ) ;
#19 = FILL_AREA_STYLE ('',( #970 ) ) ;
#20 = CARTESIAN_POINT ( 'NONE',  ( -12.49999999999999600, 9.485786437626906300, 11.49999999999999800 ) ) ;
#21 = AXIS2_PLACEMENT_3D ( 'NONE', #1743, #1268, #798 ) ;
#22 = FACE_OUTER_BOUND ( 'NONE', #2314, .T. ) ;
#23 = EDGE_LOOP ( 'NONE', ( #775, #3014, #3274, #1459 ) ) ;
#24 = SURFACE_STYLE_USAGE ( .BOTH. , #483 ) ;
#25 = CARTESIAN_POINT ( 'NONE',  ( 12.00000000000000700, 0.0000000000000000000, 7.500000000000003600 ) ) ;
#26 = CARTESIAN_POINT ( 'NONE',  ( -10.15999999999999800, 0.0000000000000000000, -10.15999999999999800 ) ) ;
#27 = UNCERTAINTY_MEASURE_WITH_UNIT (LENGTH_MEASURE( 1.000000000000000100E-005 ), #3288, 'distance_accuracy_value', 'NONE');
#28 = ORIENTED_EDGE ( 'NONE', *, *, #2737, .F. ) ;
#29 = CIRCLE ( 'NONE', #3737, 0.4999999999770361500 ) ;
#30 = CARTESIAN_POINT ( 'NONE',  ( -10.15999999999999800, -3.399999999999993200, 2.540000000000002300 ) ) ;
#31 =( NAMED_UNIT ( * ) SI_UNIT ( $, .STERADIAN. ) SOLID_ANGLE_UNIT ( ) );
#32 = AXIS2_PLACEMENT_3D ( 'NONE', #205, #4339, #3883 ) ;
#33 = DIRECTION ( 'NONE',  ( 2.141108110448990900E-018, 1.000000000000000000, 1.338232597062403400E-017 ) ) ;
#34 = STYLED_ITEM ( 'NONE', ( #2796 ), #4193 ) ;
#35 = ORIENTED_EDGE ( 'NONE', *, *, #3777, .F. ) ;
#36 = DIRECTION ( 'NONE',  ( 0.0000000000000000000, 1.000000000000000000, 0.0000000000000000000 ) ) ;
#37 =( NAMED_UNIT ( * ) SI_UNIT ( $, .STERADIAN. ) SOLID_ANGLE_UNIT ( ) );
#38 = ORIENTED_EDGE ( 'NONE', *, *, #3837, .T. ) ;
#39 = CIRCLE ( 'NONE', #3604, 1.000000000000000900 ) ;
#40 = FACE_BOUND ( 'NONE', #1777, .T. ) ;
#41 = DIRECTION ( 'NONE',  ( 0.2082884793088561900, 0.0000000000000000000, -0.9780674360120595900 ) ) ;
#42 = EDGE_CURVE ( 'NONE', #2155, #4101, #2419, .T. ) ;
#43 = VERTEX_POINT ( 'NONE', #531 ) ;
#44 = CARTESIAN_POINT ( 'NONE',  ( 12.08578643762690800, 9.900000000000003900, -11.49999999999999300 ) ) ;
#45 = ORIENTED_EDGE ( 'NONE', *, *, #3511, .F. ) ;
#46 = SURFACE_STYLE_USAGE ( .BOTH. , #506 ) ;
#47 =( NAMED_UNIT ( * ) SI_UNIT ( $, .STERADIAN. ) SOLID_ANGLE_UNIT ( ) );
#48 = PRESENTATION_STYLE_ASSIGNMENT (( #508 ) ) ;
#49 = VECTOR ( 'NONE', #4350, 1000.000000000000000 ) ;
#50 = SURFACE_SIDE_STYLE ('',( #509 ) ) ;
#51 = FILL_AREA_STYLE_COLOUR ( '', #3234 ) ;
#52 = PRESENTATION_STYLE_ASSIGNMENT (( #511 ) ) ;
#53 = MECHANICAL_DESIGN_GEOMETRIC_PRESENTATION_REPRESENTATION (  '', ( #2040 ), #567 ) ;
#54 = FACE_OUTER_BOUND ( 'NONE', #888, .T. ) ;
#55 = VERTEX_POINT ( 'NONE', #67 ) ;
#56 = LINE ( 'NONE', #4191, #893 ) ;
#57 = CARTESIAN_POINT ( 'NONE',  ( 0.0000000000000000000, 0.5999999999999998700, 0.0000000000000000000 ) ) ;
#58 = CIRCLE ( 'NONE', #2858, 0.9999999999999991100 ) ;
#59 = UNCERTAINTY_MEASURE_WITH_UNIT (LENGTH_MEASURE( 1.000000000000000100E-005 ), #3337, 'distance_accuracy_value', 'NONE');
#60 = EDGE_CURVE ( 'NONE', #3381, #354, #1024, .T. ) ;
#61 = CARTESIAN_POINT ( 'NONE',  ( -12.00000000000000700, 0.0000000000000000000, -7.499999999999992900 ) ) ;
#62 = LINE ( 'NONE', #4198, #2793 ) ;
#63 = CARTESIAN_POINT ( 'NONE',  ( -10.65372068457044100, -3.399999999999993200, -10.08100705330667400 ) ) ;
#64 = CIRCLE ( 'NONE', #218, 0.4000000000132787900 ) ;
#65 = ORIENTED_EDGE ( 'NONE', *, *, #3736, .F. ) ;
#66 = DIRECTION ( 'NONE',  ( -0.0000000000000000000, 1.000000000000000000, -0.0000000000000000000 ) ) ;
#67 = CARTESIAN_POINT ( 'NONE',  ( 12.69999999999999900, 0.5999999999999999800, 12.70000000000000300 ) ) ;
#68 = UNCERTAINTY_MEASURE_WITH_UNIT (LENGTH_MEASURE( 1.000000000000000100E-005 ), #1637, 'distance_accuracy_value', 'NONE');
#69 = SURFACE_STYLE_FILL_AREA ( #532 ) ;
#70 = FILL_AREA_STYLE ('',( #533 ) ) ;
#71 = ORIENTED_EDGE ( 'NONE', *, *, #3588, .T. ) ;
#72 =( LENGTH_UNIT ( ) NAMED_UNIT ( * ) SI_UNIT ( .MILLI., .METRE. ) );
#73 = SURFACE_STYLE_FILL_AREA ( #537 ) ;
#74 =( LENGTH_UNIT ( ) NAMED_UNIT ( * ) SI_UNIT ( .MILLI., .METRE. ) );
#75 = DIRECTION ( 'NONE',  ( -2.822835272196299300E-018, 1.000000000000000000, 1.325528548733347100E-017 ) ) ;
#76 = AXIS2_PLACEMENT_3D ( 'NONE', #1144, #182, #4318 ) ;
#77 = CARTESIAN_POINT ( 'NONE',  ( 11.50000000000000200, 10.50000000000000000, -11.50000000000000200 ) ) ;
#78 = ORIENTED_EDGE ( 'NONE', *, *, #3475, .F. ) ;
#79 = SURFACE_SIDE_STYLE ('',( #542 ) ) ;
#80 = FACE_OUTER_BOUND ( 'NONE', #4177, .T. ) ;
#81 = MECHANICAL_DESIGN_GEOMETRIC_PRESENTATION_REPRESENTATION (  '', ( #2071 ), #3729 ) ;
#82 = PRESENTATION_LAYER_ASSIGNMENT (  '', '', ( #4570 ) ) ;
#83 = AXIS2_PLACEMENT_3D ( 'NONE', #4496, #4018, #3544 ) ;
#84 = EDGE_LOOP ( 'NONE', ( #2707, #3330, #4565, #2527 ) ) ;
#85 = EDGE_CURVE ( 'NONE', #1890, #3369, #3838, .T. ) ;
#86 = AXIS2_PLACEMENT_3D ( 'NONE', #2711, #2229, #1779 ) ;
#87 = SURFACE_SIDE_STYLE ('',( #550 ) ) ;
#88 = SURFACE_STYLE_FILL_AREA ( #551 ) ;
#89 =( GEOMETRIC_REPRESENTATION_CONTEXT ( 3 ) GLOBAL_UNCERTAINTY_ASSIGNED_CONTEXT ( ( #4254 ) ) GLOBAL_UNIT_ASSIGNED_CONTEXT ( ( #3243, #1826, #404 ) ) REPRESENTATION_CONTEXT ( 'NONE', 'WORKASPACE' ) );
#90 = ORIENTED_EDGE ( 'NONE', *, *, #927, .F. ) ;
#91 = SURFACE_STYLE_FILL_AREA ( #555 ) ;
#92 = DIRECTION ( 'NONE',  ( 0.0000000000000000000, 1.000000000000000000, 0.0000000000000000000 ) ) ;
#93 = STYLED_ITEM ( 'NONE', ( #1986 ), #3986 ) ;
#94 = ADVANCED_FACE ( 'NONE', ( #2502 ), #2558, .T. ) ;
#95 = CARTESIAN_POINT ( 'NONE',  ( -12.00000000000000700, 0.0000000000000000000, 4.500000000000005300 ) ) ;
#96 = UNCERTAINTY_MEASURE_WITH_UNIT (LENGTH_MEASURE( 1.000000000000000100E-005 ), #790, 'distance_accuracy_value', 'NONE');
#97 = CARTESIAN_POINT ( 'NONE',  ( -11.50000000000000000, 8.900000000000002100, -12.50000000000000000 ) ) ;
#98 = PRESENTATION_STYLE_ASSIGNMENT (( #566 ) ) ;
#99 = DIRECTION ( 'NONE',  ( 0.0000000000000000000, 0.0000000000000000000, -1.000000000000000000 ) ) ;
#100 = EDGE_LOOP ( 'NONE', ( #2592, #4429, #3901, #3290 ) ) ;
#101 =( NAMED_UNIT ( * ) SI_UNIT ( $, .STERADIAN. ) SOLID_ANGLE_UNIT ( ) );
#102 = DIRECTION ( 'NONE',  ( 1.000000000000000000, -0.0000000000000000000, -0.0000000000000000000 ) ) ;
#103 = PRESENTATION_STYLE_ASSIGNMENT (( #573 ) ) ;
#104 = FACE_OUTER_BOUND ( 'NONE', #378, .T. ) ;
#105 = VECTOR ( 'NONE', #3965, 1000.000000000000000 ) ;
#106 = FACE_OUTER_BOUND ( 'NONE', #2760, .T. ) ;
#107 = ORIENTED_EDGE ( 'NONE', *, *, #3859, .F. ) ;
#108 = UNCERTAINTY_MEASURE_WITH_UNIT (LENGTH_MEASURE( 1.000000000000000100E-005 ), #996, 'distance_accuracy_value', 'NONE');
#109 =( NAMED_UNIT ( * ) SI_UNIT ( $, .STERADIAN. ) SOLID_ANGLE_UNIT ( ) );
#110 = PRESENTATION_LAYER_ASSIGNMENT (  '', '', ( #2 ) ) ;
#111 = EDGE_LOOP ( 'NONE', ( #2349, #2639, #914, #4243, #4362 ) ) ;
#112 = CARTESIAN_POINT ( 'NONE',  ( -10.09680564264324300, -3.499999999943150800, -2.145023452330531800 ) ) ;
#113 = DIRECTION ( 'NONE',  ( 0.0000000000000000000, 0.0000000000000000000, 1.000000000000000000 ) ) ;
#114 = DIRECTION ( 'NONE',  ( 1.387778780781445700E-016, -0.0000000000000000000, 1.000000000000000000 ) ) ;
#115 = FILL_AREA_STYLE ('',( #586 ) ) ;
#116 = DIRECTION ( 'NONE',  ( 0.0000000000000000000, -1.000000000000000000, -0.0000000000000000000 ) ) ;
#117 = STYLED_ITEM ( 'NONE', ( #1060 ), #4120 ) ;
#118 = EDGE_LOOP ( 'NONE', ( #4537, #2828, #2246, #1741, #1921 ) ) ;
#119 =( NAMED_UNIT ( * ) SI_UNIT ( $, .STERADIAN. ) SOLID_ANGLE_UNIT ( ) );
#120 = DIRECTION ( 'NONE',  ( -1.000000000000000000, 0.0000000000000000000, 0.0000000000000000000 ) ) ;
#121 = ORIENTED_EDGE ( 'NONE', *, *, #695, .T. ) ;
#122 = CIRCLE ( 'NONE', #3647, 0.6000000000000015300 ) ;
#123 = SURFACE_STYLE_FILL_AREA ( #596 ) ;
#124 = SURFACE_STYLE_USAGE ( .BOTH. , #597 ) ;
#125 = PRESENTATION_LAYER_ASSIGNMENT (  '', '', ( #10 ) ) ;
#126 = ORIENTED_EDGE ( 'NONE', *, *, #616, .T. ) ;
#127 = CARTESIAN_POINT ( 'NONE',  ( 11.99999999997703500, 0.0000000000000000000, -4.999999999977026400 ) ) ;
#128 = PRESENTATION_LAYER_ASSIGNMENT (  '', '', ( #12 ) ) ;
#129 = VERTEX_POINT ( 'NONE', #684 ) ;
#130 = CARTESIAN_POINT ( 'NONE',  ( 10.15999999999999800, 0.0000000000000000000, 1.734723475976807100E-015 ) ) ;
#131 = DIRECTION ( 'NONE',  ( -0.0000000000000000000, -0.0000000000000000000, 1.000000000000000000 ) ) ;
#132 = PRESENTATION_STYLE_ASSIGNMENT (( #604 ) ) ;
#133 = SURFACE_SIDE_STYLE ('',( #605 ) ) ;
#134 = DIRECTION ( 'NONE',  ( -2.822835272196299300E-018, 1.000000000000000000, 1.325528548733347100E-017 ) ) ;
#135 =( NAMED_UNIT ( * ) SI_UNIT ( $, .STERADIAN. ) SOLID_ANGLE_UNIT ( ) );
#136 = EDGE_LOOP ( 'NONE', ( #3791, #1117, #2231, #969 ) ) ;
#137 = AXIS2_PLACEMENT_3D ( 'NONE', #1159, #200, #4332 ) ;
#138 = COLOUR_RGB ( '',0.7921568627450980000, 0.8196078431372548800, 0.9333333333333333500 ) ;
#139 = CARTESIAN_POINT ( 'NONE',  ( 10.09680564264324300, -3.499999999943150800, 9.765023452330536800 ) ) ;
#140 = SURFACE_STYLE_USAGE ( .BOTH. , #614 ) ;
#141 =( LENGTH_UNIT ( ) NAMED_UNIT ( * ) SI_UNIT ( .MILLI., .METRE. ) );
#142 = ORIENTED_EDGE ( 'NONE', *, *, #2815, .T. ) ;
#143 = SURFACE_STYLE_USAGE ( .BOTH. , #618 ) ;
#144 = CIRCLE ( 'NONE', #1422, 0.6000000000000015300 ) ;
#145 = AXIS2_PLACEMENT_3D ( 'NONE', #1731, #1256, #782 ) ;
#146 = ORIENTED_EDGE ( 'NONE', *, *, #433, .F. ) ;
#147 = VECTOR ( 'NONE', #2536, 1000.000000000000000 ) ;
#148 = VERTEX_POINT ( 'NONE', #201 ) ;
#149 = DIRECTION ( 'NONE',  ( 0.0000000000000000000, 1.000000000000000000, 0.0000000000000000000 ) ) ;
#150 = CARTESIAN_POINT ( 'NONE',  ( 12.50000000000000500, 8.900000000000002100, -11.50000000000000200 ) ) ;
#151 = AXIS2_PLACEMENT_3D ( 'NONE', #777, #300, #4434 ) ;
#152 = VERTEX_POINT ( 'NONE', #4333 ) ;
#153 = PRESENTATION_STYLE_ASSIGNMENT (( #627 ) ) ;
#154 = SURFACE_STYLE_USAGE ( .BOTH. , #629 ) ;
#155 = DIRECTION ( 'NONE',  ( -0.1579858933866498900, 0.0000000000000000000, -0.9874413691408832100 ) ) ;
#156 = CARTESIAN_POINT ( 'NONE',  ( 0.0000000000000000000, 0.5999999999999998700, 0.0000000000000000000 ) ) ;
#157 = CARTESIAN_POINT ( 'NONE',  ( -12.08578643762690800, 9.900000000000002100, -12.08578643762690800 ) ) ;
#158 = DIRECTION ( 'NONE',  ( 0.9780674360120595900, 0.0000000000000000000, 0.2082884793088562700 ) ) ;
#159 = VECTOR ( 'NONE', #1046, 1000.000000000000000 ) ;
#160 = CIRCLE ( 'NONE', #190, 0.4999999999999998900 ) ;
#161 = ORIENTED_EDGE ( 'NONE', *, *, #2017, .T. ) ;
#162 = EDGE_LOOP ( 'NONE', ( #2225, #2481 ) ) ;
#163 = AXIS2_PLACEMENT_3D ( 'NONE', #3892, #3400, #2948 ) ;
#164 = CYLINDRICAL_SURFACE ( 'NONE', #1599, 0.4999999999770361500 ) ;
#165 = DIRECTION ( 'NONE',  ( 0.0000000000000000000, 1.000000000000000000, 0.0000000000000000000 ) ) ;
#166 = CIRCLE ( 'NONE', #4029, 0.9999999999999991100 ) ;
#167 = EDGE_CURVE ( 'NONE', #3369, #842, #3878, .T. ) ;
#168 = VERTEX_POINT ( 'NONE', #1981 ) ;
#169 = DIRECTION ( 'NONE',  ( -1.387778780781445700E-016, 0.0000000000000000000, -1.000000000000000000 ) ) ;
#170 = EDGE_LOOP ( 'NONE', ( #1944, #2477, #126, #3666, #2672 ) ) ;
#171 = CARTESIAN_POINT ( 'NONE',  ( -12.69999999999999900, 0.0000000000000000000, 4.500000000000005300 ) ) ;
#172 = EDGE_CURVE ( 'NONE', #1881, #1856, #1513, .T. ) ;
#173 = VERTEX_POINT ( 'NONE', #4031 ) ;
#174 = SURFACE_SIDE_STYLE ('',( #658 ) ) ;
#175 = DIRECTION ( 'NONE',  ( 2.141108110448990900E-018, 1.000000000000000000, 1.338232597062403400E-017 ) ) ;
#176 = CIRCLE ( 'NONE', #1013, 0.5000000000000000000 ) ;
#177 = DIRECTION ( 'NONE',  ( 0.0000000000000000000, 1.000000000000000000, 0.0000000000000000000 ) ) ;
#178 =( GEOMETRIC_REPRESENTATION_CONTEXT ( 3 ) GLOBAL_UNCERTAINTY_ASSIGNED_CONTEXT ( ( #2257 ) ) GLOBAL_UNIT_ASSIGNED_CONTEXT ( ( #4171, #2756, #1354 ) ) REPRESENTATION_CONTEXT ( 'NONE', 'WORKASPACE' ) );
#179 = DIRECTION ( 'NONE',  ( 0.9780674360120587000, 0.0000000000000000000, 0.2082884793088608200 ) ) ;
#180 = DIRECTION ( 'NONE',  ( -1.000000000000000000, 0.0000000000000000000, 0.0000000000000000000 ) ) ;
#181 = ADVANCED_FACE ( 'NONE', ( #3128 ), #2065, .T. ) ;
#182 = DIRECTION ( 'NONE',  ( -0.0000000000000000000, 1.000000000000000000, 0.0000000000000000000 ) ) ;
#183 =( LENGTH_UNIT ( ) NAMED_UNIT ( * ) SI_UNIT ( .MILLI., .METRE. ) );
#184 = EDGE_LOOP ( 'NONE', ( #2364, #1, #2719, #4041 ) ) ;
#185 = CARTESIAN_POINT ( 'NONE',  ( 12.00000000000000700, 0.0000000000000000000, -4.499999999999990200 ) ) ;
#186 = DIRECTION ( 'NONE',  ( 0.0000000000000000000, 0.0000000000000000000, 1.000000000000000000 ) ) ;
#187 = ORIENTED_EDGE ( 'NONE', *, *, #4141, .T. ) ;
#188 = VECTOR ( 'NONE', #3034, 1000.000000000000100 ) ;
#189 = CIRCLE ( 'NONE', #2493, 1.000000000000000900 ) ;
#190 = AXIS2_PLACEMENT_3D ( 'NONE', #1553, #1089, #602 ) ;
#191 = ADVANCED_FACE ( 'NONE', ( #4054, #40, #2174, #2289, #2784, #3030, #3159 ), #4059, .F. ) ;
#192 = DIRECTION ( 'NONE',  ( 0.0000000000000000000, -0.0000000000000000000, 1.000000000000000000 ) ) ;
#193 = MECHANICAL_DESIGN_GEOMETRIC_PRESENTATION_REPRESENTATION (  '', ( #4570 ), #3775 ) ;
#194 = CARTESIAN_POINT ( 'NONE',  ( 10.15999999999999800, 0.5999999999999998700, 10.16000000000000200 ) ) ;
#195 = LINE ( 'NONE', #4328, #2914 ) ;
#196 =( GEOMETRIC_REPRESENTATION_CONTEXT ( 3 ) GLOBAL_UNCERTAINTY_ASSIGNED_CONTEXT ( ( #4569 ) ) GLOBAL_UNIT_ASSIGNED_CONTEXT ( ( #2946, #1523, #101 ) ) REPRESENTATION_CONTEXT ( 'NONE', 'WORKASPACE' ) );
#197 = ORIENTED_EDGE ( 'NONE', *, *, #644, .T. ) ;
#198 = DIRECTION ( 'NONE',  ( -0.0000000000000000000, -1.000000000000000000, -0.0000000000000000000 ) ) ;
#199 = CARTESIAN_POINT ( 'NONE',  ( -10.23899294669145600, -3.400000000025096300, -3.033720684558764100 ) ) ;
#200 = DIRECTION ( 'NONE',  ( 0.0000000000000000000, -1.000000000000000000, 0.0000000000000000000 ) ) ;
#201 = CARTESIAN_POINT ( 'NONE',  ( -11.50000000000000200, 0.5999999999999998700, 5.000000000000004400 ) ) ;
#202 = COLOUR_RGB ( '',0.7921568627450980000, 0.8196078431372548800, 0.9333333333333333500 ) ;
#203 = DIRECTION ( 'NONE',  ( 0.0000000000000000000, 0.0000000000000000000, 1.000000000000000000 ) ) ;
#204 = DIRECTION ( 'NONE',  ( 0.9874413691408839800, 0.0000000000000000000, -0.1579858933866454000 ) ) ;
#205 = CARTESIAN_POINT ( 'NONE',  ( -11.99999999997703300, 0.5999999999999999800, 7.000000000022969200 ) ) ;
#206 = EDGE_CURVE ( 'NONE', #1361, #3067, #2162, .T. ) ;
#207 = AXIS2_PLACEMENT_3D ( 'NONE', #2113, #1656, #1188 ) ;
#208 = SURFACE_SIDE_STYLE ('',( #690 ) ) ;
#209 =( NAMED_UNIT ( * ) PLANE_ANGLE_UNIT ( ) SI_UNIT ( $, .RADIAN. ) );
#210 = PRESENTATION_LAYER_ASSIGNMENT (  '', '', ( #93 ) ) ;
#211 = DIRECTION ( 'NONE',  ( 1.000000000000000000, -0.0000000000000000000, -0.0000000000000000000 ) ) ;
#212 = DIRECTION ( 'NONE',  ( 0.0000000000000000000, 1.000000000000000000, 0.0000000000000000000 ) ) ;
#213 = ADVANCED_FACE ( 'NONE', ( #642 ), #2532, .T. ) ;
#214 = CARTESIAN_POINT ( 'NONE',  ( -12.00000000000000700, 0.5999999999999999800, 4.500000000000005300 ) ) ;
#215 = ORIENTED_EDGE ( 'NONE', *, *, #3361, .T. ) ;
#216 = SURFACE_STYLE_USAGE ( .BOTH. , #698 ) ;
#217 = UNCERTAINTY_MEASURE_WITH_UNIT (LENGTH_MEASURE( 1.000000000000000100E-005 ), #1186, 'distance_accuracy_value', 'NONE');
#218 = AXIS2_PLACEMENT_3D ( 'NONE', #1303, #2591, #2120 ) ;
#219 = CARTESIAN_POINT ( 'NONE',  ( -10.15999999999999800, 0.0000000000000000000, 1.940000000000002200 ) ) ;
#220 = VERTEX_POINT ( 'NONE', #63 ) ;
#221 = FACE_OUTER_BOUND ( 'NONE', #2704, .T. ) ;
#222 = EDGE_CURVE ( 'NONE', #2260, #1528, #2781, .T. ) ;
#223 = SURFACE_STYLE_USAGE ( .BOTH. , #703 ) ;
#224 = CARTESIAN_POINT ( 'NONE',  ( -12.49999999999999800, 8.900000000000002100, -11.50000000000000200 ) ) ;
#225 = AXIS2_PLACEMENT_3D ( 'NONE', #3483, #1603, #1141 ) ;
#226 = STYLED_ITEM ( 'NONE', ( #3311 ), #2291 ) ;
#227 =( BOUNDED_SURFACE ( )  B_SPLINE_SURFACE ( 3, 3, ( 
 ( #3010, #2516, #2053, #1580 ),
 ( #1115, #635, #157, #4294 ),
 ( #3831, #3342, #2884, #2400 ),
 ( #1929, #1471, #1004, #510 ) ),
 .UNSPECIFIED., .F., .F., .T. ) 
 B_SPLINE_SURFACE_WITH_KNOTS ( ( 4, 4 ),
 ( 4, 4 ),
 ( 0.0000000000000000000, 1.000000000000000000 ),
 ( 0.0000000000000000000, 1.000000000000000000 ),
 .UNSPECIFIED. ) 
 GEOMETRIC_REPRESENTATION_ITEM ( )  RATIONAL_B_SPLINE_SURFACE ( (
 ( 1.000000000000000000, 0.8047378541243647200, 0.8047378541243647200, 1.000000000000000000),
 ( 0.8047378541243649400, 0.6476030138606875300, 0.6476030138606875300, 0.8047378541243649400),
 ( 0.8047378541243649400, 0.6476030138606875300, 0.6476030138606875300, 0.8047378541243649400),
 ( 1.000000000000000000, 0.8047378541243647200, 0.8047378541243647200, 1.000000000000000000) ) ) 
 REPRESENTATION_ITEM ( '' )  SURFACE ( )  );
#228 = ORIENTED_EDGE ( 'NONE', *, *, #4095, .F. ) ;
#229 = CARTESIAN_POINT ( 'NONE',  ( 12.08578643762691100, 8.900000000000002100, 12.49999999999999800 ) ) ;
#230 = CARTESIAN_POINT ( 'NONE',  ( 9.670966281993969500, 0.5999999999999998700, -0.1041442396544263500 ) ) ;
#231 = DIRECTION ( 'NONE',  ( 0.1117128965772655300, 0.7071067809855756700, 0.6982264883420953300 ) ) ;
#232 = PLANE ( 'NONE',  #2646 ) ;
#233 = ORIENTED_EDGE ( 'NONE', *, *, #2326, .T. ) ;
#234 = ADVANCED_FACE ( 'NONE', ( #3358 ), #3487, .T. ) ;
#235 = MECHANICAL_DESIGN_GEOMETRIC_PRESENTATION_REPRESENTATION (  '', ( #2 ), #3910 ) ;
#236 = DIRECTION ( 'NONE',  ( -1.000000000000000000, 0.0000000000000000000, -0.0000000000000000000 ) ) ;
#237 = CARTESIAN_POINT ( 'NONE',  ( 12.00000000000000000, 0.5999999999999998700, -7.500000000000000000 ) ) ;
#238 = DIRECTION ( 'NONE',  ( -0.0000000000000000000, -0.0000000000000000000, -1.000000000000000000 ) ) ;
#239 = ORIENTED_EDGE ( 'NONE', *, *, #4574, .F. ) ;
#240 = DIRECTION ( 'NONE',  ( 0.0000000000000000000, -1.000000000000000000, -0.0000000000000000000 ) ) ;
#241 = CIRCLE ( 'NONE', #932, 0.4999999999999998300 ) ;
#242 = ORIENTED_EDGE ( 'NONE', *, *, #636, .T. ) ;
#243 = DIRECTION ( 'NONE',  ( -0.1579858933866480100, 0.0000000000000000000, -0.9874413691408835400 ) ) ;
#244 = DIRECTION ( 'NONE',  ( 0.0000000000000000000, 0.0000000000000000000, 1.000000000000000000 ) ) ;
#245 = PRESENTATION_LAYER_ASSIGNMENT (  '', '', ( #117 ) ) ;
#246 = CARTESIAN_POINT ( 'NONE',  ( -10.15999999999999800, 0.5999999999999998700, -2.539999999999996900 ) ) ;
#247 = CARTESIAN_POINT ( 'NONE',  ( -12.49999999999999800, 0.5999999999999998700, -12.50000000000000000 ) ) ;
#248 = SURFACE_STYLE_USAGE ( .BOTH. , #728 ) ;
#249 = MECHANICAL_DESIGN_GEOMETRIC_PRESENTATION_REPRESENTATION (  '', ( #10 ), #2373 ) ;
#250 = ORIENTED_EDGE ( 'NONE', *, *, #3107, .F. ) ;
#251 = EDGE_CURVE ( 'NONE', #4529, #2141, #2087, .T. ) ;
#252 = MECHANICAL_DESIGN_GEOMETRIC_PRESENTATION_REPRESENTATION (  '', ( #12 ), #4133 ) ;
#253 = EDGE_CURVE ( 'NONE', #1405, #4125, #195, .T. ) ;
#254 = CARTESIAN_POINT ( 'NONE',  ( 0.0000000000000000000, 0.5999999999999998700, 0.0000000000000000000 ) ) ;
#255 = CIRCLE ( 'NONE', #2893, 0.4000000000132787900 ) ;
#256 = DIRECTION ( 'NONE',  ( -0.0000000000000000000, 1.000000000000000000, -0.0000000000000000000 ) ) ;
#257 = DIRECTION ( 'NONE',  ( 0.0000000000000000000, 1.000000000000000000, 0.0000000000000000000 ) ) ;
#258 = CARTESIAN_POINT ( 'NONE',  ( -10.15999999999999800, -3.400000000025096300, -2.539999999999996900 ) ) ;
#259 = EDGE_CURVE ( 'NONE', #3381, #3345, #3379, .T. ) ;
#260 = CARTESIAN_POINT ( 'NONE',  ( -12.49999999999999500, 10.50000000000000000, 12.50000000000000000 ) ) ;
#261 = EDGE_CURVE ( 'NONE', #2763, #129, #1973, .T. ) ;
#262 = DIRECTION ( 'NONE',  ( 0.0000000000000000000, 0.0000000000000000000, 1.000000000000000000 ) ) ;
#263 = ORIENTED_EDGE ( 'NONE', *, *, #2649, .T. ) ;
#264 = FILL_AREA_STYLE_COLOUR ( '', #424 ) ;
#265 = COLOUR_RGB ( '',0.7921568627450980000, 0.8196078431372548800, 0.9333333333333333500 ) ;
#266 = ORIENTED_EDGE ( 'NONE', *, *, #3155, .T. ) ;
#267 = FILL_AREA_STYLE_COLOUR ( '', #3695 ) ;
#268 =( NAMED_UNIT ( * ) PLANE_ANGLE_UNIT ( ) SI_UNIT ( $, .RADIAN. ) );
#269 = ORIENTED_EDGE ( 'NONE', *, *, #3859, .T. ) ;
#270 = DIRECTION ( 'NONE',  ( 0.0000000000000000000, 0.0000000000000000000, 1.000000000000000000 ) ) ;
#271 = PRESENTATION_STYLE_ASSIGNMENT (( #751 ) ) ;
#272 = LINE ( 'NONE', #4409, #2434 ) ;
#273 = AXIS2_PLACEMENT_3D ( 'NONE', #3094, #2595, #2125 ) ;
#274 = DIRECTION ( 'NONE',  ( -0.0000000000000000000, -1.000000000000000000, -0.0000000000000000000 ) ) ;
#275 = FILL_AREA_STYLE_COLOUR ( '', #2894 ) ;
#276 = ADVANCED_FACE ( 'NONE', ( #1952 ), #3373, .F. ) ;
#277 = STYLED_ITEM ( 'NONE', ( #3851 ), #1015 ) ;
#278 = EDGE_CURVE ( 'NONE', #3559, #2856, #3477, .T. ) ;
#279 = AXIS2_PLACEMENT_3D ( 'NONE', #1164, #686, #203 ) ;
#280 = ORIENTED_EDGE ( 'NONE', *, *, #206, .T. ) ;
#281 = UNCERTAINTY_MEASURE_WITH_UNIT (LENGTH_MEASURE( 1.000000000000000100E-005 ), #4241, 'distance_accuracy_value', 'NONE');
#282 = AXIS2_PLACEMENT_3D ( 'NONE', #3584, #3139, #2638 ) ;
#283 =( NAMED_UNIT ( * ) PLANE_ANGLE_UNIT ( ) SI_UNIT ( $, .RADIAN. ) );
#284 = EDGE_CURVE ( 'NONE', #3842, #4466, #3078, .T. ) ;
#285 = SURFACE_STYLE_FILL_AREA ( #762 ) ;
#286 = EDGE_CURVE ( 'NONE', #4380, #3833, #3145, .T. ) ;
#287 = SURFACE_STYLE_FILL_AREA ( #763 ) ;
#288 = FILL_AREA_STYLE_COLOUR ( '', #4550 ) ;
#289 = AXIS2_PLACEMENT_3D ( 'NONE', #1753, #1285, #814 ) ;
#290 = AXIS2_PLACEMENT_3D ( 'NONE', #1311, #839, #356 ) ;
#291 = ORIENTED_EDGE ( 'NONE', *, *, #3869, .T. ) ;
#292 = CARTESIAN_POINT ( 'NONE',  ( 0.0000000000000000000, 0.5999999999999998700, 0.0000000000000000000 ) ) ;
#293 = SURFACE_SIDE_STYLE ('',( #767 ) ) ;
#294 = AXIS2_PLACEMENT_3D ( 'NONE', #3251, #2779, #2288 ) ;
#295 = VERTEX_POINT ( 'NONE', #224 ) ;
#296 = CARTESIAN_POINT ( 'NONE',  ( 10.15999999999999800, 0.0000000000000000000, 1.734723475976807100E-015 ) ) ;
#297 = ADVANCED_FACE ( 'NONE', ( #104 ), #705, .F. ) ;
#298 = ORIENTED_EDGE ( 'NONE', *, *, #2658, .F. ) ;
#299 = DIRECTION ( 'NONE',  ( 2.141108110448990900E-018, 1.000000000000000000, 1.338232597062403400E-017 ) ) ;
#300 = DIRECTION ( 'NONE',  ( -0.0000000000000000000, 1.000000000000000000, -0.0000000000000000000 ) ) ;
#301 = ADVANCED_FACE ( 'NONE', ( #221 ), #2143, .F. ) ;
#302 =( LENGTH_UNIT ( ) NAMED_UNIT ( * ) SI_UNIT ( .MILLI., .METRE. ) );
#303 = COLOUR_RGB ( '',0.7921568627450980000, 0.8196078431372548800, 0.9333333333333333500 ) ;
#304 = LINE ( 'NONE', #4436, #105 ) ;
#305 = DIRECTION ( 'NONE',  ( -0.0000000000000000000, 1.000000000000000000, -0.0000000000000000000 ) ) ;
#306 =( NAMED_UNIT ( * ) SI_UNIT ( $, .STERADIAN. ) SOLID_ANGLE_UNIT ( ) );
#307 = DIRECTION ( 'NONE',  ( 2.141108110448990900E-018, 1.000000000000000000, 1.338232597062403400E-017 ) ) ;
#308 = FILL_AREA_STYLE_COLOUR ( '', #4455 ) ;
#309 = VECTOR ( 'NONE', #240, 1000.000000000000000 ) ;
#310 = ORIENTED_EDGE ( 'NONE', *, *, #2412, .F. ) ;
#311 = ADVANCED_FACE ( 'NONE', ( #2600 ), #2139, .T. ) ;
#312 = FACE_BOUND ( 'NONE', #1258, .T. ) ;
#313 =( NAMED_UNIT ( * ) PLANE_ANGLE_UNIT ( ) SI_UNIT ( $, .RADIAN. ) );
#314 = AXIS2_PLACEMENT_3D ( 'NONE', #3857, #3367, #2913 ) ;
#315 =( GEOMETRIC_REPRESENTATION_CONTEXT ( 3 ) GLOBAL_UNCERTAINTY_ASSIGNED_CONTEXT ( ( #853 ) ) GLOBAL_UNIT_ASSIGNED_CONTEXT ( ( #1895, #476, #3679 ) ) REPRESENTATION_CONTEXT ( 'NONE', 'WORKASPACE' ) );
#316 = ORIENTED_EDGE ( 'NONE', *, *, #1307, .F. ) ;
#317 = CARTESIAN_POINT ( 'NONE',  ( -10.15999999999999800, 0.0000000000000000000, -2.539999999999996900 ) ) ;
#318 = ADVANCED_FACE ( 'NONE', ( #2715 ), #3796, .F. ) ;
#319 = AXIS2_PLACEMENT_3D ( 'NONE', #1203, #724, #243 ) ;
#320 = CARTESIAN_POINT ( 'NONE',  ( -11.50000000000000000, 0.0000000000000000000, 5.000000000000004400 ) ) ;
#321 = DIRECTION ( 'NONE',  ( 1.000000000000000000, -0.0000000000000000000, 3.469446951953609100E-015 ) ) ;
#322 = VECTOR ( 'NONE', #102, 1000.000000000000000 ) ;
#323 = CARTESIAN_POINT ( 'NONE',  ( -11.99999999997703500, 0.5999999999999999800, -7.000000000022956700 ) ) ;
#324 = CARTESIAN_POINT ( 'NONE',  ( -12.69999999999999900, 0.0000000000000000000, -7.500000000000000000 ) ) ;
#325 = FILL_AREA_STYLE ('',( #809 ) ) ;
#326 = LINE ( 'NONE', #4464, #2771 ) ;
#327 = EDGE_CURVE ( 'NONE', #2404, #4494, #3476, .T. ) ;
#328 = VERTEX_POINT ( 'NONE', #1597 ) ;
#329 = LINE ( 'NONE', #4467, #3609 ) ;
#330 = AXIS2_PLACEMENT_3D ( 'NONE', #4568, #4096, #3621 ) ;
#331 = MECHANICAL_DESIGN_GEOMETRIC_PRESENTATION_REPRESENTATION (  '', ( #93 ), #3321 ) ;
#332 = VERTEX_POINT ( 'NONE', #1135 ) ;
#333 = VECTOR ( 'NONE', #3088, 1000.000000000000000 ) ;
#334 = EDGE_CURVE ( 'NONE', #2320, #980, #654, .T. ) ;
#335 = FACE_OUTER_BOUND ( 'NONE', #3513, .T. ) ;
#336 = LINE ( 'NONE', #4475, #924 ) ;
#337 = CARTESIAN_POINT ( 'NONE',  ( -11.99999999997703300, 0.5999999999999999800, -4.999999999977033500 ) ) ;
#338 = ORIENTED_EDGE ( 'NONE', *, *, #3431, .F. ) ;
#339 = FILL_AREA_STYLE_COLOUR ( '', #265 ) ;
#340 = CARTESIAN_POINT ( 'NONE',  ( 12.50000000000000900, 8.900000000000002100, 11.50000000000000200 ) ) ;
#341 = LINE ( 'NONE', #4482, #4356 ) ;
#342 = CARTESIAN_POINT ( 'NONE',  ( -11.50000000000000000, 10.50000000000000000, -11.50000000000000200 ) ) ;
#343 =( LENGTH_UNIT ( ) NAMED_UNIT ( * ) SI_UNIT ( .MILLI., .METRE. ) );
#344 = VECTOR ( 'NONE', #2076, 1000.000000000000000 ) ;
#345 = VECTOR ( 'NONE', #716, 1000.000000000000000 ) ;
#346 = CARTESIAN_POINT ( 'NONE',  ( -11.99999999997703500, 0.5999999999999999800, 4.999999999977040600 ) ) ;
#347 = UNCERTAINTY_MEASURE_WITH_UNIT (LENGTH_MEASURE( 1.000000000000000100E-005 ), #394, 'distance_accuracy_value', 'NONE');
#348 =( NAMED_UNIT ( * ) PLANE_ANGLE_UNIT ( ) SI_UNIT ( $, .RADIAN. ) );
#349 = CARTESIAN_POINT ( 'NONE',  ( 12.69999999999999900, 0.5999999999999999800, 7.500000000000004400 ) ) ;
#350 = VERTEX_POINT ( 'NONE', #3847 ) ;
#351 = DIRECTION ( 'NONE',  ( 1.000000000000000000, -0.0000000000000000000, -0.0000000000000000000 ) ) ;
#352 = LINE ( 'NONE', #4492, #1322 ) ;
#353 =( GEOMETRIC_REPRESENTATION_CONTEXT ( 3 ) GLOBAL_UNCERTAINTY_ASSIGNED_CONTEXT ( ( #2015 ) ) GLOBAL_UNIT_ASSIGNED_CONTEXT ( ( #2983, #1557, #135 ) ) REPRESENTATION_CONTEXT ( 'NONE', 'WORKASPACE' ) );
#354 = VERTEX_POINT ( 'NONE', #3357 ) ;
#355 = PLANE ( 'NONE',  #83 ) ;
#356 = DIRECTION ( 'NONE',  ( 0.2082884793088555200, 0.0000000000000000000, -0.9780674360120597000 ) ) ;
#357 = CARTESIAN_POINT ( 'NONE',  ( 12.69999999999999900, 0.5999999999999999800, -4.499999999999997300 ) ) ;
#358 = DIRECTION ( 'NONE',  ( -0.1579858933866480100, 0.0000000000000000000, -0.9874413691408835400 ) ) ;
#359 = VERTEX_POINT ( 'NONE', #2903 ) ;
#360 = AXIS2_PLACEMENT_3D ( 'NONE', #1227, #750, #270 ) ;
#361 = MECHANICAL_DESIGN_GEOMETRIC_PRESENTATION_REPRESENTATION (  '', ( #117 ), #4521 ) ;
#362 = PRESENTATION_STYLE_ASSIGNMENT (( #850 ) ) ;
#363 = DIRECTION ( 'NONE',  ( 0.9874413691408834300, 0.0000000000000000000, -0.1579858933866487800 ) ) ;
#364 = LINE ( 'NONE', #4509, #2409 ) ;
#365 =( GEOMETRIC_REPRESENTATION_CONTEXT ( 3 ) GLOBAL_UNCERTAINTY_ASSIGNED_CONTEXT ( ( #1887 ) ) GLOBAL_UNIT_ASSIGNED_CONTEXT ( ( #2870, #1458, #37 ) ) REPRESENTATION_CONTEXT ( 'NONE', 'WORKASPACE' ) );
#366 = VECTOR ( 'NONE', #2533, 1000.000000000000000 ) ;
#367 = ORIENTED_EDGE ( 'NONE', *, *, #2699, .F. ) ;
#368 = ORIENTED_EDGE ( 'NONE', *, *, #2450, .F. ) ;
#369 = CARTESIAN_POINT ( 'NONE',  ( 10.15999999999999800, 0.5999999999999998700, 1.734723475976807100E-015 ) ) ;
#370 = FILL_AREA_STYLE ('',( #862 ) ) ;
#371 = ORIENTED_EDGE ( 'NONE', *, *, #2641, .F. ) ;
#372 = DIRECTION ( 'NONE',  ( -0.0000000000000000000, -1.000000000000000000, -0.0000000000000000000 ) ) ;
#373 = COLOUR_RGB ( '',0.7921568627450980000, 0.8196078431372548800, 0.9333333333333333500 ) ;
#374 = DIRECTION ( 'NONE',  ( 0.0000000000000000000, 1.000000000000000000, 0.0000000000000000000 ) ) ;
#375 = DIRECTION ( 'NONE',  ( 0.9780674360120595900, 0.0000000000000000000, 0.2082884793088562700 ) ) ;
#376 = CARTESIAN_POINT ( 'NONE',  ( 12.69999999999999900, 0.0000000000000000000, -7.500000000000000000 ) ) ;
#377 = FILL_AREA_STYLE_COLOUR ( '', #2308 ) ;
#378 = EDGE_LOOP ( 'NONE', ( #3019, #4323, #1047, #2395 ) ) ;
#379 = FACE_OUTER_BOUND ( 'NONE', #1908, .T. ) ;
#380 =( GEOMETRIC_REPRESENTATION_CONTEXT ( 3 ) GLOBAL_UNCERTAINTY_ASSIGNED_CONTEXT ( ( #4551 ) ) GLOBAL_UNIT_ASSIGNED_CONTEXT ( ( #1389, #4564, #3169 ) ) REPRESENTATION_CONTEXT ( 'NONE', 'WORKASPACE' ) );
#381 = CIRCLE ( 'NONE', #1011, 0.4999999999770344300 ) ;
#382 = AXIS2_PLACEMENT_3D ( 'NONE', #2072, #2304, #1847 ) ;
#383 = FILL_AREA_STYLE ('',( #876 ) ) ;
#384 = AXIS2_PLACEMENT_3D ( 'NONE', #1954, #1490, #1027 ) ;
#385 = PRESENTATION_STYLE_ASSIGNMENT (( #878 ) ) ;
#386 = LINE ( 'NONE', #4534, #1219 ) ;
#387 = STYLED_ITEM ( 'NONE', ( #1767 ), #4334 ) ;
#388 = DIRECTION ( 'NONE',  ( -0.0000000000000000000, 1.000000000000000000, -0.0000000000000000000 ) ) ;
#389 = EDGE_LOOP ( 'NONE', ( #2582, #2414 ) ) ;
#390 =( LENGTH_UNIT ( ) NAMED_UNIT ( * ) SI_UNIT ( .MILLI., .METRE. ) );
#391 = DIRECTION ( 'NONE',  ( 0.0000000000000000000, 0.0000000000000000000, 1.000000000000000000 ) ) ;
#392 = EDGE_LOOP ( 'NONE', ( #4266, #4370, #2604, #2899 ) ) ;
#393 = COLOUR_RGB ( '',0.7921568627450980000, 0.8196078431372548800, 0.9333333333333333500 ) ;
#394 =( LENGTH_UNIT ( ) NAMED_UNIT ( * ) SI_UNIT ( .MILLI., .METRE. ) );
#395 = EDGE_CURVE ( 'NONE', #833, #2320, #2067, .T. ) ;
#396 = VERTEX_POINT ( 'NONE', #1025 ) ;
#397 = CARTESIAN_POINT ( 'NONE',  ( -9.666279315429557400, 0.5999999999999998700, -2.618992946693321900 ) ) ;
#398 = AXIS2_PLACEMENT_3D ( 'NONE', #2337, #1873, #1418 ) ;
#399 = EDGE_LOOP ( 'NONE', ( #1417, #2002, #3023, #1998, #3697 ) ) ;
#400 = STYLED_ITEM ( 'NONE', ( #103 ), #1982 ) ;
#401 = CARTESIAN_POINT ( 'NONE',  ( -10.15999999999999800, 0.0000000000000000000, 2.540000000000002300 ) ) ;
#402 = DIRECTION ( 'NONE',  ( 0.0000000000000000000, 1.000000000000000000, 0.0000000000000000000 ) ) ;
#403 = AXIS2_PLACEMENT_3D ( 'NONE', #57, #4192, #3713 ) ;
#404 =( NAMED_UNIT ( * ) SI_UNIT ( $, .STERADIAN. ) SOLID_ANGLE_UNIT ( ) );
#405 = SURFACE_STYLE_USAGE ( .BOTH. , #895 ) ;
#406 =( NAMED_UNIT ( * ) SI_UNIT ( $, .STERADIAN. ) SOLID_ANGLE_UNIT ( ) );
#407 = ORIENTED_EDGE ( 'NONE', *, *, #2669, .F. ) ;
#408 = PRESENTATION_STYLE_ASSIGNMENT (( #900 ) ) ;
#409 = FILL_AREA_STYLE_COLOUR ( '', #1801 ) ;
#410 = CIRCLE ( 'NONE', #2465, 0.4999999999999998900 ) ;
#411 = ADVANCED_FACE ( 'NONE', ( #1660 ), #3558, .T. ) ;
#412 = AXIS2_PLACEMENT_3D ( 'NONE', #127, #374, #4522 ) ;
#413 = FILL_AREA_STYLE ('',( #3839 ) ) ;
#414 = DIRECTION ( 'NONE',  ( 0.0000000000000000000, -1.000000000000000000, -0.0000000000000000000 ) ) ;
#415 = PRESENTATION_STYLE_ASSIGNMENT (( #906 ) ) ;
#416 = PRESENTATION_STYLE_ASSIGNMENT (( #907 ) ) ;
#417 = ORIENTED_EDGE ( 'NONE', *, *, #2695, .F. ) ;
#418 = SURFACE_STYLE_FILL_AREA ( #911 ) ;
#419 = SURFACE_SIDE_STYLE ('',( #912 ) ) ;
#420 =( NAMED_UNIT ( * ) PLANE_ANGLE_UNIT ( ) SI_UNIT ( $, .RADIAN. ) );
#421 = VERTEX_POINT ( 'NONE', #320 ) ;
#422 = DIRECTION ( 'NONE',  ( 0.0000000000000000000, 1.000000000000000000, 0.0000000000000000000 ) ) ;
#423 = STYLED_ITEM ( 'NONE', ( #919 ), #821 ) ;
#424 = COLOUR_RGB ( '',1.000000000000000000, 1.000000000000000000, 1.000000000000000000 ) ;
#425 =( NAMED_UNIT ( * ) PLANE_ANGLE_UNIT ( ) SI_UNIT ( $, .RADIAN. ) );
#426 = PRESENTATION_LAYER_ASSIGNMENT (  '', '', ( #3733 ) ) ;
#427 = DIRECTION ( 'NONE',  ( 1.000000000000000000, -0.0000000000000000000, -0.0000000000000000000 ) ) ;
#428 = ORIENTED_EDGE ( 'NONE', *, *, #2699, .T. ) ;
#429 = CARTESIAN_POINT ( 'NONE',  ( 10.15999999999999800, 0.0000000000000000000, 10.16000000000000200 ) ) ;
#430 = UNCERTAINTY_MEASURE_WITH_UNIT (LENGTH_MEASURE( 1.000000000000000100E-005 ), #2845, 'distance_accuracy_value', 'NONE');
#431 = ORIENTED_EDGE ( 'NONE', *, *, #4132, .F. ) ;
#432 = VECTOR ( 'NONE', #4498, 1000.000000000000000 ) ;
#433 = EDGE_CURVE ( 'NONE', #2019, #1304, #1099, .T. ) ;
#434 =( GEOMETRIC_REPRESENTATION_CONTEXT ( 3 ) GLOBAL_UNCERTAINTY_ASSIGNED_CONTEXT ( ( #1103 ) ) GLOBAL_UNIT_ASSIGNED_CONTEXT ( ( #4468, #3070, #1644 ) ) REPRESENTATION_CONTEXT ( 'NONE', 'WORKASPACE' ) );
#435 = STYLED_ITEM ( 'NONE', ( #1492 ), #3804 ) ;
#436 =( NAMED_UNIT ( * ) PLANE_ANGLE_UNIT ( ) SI_UNIT ( $, .RADIAN. ) );
#437 = ORIENTED_EDGE ( 'NONE', *, *, #3825, .T. ) ;
#438 =( NAMED_UNIT ( * ) PLANE_ANGLE_UNIT ( ) SI_UNIT ( $, .RADIAN. ) );
#439 =( LENGTH_UNIT ( ) NAMED_UNIT ( * ) SI_UNIT ( .MILLI., .METRE. ) );
#440 = AXIS2_PLACEMENT_3D ( 'NONE', #2732, #2247, #1795 ) ;
#441 = SURFACE_STYLE_USAGE ( .BOTH. , #933 ) ;
#442 = ADVANCED_FACE ( 'NONE', ( #610 ), #1913, .F. ) ;
#443 = DIRECTION ( 'NONE',  ( -0.0000000000000000000, -1.000000000000000000, -0.0000000000000000000 ) ) ;
#444 = STYLED_ITEM ( 'NONE', ( #1100 ), #4556 ) ;
#445 = PLANE ( 'NONE',  #4579 ) ;
#446 = FILL_AREA_STYLE ('',( #938 ) ) ;
#447 = PRESENTATION_STYLE_ASSIGNMENT (( #939 ) ) ;
#448 = CARTESIAN_POINT ( 'NONE',  ( -12.49999999999999500, 10.50000000000000000, 11.50000000000000000 ) ) ;
#449 = ORIENTED_EDGE ( 'NONE', *, *, #3136, .F. ) ;
#450 =( NAMED_UNIT ( * ) SI_UNIT ( $, .STERADIAN. ) SOLID_ANGLE_UNIT ( ) );
#451 = VECTOR ( 'NONE', #2110, 1000.000000000000000 ) ;
#452 = PRESENTATION_STYLE_ASSIGNMENT (( #943 ) ) ;
#453 = ORIENTED_EDGE ( 'NONE', *, *, #3399, .F. ) ;
#454 = FILL_AREA_STYLE_COLOUR ( '', #1236 ) ;
#455 = AXIS2_PLACEMENT_3D ( 'NONE', #3854, #1957, #1493 ) ;
#456 =( LENGTH_UNIT ( ) NAMED_UNIT ( * ) SI_UNIT ( .MILLI., .METRE. ) );
#457 = AXIS2_PLACEMENT_3D ( 'NONE', #2972, #2479, #2013 ) ;
#458 =( NAMED_UNIT ( * ) SI_UNIT ( $, .STERADIAN. ) SOLID_ANGLE_UNIT ( ) );
#459 = PLANE ( 'NONE',  #1467 ) ;
#460 = ORIENTED_EDGE ( 'NONE', *, *, #607, .F. ) ;
#461 = CARTESIAN_POINT ( 'NONE',  ( 10.24331539172630700, -3.499999999943150800, -0.3912269744178094000 ) ) ;
#462 = CIRCLE ( 'NONE', #1283, 0.4999999999770353100 ) ;
#463 = ORIENTED_EDGE ( 'NONE', *, *, #4525, .T. ) ;
#464 = SURFACE_STYLE_FILL_AREA ( #955 ) ;
#465 = CARTESIAN_POINT ( 'NONE',  ( -12.49999999999999500, 0.5999999999999998700, 12.50000000000000000 ) ) ;
#466 = CARTESIAN_POINT ( 'NONE',  ( 12.69999999999999900, 0.0000000000000000000, -12.69999999999999900 ) ) ;
#467 = VECTOR ( 'NONE', #3092, 1000.000000000000000 ) ;
#468 = DIRECTION ( 'NONE',  ( 0.2082884793088555200, 0.0000000000000000000, -0.9780674360120597000 ) ) ;
#469 =( GEOMETRIC_REPRESENTATION_CONTEXT ( 3 ) GLOBAL_UNCERTAINTY_ASSIGNED_CONTEXT ( ( #3188 ) ) GLOBAL_UNIT_ASSIGNED_CONTEXT ( ( #1696, #268, #3450 ) ) REPRESENTATION_CONTEXT ( 'NONE', 'WORKASPACE' ) );
#470 = CARTESIAN_POINT ( 'NONE',  ( 10.05585576034280500, -3.399999999999993200, -9.670966281980979000 ) ) ;
#471 = EDGE_LOOP ( 'NONE', ( #2621, #474, #1902, #2475, #4388, #3260, #1202, #1896 ) ) ;
#472 = UNCERTAINTY_MEASURE_WITH_UNIT (LENGTH_MEASURE( 1.000000000000000100E-005 ), #1861, 'distance_accuracy_value', 'NONE');
#473 = SURFACE_STYLE_FILL_AREA ( #965 ) ;
#474 = ORIENTED_EDGE ( 'NONE', *, *, #327, .F. ) ;
#475 = COLOUR_RGB ( '',0.7921568627450980000, 0.8196078431372548800, 0.9333333333333333500 ) ;
#476 =( NAMED_UNIT ( * ) PLANE_ANGLE_UNIT ( ) SI_UNIT ( $, .RADIAN. ) );
#477 = ORIENTED_EDGE ( 'NONE', *, *, #1997, .T. ) ;
#478 = CARTESIAN_POINT ( 'NONE',  ( 11.50000000000000700, 9.899999999999998600, 11.49999999998773600 ) ) ;
#479 = CARTESIAN_POINT ( 'NONE',  ( -12.08578643762690100, 8.899999999999998600, 12.49999999999999800 ) ) ;
#480 =( LENGTH_UNIT ( ) NAMED_UNIT ( * ) SI_UNIT ( .MILLI., .METRE. ) );
#481 = ORIENTED_EDGE ( 'NONE', *, *, #3390, .F. ) ;
#482 = PRESENTATION_STYLE_ASSIGNMENT (( #974 ) ) ;
#483 = SURFACE_SIDE_STYLE ('',( #975 ) ) ;
#484 =( NAMED_UNIT ( * ) SI_UNIT ( $, .STERADIAN. ) SOLID_ANGLE_UNIT ( ) );
#485 = VECTOR ( 'NONE', #4310, 1000.000000000000000 ) ;
#486 = FILL_AREA_STYLE_COLOUR ( '', #1111 ) ;
#487 = DIRECTION ( 'NONE',  ( 0.1472821962041861700, 0.7071067809855756700, -0.6915981166584309600 ) ) ;
#488 = AXIS2_PLACEMENT_3D ( 'NONE', #342, #4483, #4009 ) ;
#489 = ORIENTED_EDGE ( 'NONE', *, *, #3777, .T. ) ;
#490 = CIRCLE ( 'NONE', #3263, 0.9999999999999991100 ) ;
#491 = UNCERTAINTY_MEASURE_WITH_UNIT (LENGTH_MEASURE( 1.000000000000000100E-005 ), #2456, 'distance_accuracy_value', 'NONE');
#492 = CARTESIAN_POINT ( 'NONE',  ( 12.69999999999999900, 0.0000000000000000000, 4.500000000000005300 ) ) ;
#493 = CYLINDRICAL_SURFACE ( 'NONE', #3440, 0.9999999999999991100 ) ;
#494 = ORIENTED_EDGE ( 'NONE', *, *, #991, .T. ) ;
#495 = CARTESIAN_POINT ( 'NONE',  ( -10.15999999999999800, 0.0000000000000000000, -3.139999999999997000 ) ) ;
#496 = PRESENTATION_LAYER_ASSIGNMENT (  '', '', ( #277 ) ) ;
#497 = COLOUR_RGB ( '',1.000000000000000000, 1.000000000000000000, 1.000000000000000000 ) ;
#498 = PRESENTATION_LAYER_ASSIGNMENT (  '', '', ( #3567 ) ) ;
#499 = EDGE_LOOP ( 'NONE', ( #1491, #2820, #2944, #4540 ) ) ;
#500 = DIRECTION ( 'NONE',  ( -2.822835272196299300E-018, 1.000000000000000000, 1.325528548733347100E-017 ) ) ;
#501 = ORIENTED_EDGE ( 'NONE', *, *, #2685, .T. ) ;
#502 = PRESENTATION_LAYER_ASSIGNMENT (  '', '', ( #387 ) ) ;
#503 = CARTESIAN_POINT ( 'NONE',  ( 12.08578643762691000, 9.900000000000005700, -12.08578643762690400 ) ) ;
#504 = ORIENTED_EDGE ( 'NONE', *, *, #3143, .F. ) ;
#505 =( NAMED_UNIT ( * ) SI_UNIT ( $, .STERADIAN. ) SOLID_ANGLE_UNIT ( ) );
#506 = SURFACE_SIDE_STYLE ('',( #999 ) ) ;
#507 = AXIS2_PLACEMENT_3D ( 'NONE', #3264, #2795, #2302 ) ;
#508 = SURFACE_STYLE_USAGE ( .BOTH. , #1000 ) ;
#509 = SURFACE_STYLE_FILL_AREA ( #1002 ) ;
#510 = CARTESIAN_POINT ( 'NONE',  ( -12.50000000000000000, 8.900000000000002100, -11.50000000000000200 ) ) ;
#511 = SURFACE_STYLE_USAGE ( .BOTH. , #1006 ) ;
#512 = CIRCLE ( 'NONE', #4590, 0.6000000000000000900 ) ;
#513 = EDGE_LOOP ( 'NONE', ( #3958, #3406, #3897, #2121, #3850, #4173, #1175, #1010 ) ) ;
#514 = DIRECTION ( 'NONE',  ( 0.9874413691408834300, 0.0000000000000000000, -0.1579858933866487800 ) ) ;
#515 = FACE_OUTER_BOUND ( 'NONE', #1531, .T. ) ;
#516 = PLANE ( 'NONE',  #403 ) ;
#517 = PRESENTATION_LAYER_ASSIGNMENT (  '', '', ( #400 ) ) ;
#518 = FACE_BOUND ( 'NONE', #813, .T. ) ;
#519 = STYLED_ITEM ( 'NONE', ( #4585 ), #520 ) ;
#520 = ADVANCED_FACE ( 'NONE', ( #4423, #54 ), #516, .F. ) ;
#521 =( NAMED_UNIT ( * ) PLANE_ANGLE_UNIT ( ) SI_UNIT ( $, .RADIAN. ) );
#522 = CARTESIAN_POINT ( 'NONE',  ( 11.50000000000000000, 0.0000000000000000000, 7.000000000000004400 ) ) ;
#523 = CIRCLE ( 'NONE', #3582, 0.5000000000000004400 ) ;
#524 = DIRECTION ( 'NONE',  ( 1.387778780781445700E-016, 0.0000000000000000000, 1.000000000000000000 ) ) ;
#525 = DIRECTION ( 'NONE',  ( 0.9780674360120595900, 0.0000000000000000000, 0.2082884793088562700 ) ) ;
#526 = EDGE_CURVE ( 'NONE', #3538, #3352, #3227, .T. ) ;
#527 = ORIENTED_EDGE ( 'NONE', *, *, #1683, .F. ) ;
#528 = PRESENTATION_STYLE_ASSIGNMENT (( #1022 ) ) ;
#529 = CARTESIAN_POINT ( 'NONE',  ( 10.15999999999999800, -3.399999999999993200, 1.734723475976807100E-015 ) ) ;
#530 = VECTOR ( 'NONE', #2977, 1000.000000000000000 ) ;
#531 = CARTESIAN_POINT ( 'NONE',  ( 9.670966281993969500, 0.5999999999999998700, -10.26414423965442800 ) ) ;
#532 = FILL_AREA_STYLE ('',( #1489 ) ) ;
#533 = FILL_AREA_STYLE_COLOUR ( '', #2727 ) ;
#534 = ORIENTED_EDGE ( 'NONE', *, *, #433, .T. ) ;
#535 = COLOUR_RGB ( '',0.7921568627450980000, 0.8196078431372548800, 0.9333333333333333500 ) ;
#536 = FACE_OUTER_BOUND ( 'NONE', #1571, .T. ) ;
#537 = FILL_AREA_STYLE ('',( #1031 ) ) ;
#538 = PRESENTATION_STYLE_ASSIGNMENT (( #1032 ) ) ;
#539 = EDGE_CURVE ( 'NONE', #4502, #657, #1831, .T. ) ;
#540 = CARTESIAN_POINT ( 'NONE',  ( 10.15999999999999800, -3.499999999943150800, 1.733397947429160000E-015 ) ) ;
#541 = ORIENTED_EDGE ( 'NONE', *, *, #2712, .F. ) ;
#542 = SURFACE_STYLE_FILL_AREA ( #1037 ) ;
#543 =( LENGTH_UNIT ( ) NAMED_UNIT ( * ) SI_UNIT ( .MILLI., .METRE. ) );
#544 = MECHANICAL_DESIGN_GEOMETRIC_PRESENTATION_REPRESENTATION (  '', ( #3733 ), #2806 ) ;
#545 = ORIENTED_EDGE ( 'NONE', *, *, #2075, .T. ) ;
#546 = CIRCLE ( 'NONE', #1351, 0.5000000000000004400 ) ;
#547 = STYLED_ITEM ( 'NONE', ( #1874 ), #592 ) ;
#548 = AXIS2_PLACEMENT_3D ( 'NONE', #1357, #882, #391 ) ;
#549 = ADVANCED_FACE ( 'NONE', ( #1378 ), #164, .F. ) ;
#550 = SURFACE_STYLE_FILL_AREA ( #1044 ) ;
#551 = FILL_AREA_STYLE ('',( #675 ) ) ;
#552 = ADVANCED_FACE ( 'NONE', ( #4543 ), #2794, .F. ) ;
#553 = FACE_OUTER_BOUND ( 'NONE', #3586, .T. ) ;
#554 = ORIENTED_EDGE ( 'NONE', *, *, #1936, .T. ) ;
#555 = FILL_AREA_STYLE ('',( #1049 ) ) ;
#556 = CARTESIAN_POINT ( 'NONE',  ( -10.15999999999999800, 0.0000000000000000000, -1.939999999999997100 ) ) ;
#557 = DIRECTION ( 'NONE',  ( 0.0000000000000000000, 1.000000000000000000, 0.0000000000000000000 ) ) ;
#558 = CIRCLE ( 'NONE', #207, 0.6000000000000015300 ) ;
#559 = CARTESIAN_POINT ( 'NONE',  ( -12.69999999999999900, 0.5999999999999999800, 7.500000000000004400 ) ) ;
#560 = PRESENTATION_LAYER_ASSIGNMENT (  '', '', ( #435 ) ) ;
#561 =( LENGTH_UNIT ( ) NAMED_UNIT ( * ) SI_UNIT ( .MILLI., .METRE. ) );
#562 = ADVANCED_FACE ( 'NONE', ( #2547 ), #4349, .T. ) ;
#563 = DIRECTION ( 'NONE',  ( 0.0000000000000000000, 0.0000000000000000000, -1.000000000000000000 ) ) ;
#564 = UNCERTAINTY_MEASURE_WITH_UNIT (LENGTH_MEASURE( 1.000000000000000100E-005 ), #4398, 'distance_accuracy_value', 'NONE');
#565 = VECTOR ( 'NONE', #238, 1000.000000000000000 ) ;
#566 = SURFACE_STYLE_USAGE ( .BOTH. , #1059 ) ;
#567 =( GEOMETRIC_REPRESENTATION_CONTEXT ( 3 ) GLOBAL_UNCERTAINTY_ASSIGNED_CONTEXT ( ( #1020 ) ) GLOBAL_UNIT_ASSIGNED_CONTEXT ( ( #141, #3328, #1915 ) ) REPRESENTATION_CONTEXT ( 'NONE', 'WORKASPACE' ) );
#568 = EDGE_CURVE ( 'NONE', #657, #1881, #29, .T. ) ;
#569 = DIRECTION ( 'NONE',  ( -0.0000000000000000000, 1.000000000000000000, -0.0000000000000000000 ) ) ;
#570 = VECTOR ( 'NONE', #3299, 1000.000000000000000 ) ;
#571 = ORIENTED_EDGE ( 'NONE', *, *, #3631, .T. ) ;
#572 = CARTESIAN_POINT ( 'NONE',  ( 12.69999999999999900, 0.5999999999999999800, -7.500000000000000000 ) ) ;
#573 = SURFACE_STYLE_USAGE ( .BOTH. , #1065 ) ;
#574 =( LENGTH_UNIT ( ) NAMED_UNIT ( * ) SI_UNIT ( .MILLI., .METRE. ) );
#575 = ORIENTED_EDGE ( 'NONE', *, *, #2039, .T. ) ;
#576 = AXIS2_PLACEMENT_3D ( 'NONE', #3522, #1652, #1184 ) ;
#577 = FACE_OUTER_BOUND ( 'NONE', #1584, .T. ) ;
#578 = FACE_OUTER_BOUND ( 'NONE', #1718, .T. ) ;
#579 = EDGE_CURVE ( 'NONE', #1752, #4309, #1063, .T. ) ;
#580 = AXIS2_PLACEMENT_3D ( 'NONE', #1073, #584, #113 ) ;
#581 = UNCERTAINTY_MEASURE_WITH_UNIT (LENGTH_MEASURE( 1.000000000000000100E-005 ), #1709, 'distance_accuracy_value', 'NONE');
#582 = ORIENTED_EDGE ( 'NONE', *, *, #4204, .F. ) ;
#583 = DIRECTION ( 'NONE',  ( 0.0000000000000000000, 0.0000000000000000000, 1.000000000000000000 ) ) ;
#584 = DIRECTION ( 'NONE',  ( -0.0000000000000000000, -1.000000000000000000, -0.0000000000000000000 ) ) ;
#585 = CARTESIAN_POINT ( 'NONE',  ( -10.23899294669542000, -3.399999999999993200, -3.033720684583551800 ) ) ;
#586 = FILL_AREA_STYLE_COLOUR ( '', #2660 ) ;
#587 = VECTOR ( 'NONE', #1155, 1000.000000000000100 ) ;
#588 = PRESENTATION_STYLE_ASSIGNMENT (( #1077 ) ) ;
#589 = CARTESIAN_POINT ( 'NONE',  ( 10.15999999999999800, 9.200000000000004600, 10.16000000000000200 ) ) ;
#590 = VECTOR ( 'NONE', #3549, 1000.000000000000000 ) ;
#591 = ORIENTED_EDGE ( 'NONE', *, *, #988, .F. ) ;
#592 = ADVANCED_FACE ( 'NONE', ( #3615 ), #355, .T. ) ;
#593 = STYLED_ITEM ( 'NONE', ( #719 ), #942 ) ;
#594 = DIRECTION ( 'NONE',  ( -1.387778780781445700E-016, 0.0000000000000000000, -1.000000000000000000 ) ) ;
#595 = ORIENTED_EDGE ( 'NONE', *, *, #930, .T. ) ;
#596 = FILL_AREA_STYLE ('',( #1083 ) ) ;
#597 = SURFACE_SIDE_STYLE ('',( #1084 ) ) ;
#598 = ORIENTED_EDGE ( 'NONE', *, *, #2319, .F. ) ;
#599 = DIRECTION ( 'NONE',  ( 0.0000000000000000000, 1.000000000000000000, 0.0000000000000000000 ) ) ;
#600 = CIRCLE ( 'NONE', #151, 0.5000000000000004400 ) ;
#601 = ORIENTED_EDGE ( 'NONE', *, *, #1834, .T. ) ;
#602 = DIRECTION ( 'NONE',  ( 0.9874413691408834300, 0.0000000000000000000, -0.1579858933866487800 ) ) ;
#603 = CARTESIAN_POINT ( 'NONE',  ( -12.69999999999999900, 0.5999999999999999800, 4.500000000000005300 ) ) ;
#604 = SURFACE_STYLE_USAGE ( .BOTH. , #1092 ) ;
#605 = SURFACE_STYLE_FILL_AREA ( #1093 ) ;
#606 = VERTEX_POINT ( 'NONE', #3098 ) ;
#607 = EDGE_CURVE ( 'NONE', #3909, #4289, #2597, .T. ) ;
#608 = EDGE_CURVE ( 'NONE', #2220, #4402, #752, .T. ) ;
#609 = EDGE_CURVE ( 'NONE', #1774, #2273, #3918, .T. ) ;
#610 = FACE_OUTER_BOUND ( 'NONE', #3026, .T. ) ;
#612 = VECTOR ( 'NONE', #92, 1000.000000000000000 ) ;
#611 = DIRECTION ( 'NONE',  ( -1.000000000000000000, 0.0000000000000000000, 0.0000000000000000000 ) ) ;
#613 = COLOUR_RGB ( '',0.7921568627450980000, 0.8196078431372548800, 0.9333333333333333500 ) ;
#614 = SURFACE_SIDE_STYLE ('',( #1101 ) ) ;
#615 = UNCERTAINTY_MEASURE_WITH_UNIT (LENGTH_MEASURE( 1.000000000000000100E-005 ), #851, 'distance_accuracy_value', 'NONE');
#616 = EDGE_CURVE ( 'NONE', #4125, #2875, #2867, .T. ) ;
#617 = ORIENTED_EDGE ( 'NONE', *, *, #3814, .F. ) ;
#618 = SURFACE_SIDE_STYLE ('',( #1104 ) ) ;
#619 = EDGE_CURVE ( 'NONE', #4490, #980, #1090, .T. ) ;
#620 = VERTEX_POINT ( 'NONE', #4268 ) ;
#621 = COLOUR_RGB ( '',0.7921568627450980000, 0.8196078431372548800, 0.9333333333333333500 ) ;
#622 = ORIENTED_EDGE ( 'NONE', *, *, #927, .T. ) ;
#623 = STYLED_ITEM ( 'NONE', ( #1608 ), #3455 ) ;
#624 = CARTESIAN_POINT ( 'NONE',  ( 12.69999999999999900, 0.0000000000000000000, -7.500000000000000000 ) ) ;
#625 = CARTESIAN_POINT ( 'NONE',  ( 12.50000000000000400, 8.900000000000002100, -11.50000000000000200 ) ) ;
#626 = VERTEX_POINT ( 'NONE', #3801 ) ;
#627 = SURFACE_STYLE_USAGE ( .BOTH. , #1110 ) ;
#628 =( NAMED_UNIT ( * ) SI_UNIT ( $, .STERADIAN. ) SOLID_ANGLE_UNIT ( ) );
#629 = SURFACE_SIDE_STYLE ('',( #1112 ) ) ;
#630 = MECHANICAL_DESIGN_GEOMETRIC_PRESENTATION_REPRESENTATION (  '', ( #277 ), #1419 ) ;
#631 = DIRECTION ( 'NONE',  ( 2.141108110448990900E-018, 1.000000000000000000, 1.338232597062403400E-017 ) ) ;
#632 = MECHANICAL_DESIGN_GEOMETRIC_PRESENTATION_REPRESENTATION (  '', ( #3567 ), #3693 ) ;
#633 = PLANE ( 'NONE',  #3364 ) ;
#634 = PRESENTATION_STYLE_ASSIGNMENT (( #1114 ) ) ;
#635 = CARTESIAN_POINT ( 'NONE',  ( -12.08578643762690800, 9.485786437626906300, -12.49999999999999800 ) ) ;
#636 = EDGE_CURVE ( 'NONE', #2273, #1088, #1554, .T. ) ;
#637 = DIRECTION ( 'NONE',  ( 0.0000000000000000000, -1.000000000000000000, 0.0000000000000000000 ) ) ;
#638 = ADVANCED_FACE ( 'NONE', ( #1282 ), #3572, .T. ) ;
#639 = MECHANICAL_DESIGN_GEOMETRIC_PRESENTATION_REPRESENTATION (  '', ( #387 ), #3011 ) ;
#640 = ORIENTED_EDGE ( 'NONE', *, *, #4300, .T. ) ;
#641 = ORIENTED_EDGE ( 'NONE', *, *, #1724, .T. ) ;
#642 = FACE_OUTER_BOUND ( 'NONE', #2309, .T. ) ;
#643 = MECHANICAL_DESIGN_GEOMETRIC_PRESENTATION_REPRESENTATION (  '', ( #400 ), #2049 ) ;
#644 = EDGE_CURVE ( 'NONE', #4279, #2260, #3803, .T. ) ;
#645 = CARTESIAN_POINT ( 'NONE',  ( 11.50000000000000400, 8.900000000000002100, -11.50000000000000200 ) ) ;
#646 =( NAMED_UNIT ( * ) PLANE_ANGLE_UNIT ( ) SI_UNIT ( $, .RADIAN. ) );
#647 = COLOUR_RGB ( '',1.000000000000000000, 1.000000000000000000, 1.000000000000000000 ) ;
#648 = PRESENTATION_LAYER_ASSIGNMENT (  '', '', ( #519 ) ) ;
#649 =( NAMED_UNIT ( * ) PLANE_ANGLE_UNIT ( ) SI_UNIT ( $, .RADIAN. ) );
#650 = VERTEX_POINT ( 'NONE', #1906 ) ;
#651 = CARTESIAN_POINT ( 'NONE',  ( -12.49999999999999800, 0.5999999999999998700, -12.50000000000000000 ) ) ;
#652 = UNCERTAINTY_MEASURE_WITH_UNIT (LENGTH_MEASURE( 1.000000000000000100E-005 ), #1739, 'distance_accuracy_value', 'NONE');
#653 = ORIENTED_EDGE ( 'NONE', *, *, #3259, .F. ) ;
#654 = LINE ( 'NONE', #171, #485 ) ;
#655 = EDGE_CURVE ( 'NONE', #4296, #421, #381, .T. ) ;
#656 =( NAMED_UNIT ( * ) PLANE_ANGLE_UNIT ( ) SI_UNIT ( $, .RADIAN. ) );
#657 = VERTEX_POINT ( 'NONE', #25 ) ;
#658 = SURFACE_STYLE_FILL_AREA ( #1139 ) ;
#659 = EDGE_CURVE ( 'NONE', #2805, #1247, #4157, .T. ) ;
#660 = FACE_OUTER_BOUND ( 'NONE', #2642, .T. ) ;
#661 = CARTESIAN_POINT ( 'NONE',  ( -10.15999999999999800, 0.0000000000000000000, -2.539999999999996900 ) ) ;
#662 = DIRECTION ( 'NONE',  ( -0.0000000000000000000, 1.000000000000000000, -0.0000000000000000000 ) ) ;
#663 = CARTESIAN_POINT ( 'NONE',  ( 11.50000000000000700, 8.900000000000002100, 11.50000000000000200 ) ) ;
#664 = CARTESIAN_POINT ( 'NONE',  ( 11.50000000000000700, 0.5999999999999998700, 5.000000000000001800 ) ) ;
#665 = ORIENTED_EDGE ( 'NONE', *, *, #278, .T. ) ;
#666 = LINE ( 'NONE', #185, #2069 ) ;
#667 = DIRECTION ( 'NONE',  ( 0.0000000000000000000, 1.000000000000000000, 0.0000000000000000000 ) ) ;
#668 = ADVANCED_FACE ( 'NONE', ( #1937 ), #227, .T. ) ;
#669 = VECTOR ( 'NONE', #2528, 1000.000000000000000 ) ;
#670 = ORIENTED_EDGE ( 'NONE', *, *, #2107, .T. ) ;
#671 = VECTOR ( 'NONE', #1033, 1000.000000000000000 ) ;
#672 = DIRECTION ( 'NONE',  ( 1.000000000000000000, 0.0000000000000000000, 0.0000000000000000000 ) ) ;
#673 = CARTESIAN_POINT ( 'NONE',  ( -12.00000000000000700, 0.0000000000000000000, 4.500000000000005300 ) ) ;
#674 = DIRECTION ( 'NONE',  ( 0.9874413691408843200, 0.0000000000000000000, -0.1579858933866437100 ) ) ;
#675 = FILL_AREA_STYLE_COLOUR ( '', #303 ) ;
#676 = AXIS2_PLACEMENT_3D ( 'NONE', #4572, #4097, #3623 ) ;
#677 = ORIENTED_EDGE ( 'NONE', *, *, #1595, .F. ) ;
#678 = DIRECTION ( 'NONE',  ( 0.0000000000000000000, 1.000000000000000000, 0.0000000000000000000 ) ) ;
#679 = UNCERTAINTY_MEASURE_WITH_UNIT (LENGTH_MEASURE( 1.000000000000000100E-005 ), #2281, 'distance_accuracy_value', 'NONE');
#680 = LINE ( 'NONE', #199, #3771 ) ;
#681 = ADVANCED_FACE ( 'NONE', ( #3491 ), #1807, .T. ) ;
#682 = PRESENTATION_LAYER_ASSIGNMENT (  '', '', ( #547 ) ) ;
#683 = CARTESIAN_POINT ( 'NONE',  ( 12.00000000000000000, 0.0000000000000000000, -7.500000000000000000 ) ) ;
#684 = CARTESIAN_POINT ( 'NONE',  ( -12.49999999999999600, 0.5999999999999998700, -4.499999999999997300 ) ) ;
#685 = PRESENTATION_STYLE_ASSIGNMENT (( #1162 ) ) ;
#686 = DIRECTION ( 'NONE',  ( 0.0000000000000000000, 1.000000000000000000, 0.0000000000000000000 ) ) ;
#687 = DIRECTION ( 'NONE',  ( -0.0000000000000000000, 1.000000000000000000, 0.0000000000000000000 ) ) ;
#688 = PLANE ( 'NONE',  #32 ) ;
#689 = VECTOR ( 'NONE', #3100, 1000.000000000000000 ) ;
#690 = SURFACE_STYLE_FILL_AREA ( #1169 ) ;
#691 = DIRECTION ( 'NONE',  ( -1.000000000000000000, -0.0000000000000000000, -0.0000000000000000000 ) ) ;
#692 = CARTESIAN_POINT ( 'NONE',  ( 10.15999999999999800, -3.499999999999994200, 10.16000000000000200 ) ) ;
#693 =( GEOMETRIC_REPRESENTATION_CONTEXT ( 3 ) GLOBAL_UNCERTAINTY_ASSIGNED_CONTEXT ( ( #491 ) ) GLOBAL_UNIT_ASSIGNED_CONTEXT ( ( #2456, #1056, #4237 ) ) REPRESENTATION_CONTEXT ( 'NONE', 'WORKASPACE' ) );
#694 = LINE ( 'NONE', #214, #3473 ) ;
#695 = EDGE_CURVE ( 'NONE', #1829, #3573, #3967, .T. ) ;
#696 = MECHANICAL_DESIGN_GEOMETRIC_PRESENTATION_REPRESENTATION (  '', ( #435 ), #2724 ) ;
#697 = ORIENTED_EDGE ( 'NONE', *, *, #1730, .F. ) ;
#698 = SURFACE_SIDE_STYLE ('',( #1176 ) ) ;
#699 = LINE ( 'NONE', #219, #49 ) ;
#700 = UNCERTAINTY_MEASURE_WITH_UNIT (LENGTH_MEASURE( 1.000000000000000100E-005 ), #3961, 'distance_accuracy_value', 'NONE');
#701 = FACE_OUTER_BOUND ( 'NONE', #3148, .T. ) ;
#702 = ORIENTED_EDGE ( 'NONE', *, *, #2718, .F. ) ;
#703 = SURFACE_SIDE_STYLE ('',( #1183 ) ) ;
#704 = FILL_AREA_STYLE_COLOUR ( '', #1733 ) ;
#705 = CYLINDRICAL_SURFACE ( 'NONE', #4588, 0.5999999999999998700 ) ;
#706 = EDGE_LOOP ( 'NONE', ( #437, #4222 ) ) ;
#707 = CARTESIAN_POINT ( 'NONE',  ( 12.08578643762691100, 9.485786437632599500, 12.49999999999999600 ) ) ;
#708 = CARTESIAN_POINT ( 'NONE',  ( -11.50000000000000000, 8.900000000000002100, -11.50000000000000200 ) ) ;
#709 = CARTESIAN_POINT ( 'NONE',  ( -10.08100705330854300, -3.400000000025096300, 3.033720684558769400 ) ) ;
#710 = CYLINDRICAL_SURFACE ( 'NONE', #3644, 0.4999999999999999400 ) ;
#711 = UNCERTAINTY_MEASURE_WITH_UNIT (LENGTH_MEASURE( 1.000000000000000100E-005 ), #802, 'distance_accuracy_value', 'NONE');
#712 = AXIS2_PLACEMENT_3D ( 'NONE', #3438, #2991, #2499 ) ;
#713 =( GEOMETRIC_REPRESENTATION_CONTEXT ( 3 ) GLOBAL_UNCERTAINTY_ASSIGNED_CONTEXT ( ( #1150 ) ) GLOBAL_UNIT_ASSIGNED_CONTEXT ( ( #574, #3774, #2340 ) ) REPRESENTATION_CONTEXT ( 'NONE', 'WORKASPACE' ) );
#714 = EDGE_LOOP ( 'NONE', ( #640, #1781 ) ) ;
#715 = DIRECTION ( 'NONE',  ( 0.0000000000000000000, 0.0000000000000000000, -1.000000000000000000 ) ) ;
#716 = DIRECTION ( 'NONE',  ( 0.0000000000000000000, 1.000000000000000000, 0.0000000000000000000 ) ) ;
#717 = CARTESIAN_POINT ( 'NONE',  ( 12.69999999999999900, 0.0000000000000000000, 7.500000000000004400 ) ) ;
#718 = ORIENTED_EDGE ( 'NONE', *, *, #286, .F. ) ;
#719 = PRESENTATION_STYLE_ASSIGNMENT (( #1198 ) ) ;
#720 = CARTESIAN_POINT ( 'NONE',  ( -9.666279315429557400, 9.200000000000004600, -2.618992946693321900 ) ) ;
#721 = AXIS2_PLACEMENT_3D ( 'NONE', #663, #180, #4317 ) ;
#723 = ORIENTED_EDGE ( 'NONE', *, *, #2519, .T. ) ;
#722 = AXIS2_PLACEMENT_3D ( 'NONE', #3102, #2854, #2378 ) ;
#724 = DIRECTION ( 'NONE',  ( 2.141108110448990900E-018, 1.000000000000000000, 1.338232597062403400E-017 ) ) ;
#725 = DIRECTION ( 'NONE',  ( -0.0000000000000000000, -1.000000000000000000, -0.0000000000000000000 ) ) ;
#726 = DIRECTION ( 'NONE',  ( -1.000000000000000000, -0.0000000000000000000, -0.0000000000000000000 ) ) ;
#727 = LINE ( 'NONE', #247, #1290 ) ;
#728 = SURFACE_SIDE_STYLE ('',( #1208 ) ) ;
#729 = PRESENTATION_LAYER_ASSIGNMENT (  '', '', ( #593 ) ) ;
#730 = ORIENTED_EDGE ( 'NONE', *, *, #2370, .F. ) ;
#731 = FACE_OUTER_BOUND ( 'NONE', #2632, .T. ) ;
#732 =( GEOMETRIC_REPRESENTATION_CONTEXT ( 3 ) GLOBAL_UNCERTAINTY_ASSIGNED_CONTEXT ( ( #615 ) ) GLOBAL_UNIT_ASSIGNED_CONTEXT ( ( #851, #4028, #2608 ) ) REPRESENTATION_CONTEXT ( 'NONE', 'WORKASPACE' ) );
#733 = AXIS2_PLACEMENT_3D ( 'NONE', #1615, #1152, #672 ) ;
#734 = PLANE ( 'NONE',  #2321 ) ;
#735 = CARTESIAN_POINT ( 'NONE',  ( 10.15999999999999800, -3.399999999999993200, -10.15999999999999800 ) ) ;
#736 =( NAMED_UNIT ( * ) SI_UNIT ( $, .STERADIAN. ) SOLID_ANGLE_UNIT ( ) );
#737 = CARTESIAN_POINT ( 'NONE',  ( -11.99999999997703300, 0.5999999999999999800, 7.000000000022969200 ) ) ;
#738 = DIRECTION ( 'NONE',  ( 0.9780674360120600300, 0.0000000000000000000, 0.2082884793088541600 ) ) ;
#739 = AXIS2_PLACEMENT_3D ( 'NONE', #1939, #1479, #1016 ) ;
#740 = VECTOR ( 'NONE', #1953, 1000.000000000000000 ) ;
#741 = PLANE ( 'NONE',  #4504 ) ;
#742 = CYLINDRICAL_SURFACE ( 'NONE', #488, 0.9999999999999991100 ) ;
#743 = DIRECTION ( 'NONE',  ( 0.0000000000000000000, 1.000000000000000000, 0.0000000000000000000 ) ) ;
#744 = ORIENTED_EDGE ( 'NONE', *, *, #644, .F. ) ;
#745 = UNCERTAINTY_MEASURE_WITH_UNIT (LENGTH_MEASURE( 1.000000000000000100E-005 ), #1844, 'distance_accuracy_value', 'NONE');
#746 = DIRECTION ( 'NONE',  ( -0.9780674360120595900, 0.0000000000000000000, -0.2082884793088561600 ) ) ;
#747 = ORIENTED_EDGE ( 'NONE', *, *, #3439, .T. ) ;
#748 = DIRECTION ( 'NONE',  ( 0.0000000000000000000, 0.0000000000000000000, 1.000000000000000000 ) ) ;
#749 = ORIENTED_EDGE ( 'NONE', *, *, #395, .T. ) ;
#750 = DIRECTION ( 'NONE',  ( 0.0000000000000000000, 1.000000000000000000, 0.0000000000000000000 ) ) ;
#751 = SURFACE_STYLE_USAGE ( .BOTH. , #1228 ) ;
#752 = CIRCLE ( 'NONE', #1633, 0.6000000000000000900 ) ;
#753 = DIRECTION ( 'NONE',  ( -1.000000000000000000, -0.0000000000000000000, -0.0000000000000000000 ) ) ;
#754 = CARTESIAN_POINT ( 'NONE',  ( -11.99999999997703300, 0.0000000000000000000, -4.999999999977033500 ) ) ;
#755 =( LENGTH_UNIT ( ) NAMED_UNIT ( * ) SI_UNIT ( .MILLI., .METRE. ) );
#756 = DIRECTION ( 'NONE',  ( 1.387778780781445700E-016, 0.0000000000000000000, 1.000000000000000000 ) ) ;
#757 = PRESENTATION_LAYER_ASSIGNMENT (  '', '', ( #623 ) ) ;
#758 = ORIENTED_EDGE ( 'NONE', *, *, #1358, .T. ) ;
#759 = COLOUR_RGB ( '',0.7921568627450980000, 0.8196078431372548800, 0.9333333333333333500 ) ;
#760 = EDGE_CURVE ( 'NONE', #2431, #2163, #39, .T. ) ;
#761 =( NAMED_UNIT ( * ) SI_UNIT ( $, .STERADIAN. ) SOLID_ANGLE_UNIT ( ) );
#762 = FILL_AREA_STYLE ('',( #1239 ) ) ;
#763 = FILL_AREA_STYLE ('',( #4058 ) ) ;
#764 = CARTESIAN_POINT ( 'NONE',  ( 10.15999999999999800, 9.200000000000004600, 1.734723475976807100E-015 ) ) ;
#765 = STYLED_ITEM ( 'NONE', ( #4155 ), #638 ) ;
#766 = ORIENTED_EDGE ( 'NONE', *, *, #3165, .F. ) ;
#767 = SURFACE_STYLE_FILL_AREA ( #1244 ) ;
#768 = AXIS2_PLACEMENT_3D ( 'NONE', #3490, #3038, #2549 ) ;
#769 = VERTEX_POINT ( 'NONE', #664 ) ;
#770 = COLOUR_RGB ( '',0.7921568627450980000, 0.8196078431372548800, 0.9333333333333333500 ) ;
#771 = EDGE_CURVE ( 'NONE', #1591, #3845, #3945, .T. ) ;
#772 = AXIS2_PLACEMENT_3D ( 'NONE', #1482, #1018, #524 ) ;
#773 = MECHANICAL_DESIGN_GEOMETRIC_PRESENTATION_REPRESENTATION (  '', ( #519 ), #1855 ) ;
#774 = PRESENTATION_STYLE_ASSIGNMENT (( #1249 ) ) ;
#775 = ORIENTED_EDGE ( 'NONE', *, *, #4077, .F. ) ;
#776 = CARTESIAN_POINT ( 'NONE',  ( -10.15999999999999800, -3.499999999943150800, -2.539999999999996900 ) ) ;
#777 = CARTESIAN_POINT ( 'NONE',  ( 10.15999999999999800, 0.5999999999999998700, -10.15999999999999800 ) ) ;
#778 = UNCERTAINTY_MEASURE_WITH_UNIT (LENGTH_MEASURE( 1.000000000000000100E-005 ), #1335, 'distance_accuracy_value', 'NONE');
#779 = DIRECTION ( 'NONE',  ( 0.0000000000000000000, 0.0000000000000000000, 1.000000000000000000 ) ) ;
#780 = CARTESIAN_POINT ( 'NONE',  ( 11.50000000000000200, 0.5999999999999998700, -11.50000000000000200 ) ) ;
#781 = CARTESIAN_POINT ( 'NONE',  ( -10.15999999999999800, -3.400000000025096300, -10.15999999999999800 ) ) ;
#782 = DIRECTION ( 'NONE',  ( 0.0000000000000000000, 0.0000000000000000000, 1.000000000000000000 ) ) ;
#783 = ORIENTED_EDGE ( 'NONE', *, *, #1123, .F. ) ;
#784 =( NAMED_UNIT ( * ) SI_UNIT ( $, .STERADIAN. ) SOLID_ANGLE_UNIT ( ) );
#785 = CIRCLE ( 'NONE', #3509, 0.5000000000000001100 ) ;
#786 = EDGE_CURVE ( 'NONE', #1575, #3131, #4284, .T. ) ;
#787 = VECTOR ( 'NONE', #599, 1000.000000000000000 ) ;
#788 =( GEOMETRIC_REPRESENTATION_CONTEXT ( 3 ) GLOBAL_UNCERTAINTY_ASSIGNED_CONTEXT ( ( #2498 ) ) GLOBAL_UNIT_ASSIGNED_CONTEXT ( ( #3608, #2187, #793 ) ) REPRESENTATION_CONTEXT ( 'NONE', 'WORKASPACE' ) );
#789 = UNCERTAINTY_MEASURE_WITH_UNIT (LENGTH_MEASURE( 1.000000000000000100E-005 ), #2424, 'distance_accuracy_value', 'NONE');
#790 =( LENGTH_UNIT ( ) NAMED_UNIT ( * ) SI_UNIT ( .MILLI., .METRE. ) );
#791 = VECTOR ( 'NONE', #169, 1000.000000000000000 ) ;
#792 =( NAMED_UNIT ( * ) SI_UNIT ( $, .STERADIAN. ) SOLID_ANGLE_UNIT ( ) );
#793 =( NAMED_UNIT ( * ) SI_UNIT ( $, .STERADIAN. ) SOLID_ANGLE_UNIT ( ) );
#794 = ORIENTED_EDGE ( 'NONE', *, *, #4555, .T. ) ;
#795 = DIRECTION ( 'NONE',  ( 0.0000000000000000000, 0.0000000000000000000, 1.000000000000000000 ) ) ;
#796 =( NAMED_UNIT ( * ) PLANE_ANGLE_UNIT ( ) SI_UNIT ( $, .RADIAN. ) );
#797 = AXIS2_PLACEMENT_3D ( 'NONE', #540, #75, #4215 ) ;
#798 = DIRECTION ( 'NONE',  ( 0.2082884793088561100, 0.0000000000000000000, -0.9780674360120595900 ) ) ;
#799 = CARTESIAN_POINT ( 'NONE',  ( 11.50000000000000700, 0.0000000000000000000, 5.000000000000001800 ) ) ;
#800 = VERTEX_POINT ( 'NONE', #1960 ) ;
#801 = AXIS2_PLACEMENT_3D ( 'NONE', #3966, #3484, #3032 ) ;
#802 =( LENGTH_UNIT ( ) NAMED_UNIT ( * ) SI_UNIT ( .MILLI., .METRE. ) );
#803 = EDGE_CURVE ( 'NONE', #4406, #4014, #2430, .T. ) ;
#804 = FACE_OUTER_BOUND ( 'NONE', #3680, .T. ) ;
#805 = MECHANICAL_DESIGN_GEOMETRIC_PRESENTATION_REPRESENTATION (  '', ( #547 ), #3068 ) ;
#806 = DIRECTION ( 'NONE',  ( 0.9780674360120592500, 0.0000000000000000000, 0.2082884793088574700 ) ) ;
#807 = AXIS2_PLACEMENT_3D ( 'NONE', #529, #66, #4203 ) ;
#808 = LINE ( 'NONE', #324, #2573 ) ;
#809 = FILL_AREA_STYLE_COLOUR ( '', #3253 ) ;
#810 =( GEOMETRIC_REPRESENTATION_CONTEXT ( 3 ) GLOBAL_UNCERTAINTY_ASSIGNED_CONTEXT ( ( #1782 ) ) GLOBAL_UNIT_ASSIGNED_CONTEXT ( ( #3685, #2253, #868 ) ) REPRESENTATION_CONTEXT ( 'NONE', 'WORKASPACE' ) );
#811 = DIRECTION ( 'NONE',  ( 3.469446951953609500E-015, -0.0000000000000000000, -1.000000000000000000 ) ) ;
#812 = UNCERTAINTY_MEASURE_WITH_UNIT (LENGTH_MEASURE( 1.000000000000000100E-005 ), #4396, 'distance_accuracy_value', 'NONE');
#813 = EDGE_LOOP ( 'NONE', ( #2757, #3396 ) ) ;
#814 = DIRECTION ( 'NONE',  ( -0.9874413691408832100, 0.0000000000000000000, 0.1579858933866496500 ) ) ;
#815 = EDGE_LOOP ( 'NONE', ( #1132, #534 ) ) ;
#816 = EDGE_CURVE ( 'NONE', #3196, #332, #2517, .T. ) ;
#817 = AXIS2_PLACEMENT_3D ( 'NONE', #346, #4486, #4011 ) ;
#818 = DIRECTION ( 'NONE',  ( 0.0000000000000000000, -0.0000000000000000000, 1.000000000000000000 ) ) ;
#819 = DIRECTION ( 'NONE',  ( 0.0000000000000000000, 0.0000000000000000000, 1.000000000000000000 ) ) ;
#820 = VECTOR ( 'NONE', #2973, 1000.000000000000000 ) ;
#821 = MANIFOLD_SOLID_BREP ( 'ëgÇ›çáÇÌÇπ1', #2746 ) ;
#822 = ORIENTED_EDGE ( 'NONE', *, *, #2780, .F. ) ;
#823 = CARTESIAN_POINT ( 'NONE',  ( 10.15999999999999800, 0.0000000000000000000, -10.15999999999999800 ) ) ;
#824 = CARTESIAN_POINT ( 'NONE',  ( 12.50000000000000700, 8.900000000000002100, 11.50000000000000200 ) ) ;
#825 = DIRECTION ( 'NONE',  ( 1.000000000000000000, -0.0000000000000000000, -0.0000000000000000000 ) ) ;
#826 = CYLINDRICAL_SURFACE ( 'NONE', #3998, 0.4999999999770353100 ) ;
#827 = DIRECTION ( 'NONE',  ( 0.9780674360120592500, 0.0000000000000000000, 0.2082884793088574700 ) ) ;
#828 = STYLED_ITEM ( 'NONE', ( #2468 ), #297 ) ;
#829 = VECTOR ( 'NONE', #2427, 1000.000000000000000 ) ;
#830 = PRESENTATION_LAYER_ASSIGNMENT (  '', '', ( #226 ) ) ;
#831 =( NAMED_UNIT ( * ) SI_UNIT ( $, .STERADIAN. ) SOLID_ANGLE_UNIT ( ) );
#832 = LINE ( 'NONE', #349, #4582 ) ;
#833 = VERTEX_POINT ( 'NONE', #3994 ) ;
#834 = CARTESIAN_POINT ( 'NONE',  ( 0.0000000000000000000, 8.900000000000002100, 12.50000000000000000 ) ) ;
#835 =( NAMED_UNIT ( * ) SI_UNIT ( $, .STERADIAN. ) SOLID_ANGLE_UNIT ( ) );
#836 = VECTOR ( 'NONE', #2834, 1000.000000000000100 ) ;
#837 = COLOUR_RGB ( '',1.000000000000000000, 1.000000000000000000, 1.000000000000000000 ) ;
#838 = EDGE_LOOP ( 'NONE', ( #582, #3776 ) ) ;
#839 = DIRECTION ( 'NONE',  ( -2.822835272196299300E-018, 1.000000000000000000, 1.325528548733347100E-017 ) ) ;
#840 = LINE ( 'NONE', #357, #432 ) ;
#841 = DIRECTION ( 'NONE',  ( 2.141108110448990900E-018, 1.000000000000000000, 1.338232597062403400E-017 ) ) ;
#842 = VERTEX_POINT ( 'NONE', #3510 ) ;
#843 = AXIS2_PLACEMENT_3D ( 'NONE', #3856, #3624, #3176 ) ;
#844 = CYLINDRICAL_SURFACE ( 'NONE', #722, 0.9999999999999991100 ) ;
#845 =( GEOMETRIC_REPRESENTATION_CONTEXT ( 3 ) GLOBAL_UNCERTAINTY_ASSIGNED_CONTEXT ( ( #3806 ) ) GLOBAL_UNIT_ASSIGNED_CONTEXT ( ( #480, #3683, #2251 ) ) REPRESENTATION_CONTEXT ( 'NONE', 'WORKASPACE' ) );
#846 = MECHANICAL_DESIGN_GEOMETRIC_PRESENTATION_REPRESENTATION (  '', ( #593 ), #1527 ) ;
#847 =( LENGTH_UNIT ( ) NAMED_UNIT ( * ) SI_UNIT ( .MILLI., .METRE. ) );
#848 = COLOUR_RGB ( '',0.7921568627450980000, 0.8196078431372548800, 0.9333333333333333500 ) ;
#849 =( NAMED_UNIT ( * ) PLANE_ANGLE_UNIT ( ) SI_UNIT ( $, .RADIAN. ) );
#850 = SURFACE_STYLE_USAGE ( .BOTH. , #1318 ) ;
#851 =( LENGTH_UNIT ( ) NAMED_UNIT ( * ) SI_UNIT ( .MILLI., .METRE. ) );
#852 = DIRECTION ( 'NONE',  ( 0.0000000000000000000, -1.000000000000000000, -0.0000000000000000000 ) ) ;
#853 = UNCERTAINTY_MEASURE_WITH_UNIT (LENGTH_MEASURE( 1.000000000000000100E-005 ), #1895, 'distance_accuracy_value', 'NONE');
#854 = CARTESIAN_POINT ( 'NONE',  ( -12.69999999999999900, 0.0000000000000000000, 7.500000000000004400 ) ) ;
#855 =( LENGTH_UNIT ( ) NAMED_UNIT ( * ) SI_UNIT ( .MILLI., .METRE. ) );
#856 =( LENGTH_UNIT ( ) NAMED_UNIT ( * ) SI_UNIT ( .MILLI., .METRE. ) );
#857 = ORIENTED_EDGE ( 'NONE', *, *, #3465, .F. ) ;
#858 =( NAMED_UNIT ( * ) PLANE_ANGLE_UNIT ( ) SI_UNIT ( $, .RADIAN. ) );
#859 = ORIENTED_EDGE ( 'NONE', *, *, #609, .T. ) ;
#860 = COLOUR_RGB ( '',0.7921568627450980000, 0.8196078431372548800, 0.9333333333333333500 ) ;
#861 = CARTESIAN_POINT ( 'NONE',  ( -9.666279315429557400, 0.5999999999999998700, 2.461007053306677700 ) ) ;
#862 = FILL_AREA_STYLE_COLOUR ( '', #3603 ) ;
#863 = ORIENTED_EDGE ( 'NONE', *, *, #167, .T. ) ;
#864 = FACE_OUTER_BOUND ( 'NONE', #2802, .T. ) ;
#865 = CARTESIAN_POINT ( 'NONE',  ( 10.15999999999999800, 0.5999999999999998700, 1.734723475976807100E-015 ) ) ;
#866 = AXIS2_PLACEMENT_3D ( 'NONE', #3759, #3282, #2813 ) ;
#867 = STYLED_ITEM ( 'NONE', ( #1862 ), #2895 ) ;
#868 =( NAMED_UNIT ( * ) SI_UNIT ( $, .STERADIAN. ) SOLID_ANGLE_UNIT ( ) );
#869 = DIRECTION ( 'NONE',  ( -0.0000000000000000000, 1.000000000000000000, -0.0000000000000000000 ) ) ;
#870 = DIRECTION ( 'NONE',  ( -1.000000000000000000, 0.0000000000000000000, -0.0000000000000000000 ) ) ;
#871 = PRESENTATION_STYLE_ASSIGNMENT (( #1342 ) ) ;
#872 = DIRECTION ( 'NONE',  ( 0.0000000000000000000, 0.0000000000000000000, -1.000000000000000000 ) ) ;
#873 =( GEOMETRIC_REPRESENTATION_CONTEXT ( 3 ) GLOBAL_UNCERTAINTY_ASSIGNED_CONTEXT ( ( #4230 ) ) GLOBAL_UNIT_ASSIGNED_CONTEXT ( ( #2864, #1454, #31 ) ) REPRESENTATION_CONTEXT ( 'NONE', 'WORKASPACE' ) );
#874 = ORIENTED_EDGE ( 'NONE', *, *, #4507, .T. ) ;
#875 = CIRCLE ( 'NONE', #457, 0.4999999999999996100 ) ;
#876 = FILL_AREA_STYLE_COLOUR ( '', #1262 ) ;
#877 = MECHANICAL_DESIGN_GEOMETRIC_PRESENTATION_REPRESENTATION (  '', ( #623 ), #3548 ) ;
#878 = SURFACE_STYLE_USAGE ( .BOTH. , #1349 ) ;
#879 = CARTESIAN_POINT ( 'NONE',  ( -10.22319435735675500, -3.499999999943150800, -10.55497654766946300 ) ) ;
#880 = CARTESIAN_POINT ( 'NONE',  ( 10.15999999999999800, 0.5999999999999998700, 1.734723475976807100E-015 ) ) ;
#881 = ORIENTED_EDGE ( 'NONE', *, *, #2384, .F. ) ;
#882 = DIRECTION ( 'NONE',  ( 0.0000000000000000000, 1.000000000000000000, 0.0000000000000000000 ) ) ;
#883 = CIRCLE ( 'NONE', #2572, 0.5999999999999998700 ) ;
#884 = ORIENTED_EDGE ( 'NONE', *, *, #1737, .F. ) ;
#885 = ORIENTED_EDGE ( 'NONE', *, *, #42, .T. ) ;
#886 = CARTESIAN_POINT ( 'NONE',  ( 10.15999999999999800, 9.200000000000004600, 10.16000000000000200 ) ) ;
#887 = DIRECTION ( 'NONE',  ( 0.0000000000000000000, 1.000000000000000000, 0.0000000000000000000 ) ) ;
#888 = EDGE_LOOP ( 'NONE', ( #2776, #1210 ) ) ;
#889 = DIRECTION ( 'NONE',  ( 1.000000000000000000, -0.0000000000000000000, -0.0000000000000000000 ) ) ;
#890 = CARTESIAN_POINT ( 'NONE',  ( 10.15999999999999800, 0.0000000000000000000, -10.76000000000000000 ) ) ;
#891 = VECTOR ( 'NONE', #2852, 1000.000000000000000 ) ;
#892 = EDGE_CURVE ( 'NONE', #3873, #1179, #3740, .T. ) ;
#893 = VECTOR ( 'NONE', #3712, 1000.000000000000000 ) ;
#894 =( NAMED_UNIT ( * ) PLANE_ANGLE_UNIT ( ) SI_UNIT ( $, .RADIAN. ) );
#895 = SURFACE_SIDE_STYLE ('',( #1369 ) ) ;
#896 =( LENGTH_UNIT ( ) NAMED_UNIT ( * ) SI_UNIT ( .MILLI., .METRE. ) );
#897 = VECTOR ( 'NONE', #2755, 1000.000000000000000 ) ;
#898 = COLOUR_RGB ( '',0.7921568627450980000, 0.8196078431372548800, 0.9333333333333333500 ) ;
#899 = ORIENTED_EDGE ( 'NONE', *, *, #2669, .T. ) ;
#900 = SURFACE_STYLE_USAGE ( .BOTH. , #1374 ) ;
#901 = DIRECTION ( 'NONE',  ( -1.000000000000000000, -0.0000000000000000000, -2.478176394252608900E-015 ) ) ;
#902 = EDGE_CURVE ( 'NONE', #129, #4490, #1640, .T. ) ;
#903 = EDGE_CURVE ( 'NONE', #925, #2163, #2886, .T. ) ;
#904 = CARTESIAN_POINT ( 'NONE',  ( -10.65372068457044100, 9.200000000000004600, -2.461007053306672400 ) ) ;
#905 = COLOUR_RGB ( '',0.7921568627450980000, 0.8196078431372548800, 0.9333333333333333500 ) ;
#906 = SURFACE_STYLE_USAGE ( .BOTH. , #1383 ) ;
#907 = SURFACE_STYLE_USAGE ( .BOTH. , #1384 ) ;
#908 = EDGE_CURVE ( 'NONE', #1391, #1008, #3392, .T. ) ;
#909 = EDGE_LOOP ( 'NONE', ( #4264, #2012, #2596, #949 ) ) ;
#910 =( NAMED_UNIT ( * ) SI_UNIT ( $, .STERADIAN. ) SOLID_ANGLE_UNIT ( ) );
#911 = FILL_AREA_STYLE ('',( #1386 ) ) ;
#912 = SURFACE_STYLE_FILL_AREA ( #1387 ) ;
#913 = AXIS2_PLACEMENT_3D ( 'NONE', #1742, #1265, #795 ) ;
#914 = ORIENTED_EDGE ( 'NONE', *, *, #659, .T. ) ;
#915 = CARTESIAN_POINT ( 'NONE',  ( 11.50000000000000000, 0.0000000000000000000, -4.999999999999997300 ) ) ;
#916 = CIRCLE ( 'NONE', #1894, 0.5999999999999998700 ) ;
#917 =( NAMED_UNIT ( * ) SI_UNIT ( $, .STERADIAN. ) SOLID_ANGLE_UNIT ( ) );
#918 = ADVANCED_FACE ( 'NONE', ( #1626 ), #2315, .F. ) ;
#919 = PRESENTATION_STYLE_ASSIGNMENT (( #1394 ) ) ;
#920 = CARTESIAN_POINT ( 'NONE',  ( 12.69999999999999900, 0.5999999999999999800, 4.500000000000005300 ) ) ;
#921 = ORIENTED_EDGE ( 'NONE', *, *, #1379, .T. ) ;
#922 =( NAMED_UNIT ( * ) PLANE_ANGLE_UNIT ( ) SI_UNIT ( $, .RADIAN. ) );
#923 = FACE_OUTER_BOUND ( 'NONE', #513, .T. ) ;
#924 = VECTOR ( 'NONE', #4000, 1000.000000000000000 ) ;
#925 = VERTEX_POINT ( 'NONE', #1775 ) ;
#926 = CIRCLE ( 'NONE', #1963, 0.4000000000132785700 ) ;
#927 = EDGE_CURVE ( 'NONE', #2163, #14, #1305, .T. ) ;
#928 = VECTOR ( 'NONE', #1676, 1000.000000000000000 ) ;
#929 =( NAMED_UNIT ( * ) PLANE_ANGLE_UNIT ( ) SI_UNIT ( $, .RADIAN. ) );
#930 = EDGE_CURVE ( 'NONE', #1693, #1552, #4015, .T. ) ;
#931 = EDGE_LOOP ( 'NONE', ( #1522, #428 ) ) ;
#932 = AXIS2_PLACEMENT_3D ( 'NONE', #1768, #1302, #827 ) ;
#933 = SURFACE_SIDE_STYLE ('',( #1408 ) ) ;
#934 = CARTESIAN_POINT ( 'NONE',  ( 12.69999999999999900, 0.5999999999999999800, -7.500000000000000000 ) ) ;
#935 = UNCERTAINTY_MEASURE_WITH_UNIT (LENGTH_MEASURE( 1.000000000000000100E-005 ), #343, 'distance_accuracy_value', 'NONE');
#936 = CYLINDRICAL_SURFACE ( 'NONE', #440, 0.4999999999999999400 ) ;
#937 = VECTOR ( 'NONE', #1426, 1000.000000000000100 ) ;
#938 = FILL_AREA_STYLE_COLOUR ( '', #898 ) ;
#939 = SURFACE_STYLE_USAGE ( .BOTH. , #1412 ) ;
#940 = LINE ( 'NONE', #448, #4111 ) ;
#941 = ORIENTED_EDGE ( 'NONE', *, *, #1933, .T. ) ;
#942 = ADVANCED_FACE ( 'NONE', ( #2096 ), #3516, .F. ) ;
#943 = SURFACE_STYLE_USAGE ( .BOTH. , #1416 ) ;
#944 = ORIENTED_EDGE ( 'NONE', *, *, #2085, .T. ) ;
#945 = CARTESIAN_POINT ( 'NONE',  ( -12.49999999999999600, 8.900000000000000400, 11.50000000000000000 ) ) ;
#946 = PRESENTATION_LAYER_ASSIGNMENT (  '', '', ( #828 ) ) ;
#947 = FACE_OUTER_BOUND ( 'NONE', #4052, .T. ) ;
#948 = MECHANICAL_DESIGN_GEOMETRIC_PRESENTATION_REPRESENTATION (  '', ( #226 ), #315 ) ;
#949 = ORIENTED_EDGE ( 'NONE', *, *, #2641, .T. ) ;
#950 =( GEOMETRIC_REPRESENTATION_CONTEXT ( 3 ) GLOBAL_UNCERTAINTY_ASSIGNED_CONTEXT ( ( #2723 ) ) GLOBAL_UNIT_ASSIGNED_CONTEXT ( ( #3247, #1828, #406 ) ) REPRESENTATION_CONTEXT ( 'NONE', 'WORKASPACE' ) );
#951 = EDGE_CURVE ( 'NONE', #3999, #2141, #3585, .T. ) ;
#952 = CARTESIAN_POINT ( 'NONE',  ( -12.69999999999999900, 0.5999999999999999800, -12.69999999999999900 ) ) ;
#953 = CYLINDRICAL_SURFACE ( 'NONE', #843, 0.9999999999999991100 ) ;
#954 = VERTEX_POINT ( 'NONE', #478 ) ;
#955 = FILL_AREA_STYLE ('',( #2833 ) ) ;
#956 = CARTESIAN_POINT ( 'NONE',  ( 12.50000000000000200, 0.5999999999999998700, -7.500000000000000000 ) ) ;
#957 = DIRECTION ( 'NONE',  ( 0.0000000000000000000, -1.000000000000000000, 0.0000000000000000000 ) ) ;
#958 = COLOUR_RGB ( '',0.7921568627450980000, 0.8196078431372548800, 0.9333333333333333500 ) ;
#959 = PRESENTATION_LAYER_ASSIGNMENT (  '', '', ( #4150 ) ) ;
#960 =( NAMED_UNIT ( * ) SI_UNIT ( $, .STERADIAN. ) SOLID_ANGLE_UNIT ( ) );
#961 = DIRECTION ( 'NONE',  ( -2.822835272196299300E-018, 1.000000000000000000, 1.325528548733347100E-017 ) ) ;
#962 = CARTESIAN_POINT ( 'NONE',  ( -10.15999999999999800, 0.0000000000000000000, -2.539999999999996900 ) ) ;
#963 = ORIENTED_EDGE ( 'NONE', *, *, #2341, .T. ) ;
#964 = ADVANCED_FACE ( 'NONE', ( #1319 ), #1682, .F. ) ;
#965 = FILL_AREA_STYLE ('',( #1434 ) ) ;
#966 = ORIENTED_EDGE ( 'NONE', *, *, #619, .T. ) ;
#967 = EDGE_CURVE ( 'NONE', #2915, #3067, #4407, .T. ) ;
#968 = AXIS2_PLACEMENT_3D ( 'NONE', #2759, #2270, #1814 ) ;
#969 = ORIENTED_EDGE ( 'NONE', *, *, #608, .F. ) ;
#970 = FILL_AREA_STYLE_COLOUR ( '', #393 ) ;
#971 = CARTESIAN_POINT ( 'NONE',  ( -12.08578643762690200, 9.485786437626904500, 12.49999999999999800 ) ) ;
#972 = COLOUR_RGB ( '',0.7921568627450980000, 0.8196078431372548800, 0.9333333333333333500 ) ;
#973 = ORIENTED_EDGE ( 'NONE', *, *, #3517, .T. ) ;
#974 = SURFACE_STYLE_USAGE ( .BOTH. , #1443 ) ;
#975 = SURFACE_STYLE_FILL_AREA ( #1444 ) ;
#976 =( NAMED_UNIT ( * ) PLANE_ANGLE_UNIT ( ) SI_UNIT ( $, .RADIAN. ) );
#977 = DIRECTION ( 'NONE',  ( 0.0000000000000000000, 0.0000000000000000000, 1.000000000000000000 ) ) ;
#978 = CARTESIAN_POINT ( 'NONE',  ( 10.26414423965196400, -3.400000000025096300, -10.64903371799446500 ) ) ;
#979 =( GEOMETRIC_REPRESENTATION_CONTEXT ( 3 ) GLOBAL_UNCERTAINTY_ASSIGNED_CONTEXT ( ( #3542 ) ) GLOBAL_UNIT_ASSIGNED_CONTEXT ( ( #2190, #796, #3984 ) ) REPRESENTATION_CONTEXT ( 'NONE', 'WORKASPACE' ) );
#980 = VERTEX_POINT ( 'NONE', #2510 ) ;
#981 = STYLED_ITEM ( 'NONE', ( #3265 ), #411 ) ;
#982 = ADVANCED_FACE ( 'NONE', ( #2494 ), #1122, .T. ) ;
#983 = PRESENTATION_LAYER_ASSIGNMENT (  '', '', ( #867 ) ) ;
#984 = EDGE_CURVE ( 'NONE', #2320, #4296, #1822, .T. ) ;
#985 = CARTESIAN_POINT ( 'NONE',  ( -11.50000000000000000, 0.5999999999999998700, 6.999999999999994700 ) ) ;
#986 = COLOUR_RGB ( '',0.7921568627450980000, 0.8196078431372548800, 0.9333333333333333500 ) ;
#987 = PRESENTATION_STYLE_ASSIGNMENT (( #1455 ) ) ;
#988 = EDGE_CURVE ( 'NONE', #1391, #650, #1823, .T. ) ;
#989 = EDGE_LOOP ( 'NONE', ( #541, #90, #3332, #3447 ) ) ;
#990 = LINE ( 'NONE', #495, #3971 ) ;
#991 = EDGE_CURVE ( 'NONE', #2619, #2805, #2522, .T. ) ;
#992 = ORIENTED_EDGE ( 'NONE', *, *, #1307, .T. ) ;
#993 =( GEOMETRIC_REPRESENTATION_CONTEXT ( 3 ) GLOBAL_UNCERTAINTY_ASSIGNED_CONTEXT ( ( #2694 ) ) GLOBAL_UNIT_ASSIGNED_CONTEXT ( ( #3785, #2354, #960 ) ) REPRESENTATION_CONTEXT ( 'NONE', 'WORKASPACE' ) );
#994 = CARTESIAN_POINT ( 'NONE',  ( 10.15999999999999800, -3.400000000025096300, 1.734723475976807100E-015 ) ) ;
#995 = ORIENTED_EDGE ( 'NONE', *, *, #2649, .F. ) ;
#996 =( LENGTH_UNIT ( ) NAMED_UNIT ( * ) SI_UNIT ( .MILLI., .METRE. ) );
#997 = CARTESIAN_POINT ( 'NONE',  ( 12.08578643762691000, 9.485786437626908100, -12.50000000000000000 ) ) ;
#998 = ORIENTED_EDGE ( 'NONE', *, *, #1388, .F. ) ;
#999 = SURFACE_STYLE_FILL_AREA ( #1463 ) ;
#1000 = SURFACE_SIDE_STYLE ('',( #1468 ) ) ;
#1001 = UNCERTAINTY_MEASURE_WITH_UNIT (LENGTH_MEASURE( 1.000000000000000100E-005 ), #3454, 'distance_accuracy_value', 'NONE');
#1002 = FILL_AREA_STYLE ('',( #1470 ) ) ;
#1003 =( NAMED_UNIT ( * ) SI_UNIT ( $, .STERADIAN. ) SOLID_ANGLE_UNIT ( ) );
#1004 = CARTESIAN_POINT ( 'NONE',  ( -12.50000000000000400, 8.900000000000002100, -11.50000000000000200 ) ) ;
#1005 = EDGE_CURVE ( 'NONE', #954, #2404, #58, .T. ) ;
#1006 = SURFACE_SIDE_STYLE ('',( #1472 ) ) ;
#1007 = EDGE_CURVE ( 'NONE', #4529, #1221, #3954, .T. ) ;
#1008 = VERTEX_POINT ( 'NONE', #3479 ) ;
#1009 = DIRECTION ( 'NONE',  ( 0.0000000000000000000, -1.000000000000000000, -0.0000000000000000000 ) ) ;
#1010 = ORIENTED_EDGE ( 'NONE', *, *, #2392, .F. ) ;
#1011 = AXIS2_PLACEMENT_3D ( 'NONE', #2377, #1446, #977 ) ;
#1012 = STYLED_ITEM ( 'NONE', ( #408 ), #2382 ) ;
#1013 = AXIS2_PLACEMENT_3D ( 'NONE', #880, #388, #4536 ) ;
#1014 = EDGE_CURVE ( 'NONE', #2508, #2404, #3963, .T. ) ;
#1015 = ADVANCED_FACE ( 'NONE', ( #4530 ), #2614, .F. ) ;
#1016 = DIRECTION ( 'NONE',  ( 1.000000000000000000, 0.0000000000000000000, -0.0000000000000000000 ) ) ;
#1017 = COLOUR_RGB ( '',1.000000000000000000, 1.000000000000000000, 1.000000000000000000 ) ;
#1018 = DIRECTION ( 'NONE',  ( -1.000000000000000000, 0.0000000000000000000, 1.387778780781445700E-016 ) ) ;
#1019 = DIRECTION ( 'NONE',  ( 0.0000000000000000000, -1.000000000000000000, 0.0000000000000000000 ) ) ;
#1020 = UNCERTAINTY_MEASURE_WITH_UNIT (LENGTH_MEASURE( 1.000000000000000100E-005 ), #141, 'distance_accuracy_value', 'NONE');
#1021 = ORIENTED_EDGE ( 'NONE', *, *, #967, .T. ) ;
#1022 = SURFACE_STYLE_USAGE ( .BOTH. , #1485 ) ;
#1023 = DIRECTION ( 'NONE',  ( 0.0000000000000000000, 0.0000000000000000000, 1.000000000000000000 ) ) ;
#1024 = LINE ( 'NONE', #4205, #2142 ) ;
#1025 = CARTESIAN_POINT ( 'NONE',  ( 12.69999999999999900, 0.5999999999999999800, 7.500000000000004400 ) ) ;
#1026 = EDGE_CURVE ( 'NONE', #359, #1600, #1392, .T. ) ;
#1027 = DIRECTION ( 'NONE',  ( -0.9874413691408832100, 0.0000000000000000000, 0.1579858933866496500 ) ) ;
#1028 = CYLINDRICAL_SURFACE ( 'NONE', #412, 0.4999999999770361500 ) ;
#1029 = ORIENTED_EDGE ( 'NONE', *, *, #1168, .F. ) ;
#1030 =( NAMED_UNIT ( * ) PLANE_ANGLE_UNIT ( ) SI_UNIT ( $, .RADIAN. ) );
#1031 = FILL_AREA_STYLE_COLOUR ( '', #1935 ) ;
#1032 = SURFACE_STYLE_USAGE ( .BOTH. , #1495 ) ;
#1033 = DIRECTION ( 'NONE',  ( -0.0000000000000000000, -0.0000000000000000000, 1.000000000000000000 ) ) ;
#1034 =( GEOMETRIC_REPRESENTATION_CONTEXT ( 3 ) GLOBAL_UNCERTAINTY_ASSIGNED_CONTEXT ( ( #3322 ) ) GLOBAL_UNIT_ASSIGNED_CONTEXT ( ( #3651, #2217, #831 ) ) REPRESENTATION_CONTEXT ( 'NONE', 'WORKASPACE' ) );
#1035 = VECTOR ( 'NONE', #2900, 1000.000000000000000 ) ;
#1036 = ORIENTED_EDGE ( 'NONE', *, *, #4555, .F. ) ;
#1037 = FILL_AREA_STYLE ('',( #3861 ) ) ;
#1038 = ADVANCED_FACE ( 'NONE', ( #1237 ), #688, .T. ) ;
#1039 = ORIENTED_EDGE ( 'NONE', *, *, #2775, .T. ) ;
#1040 = MECHANICAL_DESIGN_GEOMETRIC_PRESENTATION_REPRESENTATION (  '', ( #423 ), #2213 ) ;
#1041 = CYLINDRICAL_SURFACE ( 'NONE', #1629, 0.4999999999770361500 ) ;
#1042 = AXIS2_PLACEMENT_3D ( 'NONE', #2543, #662, #179 ) ;
#1043 = VECTOR ( 'NONE', #2109, 1000.000000000000000 ) ;
#1044 = FILL_AREA_STYLE ('',( #2924 ) ) ;
#1045 = FACE_OUTER_BOUND ( 'NONE', #184, .T. ) ;
#1046 = DIRECTION ( 'NONE',  ( -1.387778780781445700E-016, 0.0000000000000000000, -1.000000000000000000 ) ) ;
#1047 = ORIENTED_EDGE ( 'NONE', *, *, #4324, .F. ) ;
#1048 = PRESENTATION_STYLE_ASSIGNMENT (( #1507 ) ) ;
#1049 = FILL_AREA_STYLE_COLOUR ( '', #848 ) ;
#1050 = ADVANCED_FACE ( 'NONE', ( #2406 ), #459, .F. ) ;
#1051 = LINE ( 'NONE', #556, #612 ) ;
#1052 = CARTESIAN_POINT ( 'NONE',  ( 11.50000000000000000, 0.0000000000000000000, 7.000000000000004400 ) ) ;
#1053 = FACE_OUTER_BOUND ( 'NONE', #1917, .T. ) ;
#1054 =( NAMED_UNIT ( * ) SI_UNIT ( $, .STERADIAN. ) SOLID_ANGLE_UNIT ( ) );
#1055 = CARTESIAN_POINT ( 'NONE',  ( -10.22319435735675500, -3.499999999943150800, 2.145023452330537200 ) ) ;
#1056 =( NAMED_UNIT ( * ) PLANE_ANGLE_UNIT ( ) SI_UNIT ( $, .RADIAN. ) );
#1057 = DIRECTION ( 'NONE',  ( 1.000000000000000000, 0.0000000000000000000, 0.0000000000000000000 ) ) ;
#1058 = FACE_OUTER_BOUND ( 'NONE', #1109, .T. ) ;
#1059 = SURFACE_SIDE_STYLE ('',( #1518 ) ) ;
#1060 = PRESENTATION_STYLE_ASSIGNMENT (( #1519 ) ) ;
#1061 = CARTESIAN_POINT ( 'NONE',  ( -10.15999999999999800, 0.5999999999999998700, -10.15999999999999800 ) ) ;
#1062 = ORIENTED_EDGE ( 'NONE', *, *, #4324, .T. ) ;
#1063 = LINE ( 'NONE', #572, #322 ) ;
#1064 = STYLED_ITEM ( 'NONE', ( #4263 ), #1466 ) ;
#1065 = SURFACE_SIDE_STYLE ('',( #1526 ) ) ;
#1066 = STYLED_ITEM ( 'NONE', ( #3667 ), #4548 ) ;
#1067 = ORIENTED_EDGE ( 'NONE', *, *, #1989, .T. ) ;
#1068 = MECHANICAL_DESIGN_GEOMETRIC_PRESENTATION_REPRESENTATION (  '', ( #828 ), #1390 ) ;
#1069 =( LENGTH_UNIT ( ) NAMED_UNIT ( * ) SI_UNIT ( .MILLI., .METRE. ) );
#1070 = CYLINDRICAL_SURFACE ( 'NONE', #4355, 0.4999999999999998300 ) ;
#1071 = ORIENTED_EDGE ( 'NONE', *, *, #1683, .T. ) ;
#1072 = DIRECTION ( 'NONE',  ( 0.0000000000000000000, 1.000000000000000000, 0.0000000000000000000 ) ) ;
#1073 = CARTESIAN_POINT ( 'NONE',  ( 11.99999999997704200, 0.5999999999999999800, 4.999999999977040600 ) ) ;
#1074 = DIRECTION ( 'NONE',  ( 1.387778780781445700E-016, 0.0000000000000000000, 1.000000000000000000 ) ) ;
#1075 = VECTOR ( 'NONE', #1427, 1000.000000000000000 ) ;
#1076 = DIRECTION ( 'NONE',  ( -0.0000000000000000000, -0.0000000000000000000, 1.000000000000000000 ) ) ;
#1077 = SURFACE_STYLE_USAGE ( .BOTH. , #1538 ) ;
#1078 = EDGE_LOOP ( 'NONE', ( #1270, #239, #4594, #2066 ) ) ;
#1079 = PRESENTATION_LAYER_ASSIGNMENT (  '', '', ( #4130 ) ) ;
#1080 = DIRECTION ( 'NONE',  ( 1.387778780781445700E-016, 0.0000000000000000000, 1.000000000000000000 ) ) ;
#1081 = EDGE_LOOP ( 'NONE', ( #3489, #3117, #2372, #966 ) ) ;
#1082 = MECHANICAL_DESIGN_GEOMETRIC_PRESENTATION_REPRESENTATION (  '', ( #4150 ), #353 ) ;
#1083 = FILL_AREA_STYLE_COLOUR ( '', #2264 ) ;
#1084 = SURFACE_STYLE_FILL_AREA ( #1547 ) ;
#1085 = ORIENTED_EDGE ( 'NONE', *, *, #930, .F. ) ;
#1086 =( NAMED_UNIT ( * ) SI_UNIT ( $, .STERADIAN. ) SOLID_ANGLE_UNIT ( ) );
#1087 = CARTESIAN_POINT ( 'NONE',  ( 12.00000000000000700, 0.0000000000000000000, 7.500000000000003600 ) ) ;
#1088 = VERTEX_POINT ( 'NONE', #3202 ) ;
#1089 = DIRECTION ( 'NONE',  ( -0.0000000000000000000, 1.000000000000000000, 0.0000000000000000000 ) ) ;
#1090 = LINE ( 'NONE', #603, #1700 ) ;
#1091 = VECTOR ( 'NONE', #1306, 1000.000000000000000 ) ;
#1092 = SURFACE_SIDE_STYLE ('',( #1555 ) ) ;
#1093 = FILL_AREA_STYLE ('',( #1556 ) ) ;
#1094 = VECTOR ( 'NONE', #2503, 1000.000000000000000 ) ;
#1095 = ORIENTED_EDGE ( 'NONE', *, *, #3758, .T. ) ;
#1096 = CARTESIAN_POINT ( 'NONE',  ( -12.00000000000000700, 0.5999999999999998700, 4.500000000000005300 ) ) ;
#1097 = VECTOR ( 'NONE', #2158, 1000.000000000000000 ) ;
#1098 = PRESENTATION_LAYER_ASSIGNMENT (  '', '', ( #981 ) ) ;
#1099 = CIRCLE ( 'NONE', #1804, 0.6000000000000015300 ) ;
#1100 = PRESENTATION_STYLE_ASSIGNMENT (( #1563 ) ) ;
#1101 = SURFACE_STYLE_FILL_AREA ( #1564 ) ;
#1102 = MECHANICAL_DESIGN_GEOMETRIC_PRESENTATION_REPRESENTATION (  '', ( #867 ), #4583 ) ;
#1103 = UNCERTAINTY_MEASURE_WITH_UNIT (LENGTH_MEASURE( 1.000000000000000100E-005 ), #4468, 'distance_accuracy_value', 'NONE');
#1104 = SURFACE_STYLE_FILL_AREA ( #1569 ) ;
#1105 = ORIENTED_EDGE ( 'NONE', *, *, #3084, .F. ) ;
#1106 =( LENGTH_UNIT ( ) NAMED_UNIT ( * ) SI_UNIT ( .MILLI., .METRE. ) );
#1107 = ORIENTED_EDGE ( 'NONE', *, *, #334, .F. ) ;
#1108 = LINE ( 'NONE', #624, #4060 ) ;
#1109 = EDGE_LOOP ( 'NONE', ( #2118, #2063 ) ) ;
#1110 = SURFACE_SIDE_STYLE ('',( #1576 ) ) ;
#1111 = COLOUR_RGB ( '',0.7921568627450980000, 0.8196078431372548800, 0.9333333333333333500 ) ;
#1112 = SURFACE_STYLE_FILL_AREA ( #1577 ) ;
#1113 = CARTESIAN_POINT ( 'NONE',  ( -10.15999999999999800, -3.499999999943150800, 2.540000000000002300 ) ) ;
#1114 = SURFACE_STYLE_USAGE ( .BOTH. , #1579 ) ;
#1115 = CARTESIAN_POINT ( 'NONE',  ( -12.08578643762690400, 8.900000000000000400, -12.50000000000000000 ) ) ;
#1116 = CARTESIAN_POINT ( 'NONE',  ( 10.15999999999999800, 9.200000000000004600, 1.734723475976807100E-015 ) ) ;
#1117 = ORIENTED_EDGE ( 'NONE', *, *, #4503, .F. ) ;
#1118 = FACE_OUTER_BOUND ( 'NONE', #3103, .T. ) ;
#1119 = ORIENTED_EDGE ( 'NONE', *, *, #2030, .T. ) ;
#1120 = UNCERTAINTY_MEASURE_WITH_UNIT (LENGTH_MEASURE( 1.000000000000000100E-005 ), #3153, 'distance_accuracy_value', 'NONE');
#1121 = FACE_OUTER_BOUND ( 'NONE', #1548, .T. ) ;
#1122 = CONICAL_SURFACE ( 'NONE', #1435, 0.4999999999881766200, 0.7853981636816653700 ) ;
#1123 = EDGE_CURVE ( 'NONE', #168, #3445, #4304, .T. ) ;
#1124 = AXIS2_PLACEMENT_3D ( 'NONE', #2375, #134, #4270 ) ;
#1125 = DIRECTION ( 'NONE',  ( 0.0000000000000000000, 1.000000000000000000, 0.0000000000000000000 ) ) ;
#1126 = EDGE_CURVE ( 'NONE', #1763, #1361, #840, .T. ) ;
#1127 =( LENGTH_UNIT ( ) NAMED_UNIT ( * ) SI_UNIT ( .MILLI., .METRE. ) );
#1128 = PRESENTATION_LAYER_ASSIGNMENT (  '', '', ( #1012 ) ) ;
#1129 = VERTEX_POINT ( 'NONE', #4020 ) ;
#1130 = LINE ( 'NONE', #651, #791 ) ;
#1131 =( NAMED_UNIT ( * ) PLANE_ANGLE_UNIT ( ) SI_UNIT ( $, .RADIAN. ) );
#1132 = ORIENTED_EDGE ( 'NONE', *, *, #4218, .T. ) ;
#1133 = COLOUR_RGB ( '',0.7921568627450980000, 0.8196078431372548800, 0.9333333333333333500 ) ;
#1134 = UNCERTAINTY_MEASURE_WITH_UNIT (LENGTH_MEASURE( 1.000000000000000100E-005 ), #3914, 'distance_accuracy_value', 'NONE');
#1135 = CARTESIAN_POINT ( 'NONE',  ( 10.07668460827369100, -3.499999999943150800, 0.3912269744178129000 ) ) ;
#1136 = EDGE_CURVE ( 'NONE', #1088, #295, #1312, .T. ) ;
#1137 =( NAMED_UNIT ( * ) SI_UNIT ( $, .STERADIAN. ) SOLID_ANGLE_UNIT ( ) );
#1138 = EDGE_LOOP ( 'NONE', ( #2840, #3237, #4298, #3276 ) ) ;
#1139 = FILL_AREA_STYLE ('',( #1601 ) ) ;
#1140 = PRESENTATION_STYLE_ASSIGNMENT (( #1602 ) ) ;
#1141 = DIRECTION ( 'NONE',  ( 0.0000000000000000000, 0.0000000000000000000, -1.000000000000000000 ) ) ;
#1142 = DIRECTION ( 'NONE',  ( 1.000000000000000000, -0.0000000000000000000, -0.0000000000000000000 ) ) ;
#1143 = CARTESIAN_POINT ( 'NONE',  ( 10.15999999999999800, 0.0000000000000000000, -9.559999999999996900 ) ) ;
#1144 = CARTESIAN_POINT ( 'NONE',  ( -10.15999999999999800, -3.399999999999993200, -2.539999999999996900 ) ) ;
#1145 = PRESENTATION_LAYER_ASSIGNMENT (  '', '', ( #3146 ) ) ;
#1146 = ORIENTED_EDGE ( 'NONE', *, *, #1005, .T. ) ;
#1147 = DIRECTION ( 'NONE',  ( 0.0000000000000000000, 0.0000000000000000000, -1.000000000000000000 ) ) ;
#1148 = CARTESIAN_POINT ( 'NONE',  ( -11.99999999997703500, 0.0000000000000000000, -7.000000000022956700 ) ) ;
#1149 = ORIENTED_EDGE ( 'NONE', *, *, #4488, .F. ) ;
#1150 = UNCERTAINTY_MEASURE_WITH_UNIT (LENGTH_MEASURE( 1.000000000000000100E-005 ), #574, 'distance_accuracy_value', 'NONE');
#1151 = FACE_OUTER_BOUND ( 'NONE', #2696, .T. ) ;
#1152 = DIRECTION ( 'NONE',  ( 0.0000000000000000000, 0.0000000000000000000, 1.000000000000000000 ) ) ;
#1153 = EDGE_CURVE ( 'NONE', #4061, #2273, #2599, .T. ) ;
#1154 = DIRECTION ( 'NONE',  ( -0.0000000000000000000, 1.000000000000000000, 0.0000000000000000000 ) ) ;
#1155 = DIRECTION ( 'NONE',  ( 0.1117128965772655300, 0.7071067809855756700, 0.6982264883420953300 ) ) ;
#1156 = EDGE_LOOP ( 'NONE', ( #4578, #2169 ) ) ;
#1157 = CARTESIAN_POINT ( 'NONE',  ( -12.00000000000000700, 0.0000000000000000000, 4.500000000000005300 ) ) ;
#1158 = DIRECTION ( 'NONE',  ( 0.0000000000000000000, 0.0000000000000000000, 1.000000000000000000 ) ) ;
#1159 = CARTESIAN_POINT ( 'NONE',  ( -11.50000000000000000, 8.900000000000002100, -11.50000000000000200 ) ) ;
#1160 = VECTOR ( 'NONE', #1142, 1000.000000000000000 ) ;
#1161 = DIRECTION ( 'NONE',  ( 0.0000000000000000000, -0.0000000000000000000, 1.000000000000000000 ) ) ;
#1162 = SURFACE_STYLE_USAGE ( .BOTH. , #1627 ) ;
#1163 = AXIS2_PLACEMENT_3D ( 'NONE', #2347, #1879, #1423 ) ;
#1164 = CARTESIAN_POINT ( 'NONE',  ( 10.15999999999999800, 0.0000000000000000000, -10.15999999999999800 ) ) ;
#1165 = VECTOR ( 'NONE', #3141, 1000.000000000000000 ) ;
#1166 = CARTESIAN_POINT ( 'NONE',  ( 10.15999999999999800, -3.399999999999993200, 10.16000000000000200 ) ) ;
#1167 = UNCERTAINTY_MEASURE_WITH_UNIT (LENGTH_MEASURE( 1.000000000000000100E-005 ), #896, 'distance_accuracy_value', 'NONE');
#1168 = EDGE_CURVE ( 'NONE', #626, #3930, #727, .T. ) ;
#1169 = FILL_AREA_STYLE ('',( #1634 ) ) ;
#1170 = PRESENTATION_STYLE_ASSIGNMENT (( #1636 ) ) ;
#1171 = CARTESIAN_POINT ( 'NONE',  ( -12.69999999999999900, 0.5999999999999999800, -4.499999999999997300 ) ) ;
#1172 = PLANE ( 'NONE',  #3661 ) ;
#1173 = CARTESIAN_POINT ( 'NONE',  ( -10.15999999999999800, 0.5999999999999998700, 2.540000000000002300 ) ) ;
#1174 = AXIS2_PLACEMENT_3D ( 'NONE', #1799, #1341, #870 ) ;
#1175 = ORIENTED_EDGE ( 'NONE', *, *, #1355, .F. ) ;
#1176 = SURFACE_STYLE_FILL_AREA ( #1643 ) ;
#1177 = DIRECTION ( 'NONE',  ( -0.9780674360120595900, 0.0000000000000000000, -0.2082884793088561600 ) ) ;
#1178 = FACE_OUTER_BOUND ( 'NONE', #1192, .T. ) ;
#1179 = VERTEX_POINT ( 'NONE', #3920 ) ;
#1180 = PRESENTATION_LAYER_ASSIGNMENT (  '', '', ( #1064 ) ) ;
#1181 =( GEOMETRIC_REPRESENTATION_CONTEXT ( 3 ) GLOBAL_UNCERTAINTY_ASSIGNED_CONTEXT ( ( #2342 ) ) GLOBAL_UNIT_ASSIGNED_CONTEXT ( ( #3607, #2186, #792 ) ) REPRESENTATION_CONTEXT ( 'NONE', 'WORKASPACE' ) );
#1182 = PRESENTATION_LAYER_ASSIGNMENT (  '', '', ( #1066 ) ) ;
#1183 = SURFACE_STYLE_FILL_AREA ( #1651 ) ;
#1184 = DIRECTION ( 'NONE',  ( 0.0000000000000000000, 0.0000000000000000000, -1.000000000000000000 ) ) ;
#1185 = ORIENTED_EDGE ( 'NONE', *, *, #2030, .F. ) ;
#1186 =( LENGTH_UNIT ( ) NAMED_UNIT ( * ) SI_UNIT ( .MILLI., .METRE. ) );
#1187 = CARTESIAN_POINT ( 'NONE',  ( 12.08578643762691100, 9.900000000007183900, 12.08578643762033500 ) ) ;
#1188 = DIRECTION ( 'NONE',  ( 0.0000000000000000000, 0.0000000000000000000, 1.000000000000000000 ) ) ;
#1189 = LINE ( 'NONE', #709, #2263 ) ;
#1190 = STYLED_ITEM ( 'NONE', ( #3270 ), #2736 ) ;
#1191 = PRESENTATION_STYLE_ASSIGNMENT (( #1659 ) ) ;
#1192 = EDGE_LOOP ( 'NONE', ( #367, #4075, #2730, #2028 ) ) ;
#1193 = CARTESIAN_POINT ( 'NONE',  ( -12.69999999999999900, 0.0000000000000000000, -4.499999999999997300 ) ) ;
#1194 = FACE_OUTER_BOUND ( 'NONE', #1854, .T. ) ;
#1195 = CARTESIAN_POINT ( 'NONE',  ( 12.00000000000000000, 0.0000000000000000000, -7.500000000000000000 ) ) ;
#1196 = CARTESIAN_POINT ( 'NONE',  ( -10.15999999999999800, 0.0000000000000000000, 3.140000000000002300 ) ) ;
#1197 = ORIENTED_EDGE ( 'NONE', *, *, #984, .F. ) ;
#1198 = SURFACE_STYLE_USAGE ( .BOTH. , #1667 ) ;
#1199 = PRESENTATION_STYLE_ASSIGNMENT (( #1668 ) ) ;
#1200 = LINE ( 'NONE', #720, #309 ) ;
#1201 = COLOUR_RGB ( '',0.7921568627450980000, 0.8196078431372548800, 0.9333333333333333500 ) ;
#1202 = ORIENTED_EDGE ( 'NONE', *, *, #1277, .F. ) ;
#1203 = CARTESIAN_POINT ( 'NONE',  ( 10.15999999999999800, -3.400000000025096300, 10.16000000000000200 ) ) ;
#1204 = CARTESIAN_POINT ( 'NONE',  ( -10.15999999999999800, 0.5999999999999998700, -2.539999999999996900 ) ) ;
#1205 = CARTESIAN_POINT ( 'NONE',  ( -12.69999999999999900, 0.0000000000000000000, -4.499999999999997300 ) ) ;
#1206 = CARTESIAN_POINT ( 'NONE',  ( -10.22319435735675500, -3.499999999943150800, -2.934976547669462500 ) ) ;
#1207 = MECHANICAL_DESIGN_GEOMETRIC_PRESENTATION_REPRESENTATION (  '', ( #4130 ), #1886 ) ;
#1208 = SURFACE_STYLE_FILL_AREA ( #1677 ) ;
#1209 =( GEOMETRIC_REPRESENTATION_CONTEXT ( 3 ) GLOBAL_UNCERTAINTY_ASSIGNED_CONTEXT ( ( #68 ) ) GLOBAL_UNIT_ASSIGNED_CONTEXT ( ( #1637, #209, #3391 ) ) REPRESENTATION_CONTEXT ( 'NONE', 'WORKASPACE' ) );
#1210 = ORIENTED_EDGE ( 'NONE', *, *, #1708, .T. ) ;
#1211 = STYLED_ITEM ( 'NONE', ( #1199 ), #4143 ) ;
#1212 = COLOUR_RGB ( '',0.7921568627450980000, 0.8196078431372548800, 0.9333333333333333500 ) ;
#1213 = STYLED_ITEM ( 'NONE', ( #4282 ), #1639 ) ;
#1214 = UNCERTAINTY_MEASURE_WITH_UNIT (LENGTH_MEASURE( 1.000000000000000100E-005 ), #2529, 'distance_accuracy_value', 'NONE');
#1215 = DIRECTION ( 'NONE',  ( 0.0000000000000000000, 0.0000000000000000000, 1.000000000000000000 ) ) ;
#1216 = DIRECTION ( 'NONE',  ( -0.0000000000000000000, 1.000000000000000000, -0.0000000000000000000 ) ) ;
#1217 = PRESENTATION_STYLE_ASSIGNMENT (( #1688 ) ) ;
#1218 = PRESENTATION_STYLE_ASSIGNMENT (( #1689 ) ) ;
#1219 = VECTOR ( 'NONE', #4056, 1000.000000000000000 ) ;
#1220 = MECHANICAL_DESIGN_GEOMETRIC_PRESENTATION_REPRESENTATION (  '', ( #981 ), #2557 ) ;
#1221 = VERTEX_POINT ( 'NONE', #1206 ) ;
#1222 = DIRECTION ( 'NONE',  ( 0.0000000000000000000, 1.000000000000000000, 0.0000000000000000000 ) ) ;
#1223 = VERTEX_POINT ( 'NONE', #3429 ) ;
#1224 = CIRCLE ( 'NONE', #1042, 0.5000000000000001100 ) ;
#1225 = DIRECTION ( 'NONE',  ( 0.0000000000000000000, 1.000000000000000000, 0.0000000000000000000 ) ) ;
#1226 = EDGE_LOOP ( 'NONE', ( #881, #501, #1365, #4320, #4329 ) ) ;
#1227 = CARTESIAN_POINT ( 'NONE',  ( 10.15999999999999800, 0.0000000000000000000, -10.15999999999999800 ) ) ;
#1228 = SURFACE_SIDE_STYLE ('',( #1699 ) ) ;
#1229 = CARTESIAN_POINT ( 'NONE',  ( -12.69999999999999900, 0.5999999999999999800, -12.69999999999999900 ) ) ;
#1230 = DIRECTION ( 'NONE',  ( 1.000000000000000000, 0.0000000000000000000, 0.0000000000000000000 ) ) ;
#1231 = CARTESIAN_POINT ( 'NONE',  ( 12.50000000000000200, 0.5999999999999998700, -12.50000000000000000 ) ) ;
#1232 =( NAMED_UNIT ( * ) SI_UNIT ( $, .STERADIAN. ) SOLID_ANGLE_UNIT ( ) );
#1233 = UNCERTAINTY_MEASURE_WITH_UNIT (LENGTH_MEASURE( 1.000000000000000100E-005 ), #1772, 'distance_accuracy_value', 'NONE');
#1234 =( LENGTH_UNIT ( ) NAMED_UNIT ( * ) SI_UNIT ( .MILLI., .METRE. ) );
#1235 = ORIENTED_EDGE ( 'NONE', *, *, #3122, .F. ) ;
#1236 = COLOUR_RGB ( '',1.000000000000000000, 1.000000000000000000, 1.000000000000000000 ) ;
#1237 = FACE_OUTER_BOUND ( 'NONE', #1356, .T. ) ;
#1238 = AXIS2_PLACEMENT_3D ( 'NONE', #2560, #2094, #1628 ) ;
#1239 = FILL_AREA_STYLE_COLOUR ( '', #2239 ) ;
#1240 = DIRECTION ( 'NONE',  ( 0.0000000000000000000, 1.000000000000000000, 0.0000000000000000000 ) ) ;
#1241 = DIRECTION ( 'NONE',  ( -1.000000000000000000, -0.0000000000000000000, 9.912705577010435800E-015 ) ) ;
#1242 = EDGE_CURVE ( 'NONE', #3186, #1774, #2982, .T. ) ;
#1243 = ORIENTED_EDGE ( 'NONE', *, *, #3361, .F. ) ;
#1244 = FILL_AREA_STYLE ('',( #1716 ) ) ;
#1245 = CIRCLE ( 'NONE', #455, 0.4999999999770361500 ) ;
#1246 = ADVANCED_FACE ( 'NONE', ( #1053 ), #2255, .T. ) ;
#1247 = VERTEX_POINT ( 'NONE', #376 ) ;
#1248 = PRESENTATION_LAYER_ASSIGNMENT (  '', '', ( #765 ) ) ;
#1249 = SURFACE_STYLE_USAGE ( .BOTH. , #1719 ) ;
#1250 = MECHANICAL_DESIGN_GEOMETRIC_PRESENTATION_REPRESENTATION (  '', ( #1012 ), #4221 ) ;
#1251 = ORIENTED_EDGE ( 'NONE', *, *, #991, .F. ) ;
#1252 = DIRECTION ( 'NONE',  ( 1.000000000000000000, 0.0000000000000000000, 0.0000000000000000000 ) ) ;
#1253 = CARTESIAN_POINT ( 'NONE',  ( -12.00000000000000000, 0.0000000000000000000, -4.499999999999997300 ) ) ;
#1254 = DIRECTION ( 'NONE',  ( -0.0000000000000000000, -1.000000000000000000, -0.0000000000000000000 ) ) ;
#1255 = DIRECTION ( 'NONE',  ( -1.000000000000000000, 0.0000000000000000000, -0.0000000000000000000 ) ) ;
#1256 = DIRECTION ( 'NONE',  ( -0.0000000000000000000, -1.000000000000000000, -0.0000000000000000000 ) ) ;
#1257 = COLOUR_RGB ( '',1.000000000000000000, 1.000000000000000000, 1.000000000000000000 ) ;
#1258 = EDGE_LOOP ( 'NONE', ( #71, #1812 ) ) ;
#1259 =( LENGTH_UNIT ( ) NAMED_UNIT ( * ) SI_UNIT ( .MILLI., .METRE. ) );
#1260 = EDGE_CURVE ( 'NONE', #2297, #4473, #4524, .T. ) ;
#1261 = MECHANICAL_DESIGN_GEOMETRIC_PRESENTATION_REPRESENTATION (  '', ( #3146 ), #845 ) ;
#1262 = COLOUR_RGB ( '',1.000000000000000000, 1.000000000000000000, 1.000000000000000000 ) ;
#1263 = EDGE_CURVE ( 'NONE', #800, #3573, #410, .T. ) ;
#1264 = ORIENTED_EDGE ( 'NONE', *, *, #816, .T. ) ;
#1265 = DIRECTION ( 'NONE',  ( -0.0000000000000000000, -1.000000000000000000, -0.0000000000000000000 ) ) ;
#1266 = STYLED_ITEM ( 'NONE', ( #1048 ), #4511 ) ;
#1267 =( NAMED_UNIT ( * ) PLANE_ANGLE_UNIT ( ) SI_UNIT ( $, .RADIAN. ) );
#1268 = DIRECTION ( 'NONE',  ( -2.822835272196299300E-018, 1.000000000000000000, 1.325528548733347100E-017 ) ) ;
#1269 = PLANE ( 'NONE',  #1359 ) ;
#1270 = ORIENTED_EDGE ( 'NONE', *, *, #4307, .F. ) ;
#1271 = CIRCLE ( 'NONE', #3348, 0.5000000000000000000 ) ;
#1272 = DIRECTION ( 'NONE',  ( 0.0000000000000000000, -1.000000000000000000, 0.0000000000000000000 ) ) ;
#1273 = AXIS2_PLACEMENT_3D ( 'NONE', #754, #274, #4411 ) ;
#1274 = STYLED_ITEM ( 'NONE', ( #1494 ), #2093 ) ;
#1275 = CARTESIAN_POINT ( 'NONE',  ( 10.07668460827369100, -3.499999999943150800, -9.768773025582186500 ) ) ;
#1276 = PLANE ( 'NONE',  #1680 ) ;
#1277 = EDGE_CURVE ( 'NONE', #1752, #3067, #1704, .T. ) ;
#1278 =( NAMED_UNIT ( * ) SI_UNIT ( $, .STERADIAN. ) SOLID_ANGLE_UNIT ( ) );
#1279 =( LENGTH_UNIT ( ) NAMED_UNIT ( * ) SI_UNIT ( .MILLI., .METRE. ) );
#1280 = CARTESIAN_POINT ( 'NONE',  ( 11.50000000000000700, 0.5999999999999999800, 5.000000000000001800 ) ) ;
#1281 = STYLED_ITEM ( 'NONE', ( #4357 ), #3184 ) ;
#1282 = FACE_OUTER_BOUND ( 'NONE', #1456, .T. ) ;
#1283 = AXIS2_PLACEMENT_3D ( 'NONE', #4538, #2640, #2165 ) ;
#1284 = VERTEX_POINT ( 'NONE', #4412 ) ;
#1285 = DIRECTION ( 'NONE',  ( 0.0000000000000000000, 1.000000000000000000, 0.0000000000000000000 ) ) ;
#1286 = PRESENTATION_STYLE_ASSIGNMENT (( #1755 ) ) ;
#1287 =( NAMED_UNIT ( * ) PLANE_ANGLE_UNIT ( ) SI_UNIT ( $, .RADIAN. ) );
#1288 = EDGE_CURVE ( 'NONE', #1247, #3873, #3942, .T. ) ;
#1289 = ORIENTED_EDGE ( 'NONE', *, *, #2319, .T. ) ;
#1290 = VECTOR ( 'NONE', #4384, 1000.000000000000000 ) ;
#1291 = CIRCLE ( 'NONE', #2803, 0.9999999999999991100 ) ;
#1292 = ADVANCED_FACE ( 'NONE', ( #2823 ), #2330, .T. ) ;
#1293 = DIRECTION ( 'NONE',  ( 0.0000000000000000000, 1.000000000000000000, 0.0000000000000000000 ) ) ;
#1294 = DIRECTION ( 'NONE',  ( 0.0000000000000000000, 1.000000000000000000, 0.0000000000000000000 ) ) ;
#1295 = AXIS2_PLACEMENT_3D ( 'NONE', #962, #743, #262 ) ;
#1296 = ADVANCED_FACE ( 'NONE', ( #553 ), #3033, .F. ) ;
#1297 = ORIENTED_EDGE ( 'NONE', *, *, #42, .F. ) ;
#1298 = DIRECTION ( 'NONE',  ( 1.387778780781445700E-016, 0.0000000000000000000, 1.000000000000000000 ) ) ;
#1299 = CARTESIAN_POINT ( 'NONE',  ( 12.69999999999999900, 0.5999999999999999800, -7.500000000000000000 ) ) ;
#1300 = MECHANICAL_DESIGN_GEOMETRIC_PRESENTATION_REPRESENTATION (  '', ( #1064 ), #2486 ) ;
#1301 = MECHANICAL_DESIGN_GEOMETRIC_PRESENTATION_REPRESENTATION (  '', ( #1066 ), #2956 ) ;
#1302 = DIRECTION ( 'NONE',  ( -0.0000000000000000000, 1.000000000000000000, -0.0000000000000000000 ) ) ;
#1303 = CARTESIAN_POINT ( 'NONE',  ( 10.15999999999999800, -3.499999999943150800, 10.16000000000000200 ) ) ;
#1304 = VERTEX_POINT ( 'NONE', #1143 ) ;
#1305 = LINE ( 'NONE', #834, #2103 ) ;
#1306 = DIRECTION ( 'NONE',  ( 3.469446951953623300E-015, -0.0000000000000000000, -1.000000000000000000 ) ) ;
#1307 = EDGE_CURVE ( 'NONE', #14, #954, #3598, .T. ) ;
#1308 = VERTEX_POINT ( 'NONE', #3366 ) ;
#1309 =( LENGTH_UNIT ( ) NAMED_UNIT ( * ) SI_UNIT ( .MILLI., .METRE. ) );
#1310 = PRESENTATION_LAYER_ASSIGNMENT (  '', '', ( #1190 ) ) ;
#1311 = CARTESIAN_POINT ( 'NONE',  ( 10.15999999999999800, -3.499999999943150800, -10.15999999999999800 ) ) ;
#1312 = LINE ( 'NONE', #3547, #689 ) ;
#1313 = VECTOR ( 'NONE', #7, 1000.000000000000000 ) ;
#1314 = COLOUR_RGB ( '',0.7921568627450980000, 0.8196078431372548800, 0.9333333333333333500 ) ;
#1315 =( GEOMETRIC_REPRESENTATION_CONTEXT ( 3 ) GLOBAL_UNCERTAINTY_ASSIGNED_CONTEXT ( ( #3269 ) ) GLOBAL_UNIT_ASSIGNED_CONTEXT ( ( #3830, #2399, #1003 ) ) REPRESENTATION_CONTEXT ( 'NONE', 'WORKASPACE' ) );
#1316 = EDGE_LOOP ( 'NONE', ( #2850, #1545, #3208, #3312, #4426 ) ) ;
#1317 = ADVANCED_FACE ( 'NONE', ( #4248 ), #953, .T. ) ;
#1318 = SURFACE_SIDE_STYLE ('',( #1786 ) ) ;
#1319 = FACE_OUTER_BOUND ( 'NONE', #2889, .T. ) ;
#1320 = COLOUR_RGB ( '',1.000000000000000000, 1.000000000000000000, 1.000000000000000000 ) ;
#1321 = CARTESIAN_POINT ( 'NONE',  ( -10.15999999999999800, 9.200000000000004600, -10.15999999999999800 ) ) ;
#1322 = VECTOR ( 'NONE', #4016, 1000.000000000000000 ) ;
#1323 = CARTESIAN_POINT ( 'NONE',  ( -10.15999999999999800, 0.5999999999999998700, -1.939999999999997100 ) ) ;
#1324 = UNCERTAINTY_MEASURE_WITH_UNIT (LENGTH_MEASURE( 1.000000000000000100E-005 ), #3655, 'distance_accuracy_value', 'NONE');
#1325 = PRESENTATION_LAYER_ASSIGNMENT (  '', '', ( #1213 ) ) ;
#1326 = ORIENTED_EDGE ( 'NONE', *, *, #1933, .F. ) ;
#1328 = EDGE_CURVE ( 'NONE', #3909, #2763, #2677, .T. ) ;
#1327 =( GEOMETRIC_REPRESENTATION_CONTEXT ( 3 ) GLOBAL_UNCERTAINTY_ASSIGNED_CONTEXT ( ( #3451 ) ) GLOBAL_UNIT_ASSIGNED_CONTEXT ( ( #4369, #2968, #1540 ) ) REPRESENTATION_CONTEXT ( 'NONE', 'WORKASPACE' ) );
#1329 = PRODUCT_DEFINITION_FORMATION_WITH_SPECIFIED_SOURCE ( 'ANY', '', #3575, .NOT_KNOWN. ) ;
#1330 = EDGE_LOOP ( 'NONE', ( #2126, #291, #2193, #944, #2531 ) ) ;
#1331 = ADVANCED_FACE ( 'NONE', ( #4367 ), #1276, .T. ) ;
#1332 = DIRECTION ( 'NONE',  ( 0.9874413691408833200, 0.0000000000000000000, -0.1579858933866496500 ) ) ;
#1333 = CARTESIAN_POINT ( 'NONE',  ( 12.69999999999999900, 0.0000000000000000000, 12.70000000000000300 ) ) ;
#1334 = VERTEX_POINT ( 'NONE', #97 ) ;
#1335 =( LENGTH_UNIT ( ) NAMED_UNIT ( * ) SI_UNIT ( .MILLI., .METRE. ) );
#1336 = CARTESIAN_POINT ( 'NONE',  ( -12.49999999999999600, 8.900000000000005700, 11.50000000000000200 ) ) ;
#1337 = COLOUR_RGB ( '',0.7921568627450980000, 0.8196078431372548800, 0.9333333333333333500 ) ;
#1338 =( NAMED_UNIT ( * ) PLANE_ANGLE_UNIT ( ) SI_UNIT ( $, .RADIAN. ) );
#1339 = STYLED_ITEM ( 'NONE', ( #3467 ), #1858 ) ;
#1340 = CARTESIAN_POINT ( 'NONE',  ( 10.15999999999999800, -3.399999999999993200, 1.734723475976807100E-015 ) ) ;
#1341 = DIRECTION ( 'NONE',  ( 0.0000000000000000000, 0.0000000000000000000, -1.000000000000000000 ) ) ;
#1342 = SURFACE_STYLE_USAGE ( .BOTH. , #1800 ) ;
#1343 = DIRECTION ( 'NONE',  ( -0.0000000000000000000, 1.000000000000000000, -0.0000000000000000000 ) ) ;
#1344 = ORIENTED_EDGE ( 'NONE', *, *, #1997, .F. ) ;
#1345 = EDGE_CURVE ( 'NONE', #43, #3807, #2538, .T. ) ;
#1346 = EDGE_CURVE ( 'NONE', #2038, #3842, #3968, .T. ) ;
#1347 = CARTESIAN_POINT ( 'NONE',  ( -11.49999999999999600, 0.5999999999999998700, 12.50000000000000000 ) ) ;
#1348 = PRODUCT_DEFINITION ( 'UNKNOWN', '', #1329, #1583 ) ;
#1349 = SURFACE_SIDE_STYLE ('',( #1808 ) ) ;
#1350 = DIRECTION ( 'NONE',  ( 1.000000000000000000, 0.0000000000000000000, 9.912705577010423200E-015 ) ) ;
#1351 = AXIS2_PLACEMENT_3D ( 'NONE', #3273, #2800, #2307 ) ;
#1352 =( GEOMETRIC_REPRESENTATION_CONTEXT ( 3 ) GLOBAL_UNCERTAINTY_ASSIGNED_CONTEXT ( ( #4580 ) ) GLOBAL_UNIT_ASSIGNED_CONTEXT ( ( #3319, #1905, #484 ) ) REPRESENTATION_CONTEXT ( 'NONE', 'WORKASPACE' ) );
#1353 = DIRECTION ( 'NONE',  ( 0.9874413691408834300, 0.0000000000000000000, -0.1579858933866487800 ) ) ;
#1354 =( NAMED_UNIT ( * ) SI_UNIT ( $, .STERADIAN. ) SOLID_ANGLE_UNIT ( ) );
#1355 = EDGE_CURVE ( 'NONE', #2431, #3538, #940, .T. ) ;
#1356 = EDGE_LOOP ( 'NONE', ( #3676, #3590, #1869, #3079, #4432, #921, #38, #1039, #4036, #3221 ) ) ;
#1357 = CARTESIAN_POINT ( 'NONE',  ( -10.15999999999999800, 0.0000000000000000000, 2.540000000000002300 ) ) ;
#1358 = EDGE_CURVE ( 'NONE', #2619, #2832, #4124, .T. ) ;
#1359 = AXIS2_PLACEMENT_3D ( 'NONE', #799, #321, #4456 ) ;
#1360 = ORIENTED_EDGE ( 'NONE', *, *, #2413, .F. ) ;
#1361 = VERTEX_POINT ( 'NONE', #2702 ) ;
#1362 = AXIS2_PLACEMENT_3D ( 'NONE', #3671, #3213, #2725 ) ;
#1363 = CARTESIAN_POINT ( 'NONE',  ( 10.15999999999999800, 0.0000000000000000000, -0.5999999999999998700 ) ) ;
#1364 = UNCERTAINTY_MEASURE_WITH_UNIT (LENGTH_MEASURE( 1.000000000000000100E-005 ), #2769, 'distance_accuracy_value', 'NONE');
#1365 = ORIENTED_EDGE ( 'NONE', *, *, #1370, .T. ) ;
#1366 = CARTESIAN_POINT ( 'NONE',  ( -12.00000000000000700, 0.0000000000000000000, 4.500000000000005300 ) ) ;
#1367 =( NAMED_UNIT ( * ) PLANE_ANGLE_UNIT ( ) SI_UNIT ( $, .RADIAN. ) );
#1368 = LINE ( 'NONE', #890, #3876 ) ;
#1369 = SURFACE_STYLE_FILL_AREA ( #1827 ) ;
#1370 = EDGE_CURVE ( 'NONE', #1528, #1484, #785, .T. ) ;
#1371 = MECHANICAL_DESIGN_GEOMETRIC_PRESENTATION_REPRESENTATION (  '', ( #765 ), #2323 ) ;
#1372 = COLOUR_RGB ( '',0.7921568627450980000, 0.8196078431372548800, 0.9333333333333333500 ) ;
#1373 = ORIENTED_EDGE ( 'NONE', *, *, #3837, .F. ) ;
#1374 = SURFACE_SIDE_STYLE ('',( #1830 ) ) ;
#1375 = CARTESIAN_POINT ( 'NONE',  ( 12.00000000000000700, 0.0000000000000000000, 7.500000000000002700 ) ) ;
#1376 = AXIS2_PLACEMENT_3D ( 'NONE', #4497, #4019, #3546 ) ;
#1377 = VECTOR ( 'NONE', #2637, 1000.000000000000000 ) ;
#1378 = FACE_OUTER_BOUND ( 'NONE', #3678, .T. ) ;
#1379 = EDGE_CURVE ( 'NONE', #55, #396, #832, .T. ) ;
#1380 = ADVANCED_BREP_SHAPE_REPRESENTATION ( 'ccg15_outline', ( #821, #733 ), #1536 ) ;
#1381 = EDGE_CURVE ( 'NONE', #3452, #2202, #4013, .T. ) ;
#1382 = LINE ( 'NONE', #904, #2509 ) ;
#1383 = SURFACE_SIDE_STYLE ('',( #1839 ) ) ;
#1384 = SURFACE_SIDE_STYLE ('',( #1840 ) ) ;
#1385 = EDGE_LOOP ( 'NONE', ( #545, #1460, #3975, #2277, #744 ) ) ;
#1386 = FILL_AREA_STYLE_COLOUR ( '', #1201 ) ;
#1387 = FILL_AREA_STYLE ('',( #1843 ) ) ;
#1388 = EDGE_CURVE ( 'NONE', #3267, #1129, #64, .T. ) ;
#1389 =( LENGTH_UNIT ( ) NAMED_UNIT ( * ) SI_UNIT ( .MILLI., .METRE. ) );
#1390 =( GEOMETRIC_REPRESENTATION_CONTEXT ( 3 ) GLOBAL_UNCERTAINTY_ASSIGNED_CONTEXT ( ( #2964 ) ) GLOBAL_UNIT_ASSIGNED_CONTEXT ( ( #1069, #1543, #119 ) ) REPRESENTATION_CONTEXT ( 'NONE', 'WORKASPACE' ) );
#1391 = VERTEX_POINT ( 'NONE', #1196 ) ;
#1392 = LINE ( 'NONE', #915, #1585 ) ;
#1393 = AXIS2_PLACEMENT_3D ( 'NONE', #3168, #2667, #2189 ) ;
#1394 = SURFACE_STYLE_USAGE ( .BOTH. , #1851 ) ;
#1395 = LINE ( 'NONE', #920, #1815 ) ;
#1396 = ORIENTED_EDGE ( 'NONE', *, *, #903, .T. ) ;
#1397 = EDGE_CURVE ( 'NONE', #1474, #4502, #1665, .T. ) ;
#1398 = VECTOR ( 'NONE', #2979, 1000.000000000000000 ) ;
#1399 = FACE_OUTER_BOUND ( 'NONE', #136, .T. ) ;
#1400 = ORIENTED_EDGE ( 'NONE', *, *, #4431, .F. ) ;
#1401 = PRESENTATION_LAYER_ASSIGNMENT (  '', '', ( #1281 ) ) ;
#1402 = AXIS2_PLACEMENT_3D ( 'NONE', #1946, #1486, #1023 ) ;
#1403 =( GEOMETRIC_REPRESENTATION_CONTEXT ( 3 ) GLOBAL_UNCERTAINTY_ASSIGNED_CONTEXT ( ( #4010 ) ) GLOBAL_UNIT_ASSIGNED_CONTEXT ( ( #1849, #425, #3622 ) ) REPRESENTATION_CONTEXT ( 'NONE', 'WORKASPACE' ) );
#1404 = VECTOR ( 'NONE', #2023, 1000.000000000000000 ) ;
#1405 = VERTEX_POINT ( 'NONE', #3912 ) ;
#1406 =( NAMED_UNIT ( * ) SI_UNIT ( $, .STERADIAN. ) SOLID_ANGLE_UNIT ( ) );
#1407 = EDGE_CURVE ( 'NONE', #1890, #4061, #4375, .T. ) ;
#1408 = SURFACE_STYLE_FILL_AREA ( #1864 ) ;
#1409 = CARTESIAN_POINT ( 'NONE',  ( -10.15999999999999800, 0.5999999999999998700, -10.15999999999999800 ) ) ;
#1410 = STYLED_ITEM ( 'NONE', ( #2243 ), #4108 ) ;
#1411 = DIRECTION ( 'NONE',  ( -1.000000000000000000, 0.0000000000000000000, 9.912705577010435800E-015 ) ) ;
#1412 = SURFACE_SIDE_STYLE ('',( #1867 ) ) ;
#1413 = CARTESIAN_POINT ( 'NONE',  ( -10.15999999999999800, -3.399999999999993200, 2.540000000000002300 ) ) ;
#1414 = ORIENTED_EDGE ( 'NONE', *, *, #3505, .T. ) ;
#1415 =( NAMED_UNIT ( * ) SI_UNIT ( $, .STERADIAN. ) SOLID_ANGLE_UNIT ( ) );
#1416 = SURFACE_SIDE_STYLE ('',( #1871 ) ) ;
#1417 = ORIENTED_EDGE ( 'NONE', *, *, #2080, .F. ) ;
#1418 = DIRECTION ( 'NONE',  ( -0.9874413691408832100, 0.0000000000000000000, 0.1579858933866496500 ) ) ;
#1419 =( GEOMETRIC_REPRESENTATION_CONTEXT ( 3 ) GLOBAL_UNCERTAINTY_ASSIGNED_CONTEXT ( ( #789 ) ) GLOBAL_UNIT_ASSIGNED_CONTEXT ( ( #2424, #1030, #4211 ) ) REPRESENTATION_CONTEXT ( 'NONE', 'WORKASPACE' ) );
#1420 = ORIENTED_EDGE ( 'NONE', *, *, #803, .F. ) ;
#1421 = MECHANICAL_DESIGN_GEOMETRIC_PRESENTATION_REPRESENTATION (  '', ( #1190 ), #1403 ) ;
#1422 = AXIS2_PLACEMENT_3D ( 'NONE', #369, #4515, #4039 ) ;
#1423 = DIRECTION ( 'NONE',  ( -1.000000000000000000, 0.0000000000000000000, -2.478176394252608900E-015 ) ) ;
#1424 = CYLINDRICAL_SURFACE ( 'NONE', #712, 0.4999999999999999400 ) ;
#1425 = EDGE_LOOP ( 'NONE', ( #1146, #4528, #3557, #3706 ) ) ;
#1426 = DIRECTION ( 'NONE',  ( 0.1117128965772655300, 0.7071067809855756700, 0.6982264883420953300 ) ) ;
#1427 = DIRECTION ( 'NONE',  ( 0.0000000000000000000, 1.000000000000000000, 0.0000000000000000000 ) ) ;
#1428 = CARTESIAN_POINT ( 'NONE',  ( 9.670966281993969500, 9.200000000000004600, -10.26414423965442800 ) ) ;
#1429 =( LENGTH_UNIT ( ) NAMED_UNIT ( * ) SI_UNIT ( .MILLI., .METRE. ) );
#1430 = CARTESIAN_POINT ( 'NONE',  ( 11.50000000000000000, 0.5999999999999998700, -4.999999999999997300 ) ) ;
#1431 = DIRECTION ( 'NONE',  ( 0.0000000000000000000, 1.000000000000000000, 0.0000000000000000000 ) ) ;
#1432 = VERTEX_POINT ( 'NONE', #2014 ) ;
#1433 =( GEOMETRIC_REPRESENTATION_CONTEXT ( 3 ) GLOBAL_UNCERTAINTY_ASSIGNED_CONTEXT ( ( #3124 ) ) GLOBAL_UNIT_ASSIGNED_CONTEXT ( ( #302, #3481, #2074 ) ) REPRESENTATION_CONTEXT ( 'NONE', 'WORKASPACE' ) );
#1434 = FILL_AREA_STYLE_COLOUR ( '', #1017 ) ;
#1435 = AXIS2_PLACEMENT_3D ( 'NONE', #3242, #2768, #2278 ) ;
#1436 = ORIENTED_EDGE ( 'NONE', *, *, #1345, .T. ) ;
#1437 =( NAMED_UNIT ( * ) PLANE_ANGLE_UNIT ( ) SI_UNIT ( $, .RADIAN. ) );
#1438 = FACE_OUTER_BOUND ( 'NONE', #1425, .T. ) ;
#1439 = ORIENTED_EDGE ( 'NONE', *, *, #1263, .T. ) ;
#1440 = DIRECTION ( 'NONE',  ( 0.9874413691408829900, 0.0000000000000000000, -0.1579858933866522000 ) ) ;
#1441 = CARTESIAN_POINT ( 'NONE',  ( -12.08578643762690200, 9.899999999999998600, 12.08578643762690200 ) ) ;
#1442 = ORIENTED_EDGE ( 'NONE', *, *, #172, .T. ) ;
#1443 = SURFACE_SIDE_STYLE ('',( #1903 ) ) ;
#1444 = FILL_AREA_STYLE ('',( #1904 ) ) ;
#1445 = MECHANICAL_DESIGN_GEOMETRIC_PRESENTATION_REPRESENTATION (  '', ( #1213 ), #365 ) ;
#1446 = DIRECTION ( 'NONE',  ( -0.0000000000000000000, -1.000000000000000000, -0.0000000000000000000 ) ) ;
#1447 = COLOUR_RGB ( '',0.7921568627450980000, 0.8196078431372548800, 0.9333333333333333500 ) ;
#1448 = LINE ( 'NONE', #978, #2027 ) ;
#1449 = ORIENTED_EDGE ( 'NONE', *, *, #2062, .T. ) ;
#1450 = STYLED_ITEM ( 'NONE', ( #4104 ), #1950 ) ;
#1451 = CARTESIAN_POINT ( 'NONE',  ( -10.65372068457044100, 0.5999999999999998700, -10.08100705330667400 ) ) ;
#1452 = COLOUR_RGB ( '',1.000000000000000000, 1.000000000000000000, 1.000000000000000000 ) ;
#1453 =( NAMED_UNIT ( * ) SI_UNIT ( $, .STERADIAN. ) SOLID_ANGLE_UNIT ( ) );
#1454 =( NAMED_UNIT ( * ) PLANE_ANGLE_UNIT ( ) SI_UNIT ( $, .RADIAN. ) );
#1455 = SURFACE_STYLE_USAGE ( .BOTH. , #1916 ) ;
#1456 = EDGE_LOOP ( 'NONE', ( #1297, #4415, #3820, #1036, #2878 ) ) ;
#1457 = PLANE ( 'NONE',  #3849 ) ;
#1458 =( NAMED_UNIT ( * ) PLANE_ANGLE_UNIT ( ) SI_UNIT ( $, .RADIAN. ) );
#1459 = ORIENTED_EDGE ( 'NONE', *, *, #1691, .T. ) ;
#1460 = ORIENTED_EDGE ( 'NONE', *, *, #2929, .T. ) ;
#1461 = CARTESIAN_POINT ( 'NONE',  ( 12.08578643762690800, 8.900000000000000400, -12.50000000000000000 ) ) ;
#1462 = ORIENTED_EDGE ( 'NONE', *, *, #2001, .F. ) ;
#1463 = FILL_AREA_STYLE ('',( #1926 ) ) ;
#1464 = COLOUR_RGB ( '',0.7921568627450980000, 0.8196078431372548800, 0.9333333333333333500 ) ;
#1465 =( NAMED_UNIT ( * ) PLANE_ANGLE_UNIT ( ) SI_UNIT ( $, .RADIAN. ) );
#1466 = ADVANCED_FACE ( 'NONE', ( #4233 ), #936, .T. ) ;
#1467 = AXIS2_PLACEMENT_3D ( 'NONE', #4596, #4129, #3660 ) ;
#1468 = SURFACE_STYLE_FILL_AREA ( #1927 ) ;
#1469 = PRESENTATION_LAYER_ASSIGNMENT (  '', '', ( #34 ) ) ;
#1470 = FILL_AREA_STYLE_COLOUR ( '', #4400 ) ;
#1471 = CARTESIAN_POINT ( 'NONE',  ( -12.50000000000000400, 8.900000000000002100, -11.50000000000000200 ) ) ;
#1472 = SURFACE_STYLE_FILL_AREA ( #1930 ) ;
#1473 = CYLINDRICAL_SURFACE ( 'NONE', #1362, 1.000000000000000900 ) ;
#1474 = VERTEX_POINT ( 'NONE', #1333 ) ;
#1475 = ORIENTED_EDGE ( 'NONE', *, *, #3075, .T. ) ;
#1476 = COLOUR_RGB ( '',0.7921568627450980000, 0.8196078431372548800, 0.9333333333333333500 ) ;
#1477 = ADVANCED_FACE ( 'NONE', ( #701 ), #2953, .T. ) ;
#1478 = STYLED_ITEM ( 'NONE', ( #132 ), #2032 ) ;
#1479 = DIRECTION ( 'NONE',  ( 0.0000000000000000000, -0.0000000000000000000, 1.000000000000000000 ) ) ;
#1480 = AXIS2_PLACEMENT_3D ( 'NONE', #1618, #1154, #674 ) ;
#1481 = VECTOR ( 'NONE', #901, 1000.000000000000000 ) ;
#1482 = CARTESIAN_POINT ( 'NONE',  ( 12.50000000000000200, 10.50000000000000000, -12.50000000000000000 ) ) ;
#1483 = UNCERTAINTY_MEASURE_WITH_UNIT (LENGTH_MEASURE( 1.000000000000000100E-005 ), #3739, 'distance_accuracy_value', 'NONE');
#1484 = VERTEX_POINT ( 'NONE', #2276 ) ;
#1485 = SURFACE_SIDE_STYLE ('',( #1945 ) ) ;
#1486 = DIRECTION ( 'NONE',  ( -1.000000000000000000, 0.0000000000000000000, 0.0000000000000000000 ) ) ;
#1487 = DIRECTION ( 'NONE',  ( -0.1472821962041862600, 0.7071067809855756700, 0.6915981166584309600 ) ) ;
#1488 = CIRCLE ( 'NONE', #4469, 0.4999999999999996100 ) ;
#1489 = FILL_AREA_STYLE_COLOUR ( '', #4273 ) ;
#1490 = DIRECTION ( 'NONE',  ( 0.0000000000000000000, 1.000000000000000000, 0.0000000000000000000 ) ) ;
#1491 = ORIENTED_EDGE ( 'NONE', *, *, #3946, .F. ) ;
#1492 = PRESENTATION_STYLE_ASSIGNMENT (( #1956 ) ) ;
#1493 = DIRECTION ( 'NONE',  ( 0.0000000000000000000, 0.0000000000000000000, 1.000000000000000000 ) ) ;
#1494 = PRESENTATION_STYLE_ASSIGNMENT (( #1958 ) ) ;
#1495 = SURFACE_SIDE_STYLE ('',( #1959 ) ) ;
#1496 = CARTESIAN_POINT ( 'NONE',  ( -12.69999999999999900, 0.0000000000000000000, 12.70000000000000300 ) ) ;
#1497 = ORIENTED_EDGE ( 'NONE', *, *, #3844, .T. ) ;
#1498 = CARTESIAN_POINT ( 'NONE',  ( 12.50000000000000500, 8.900000000000002100, 11.50000000000000200 ) ) ;
#1499 = STYLED_ITEM ( 'NONE', ( #528 ), #4480 ) ;
#1500 = ORIENTED_EDGE ( 'NONE', *, *, #984, .T. ) ;
#1501 = AXIS2_PLACEMENT_3D ( 'NONE', #2100, #211, #4343 ) ;
#1502 = DIRECTION ( 'NONE',  ( 1.387778780781445700E-016, 0.0000000000000000000, 1.000000000000000000 ) ) ;
#1503 = CARTESIAN_POINT ( 'NONE',  ( -12.49999999999999800, 0.5999999999999998700, -12.50000000000000000 ) ) ;
#1504 = AXIS2_PLACEMENT_3D ( 'NONE', #130, #4267, #3800 ) ;
#1505 = PRESENTATION_LAYER_ASSIGNMENT (  '', '', ( #1274 ) ) ;
#1506 = ORIENTED_EDGE ( 'NONE', *, *, #2918, .T. ) ;
#1507 = SURFACE_STYLE_USAGE ( .BOTH. , #1977 ) ;
#1508 = DIRECTION ( 'NONE',  ( 0.0000000000000000000, 0.0000000000000000000, 1.000000000000000000 ) ) ;
#1509 = MECHANICAL_DESIGN_GEOMETRIC_PRESENTATION_REPRESENTATION (  '', ( #1281 ), #1770 ) ;
#1510 = VECTOR ( 'NONE', #1673, 1000.000000000000000 ) ;
#1511 = STYLED_ITEM ( 'NONE', ( #3957 ), #1681 ) ;
#1512 = CARTESIAN_POINT ( 'NONE',  ( 10.23899294669542000, -3.399999999999993200, 10.65372068458355600 ) ) ;
#1513 = LINE ( 'NONE', #1052, #2411 ) ;
#1514 = CARTESIAN_POINT ( 'NONE',  ( -10.65372068457044100, 0.5999999999999998700, 2.618992946693327300 ) ) ;
#1515 = EDGE_CURVE ( 'NONE', #328, #2303, #1820, .T. ) ;
#1516 =( NAMED_UNIT ( * ) SI_UNIT ( $, .STERADIAN. ) SOLID_ANGLE_UNIT ( ) );
#1517 = CARTESIAN_POINT ( 'NONE',  ( 12.69999999999999900, 0.0000000000000000000, 7.500000000000004400 ) ) ;
#1518 = SURFACE_STYLE_FILL_AREA ( #1990 ) ;
#1519 = SURFACE_STYLE_USAGE ( .BOTH. , #1991 ) ;
#1520 = CARTESIAN_POINT ( 'NONE',  ( -10.23899294669542000, -3.399999999999993200, -10.65372068458355200 ) ) ;
#1521 = VECTOR ( 'NONE', #2195, 1000.000000000000000 ) ;
#1522 = ORIENTED_EDGE ( 'NONE', *, *, #4503, .T. ) ;
#1523 =( NAMED_UNIT ( * ) PLANE_ANGLE_UNIT ( ) SI_UNIT ( $, .RADIAN. ) );
#1524 = DIRECTION ( 'NONE',  ( 0.0000000000000000000, 0.0000000000000000000, 1.000000000000000000 ) ) ;
#1525 = STYLED_ITEM ( 'NONE', ( #1191 ), #4080 ) ;
#1526 = SURFACE_STYLE_FILL_AREA ( #1995 ) ;
#1527 =( GEOMETRIC_REPRESENTATION_CONTEXT ( 3 ) GLOBAL_UNCERTAINTY_ASSIGNED_CONTEXT ( ( #1134 ) ) GLOBAL_UNIT_ASSIGNED_CONTEXT ( ( #3914, #2482, #1086 ) ) REPRESENTATION_CONTEXT ( 'NONE', 'WORKASPACE' ) );
#1528 = VERTEX_POINT ( 'NONE', #4544 ) ;
#1529 =( NAMED_UNIT ( * ) PLANE_ANGLE_UNIT ( ) SI_UNIT ( $, .RADIAN. ) );
#1530 = STYLED_ITEM ( 'NONE', ( #3677 ), #301 ) ;
#1531 = EDGE_LOOP ( 'NONE', ( #1264, #1679, #3249, #527, #3793 ) ) ;
#1532 = DIRECTION ( 'NONE',  ( 0.9874413691408829900, 0.0000000000000000000, -0.1579858933866522000 ) ) ;
#1533 = CARTESIAN_POINT ( 'NONE',  ( 12.50000000000000200, 0.5999999999999998700, -12.50000000000000000 ) ) ;
#1534 = CIRCLE ( 'NONE', #4136, 0.4000000000132791800 ) ;
#1535 = CARTESIAN_POINT ( 'NONE',  ( -12.69999999999999900, 0.5999999999999999800, 12.70000000000000300 ) ) ;
#1536 =( GEOMETRIC_REPRESENTATION_CONTEXT ( 3 ) GLOBAL_UNCERTAINTY_ASSIGNED_CONTEXT ( ( #4190 ) ) GLOBAL_UNIT_ASSIGNED_CONTEXT ( ( #1938, #521, #3718 ) ) REPRESENTATION_CONTEXT ( 'NONE', 'WORKASPACE' ) );
#1537 = AXIS2_PLACEMENT_3D ( 'NONE', #3561, #1225, #748 ) ;
#1538 = SURFACE_SIDE_STYLE ('',( #2007 ) ) ;
#1539 = STYLED_ITEM ( 'NONE', ( #362 ), #1810 ) ;
#1540 =( NAMED_UNIT ( * ) SI_UNIT ( $, .STERADIAN. ) SOLID_ANGLE_UNIT ( ) );
#1541 = ORIENTED_EDGE ( 'NONE', *, *, #1646, .F. ) ;
#1542 =( GEOMETRIC_REPRESENTATION_CONTEXT ( 3 ) GLOBAL_UNCERTAINTY_ASSIGNED_CONTEXT ( ( #1324 ) ) GLOBAL_UNIT_ASSIGNED_CONTEXT ( ( #3655, #2223, #835 ) ) REPRESENTATION_CONTEXT ( 'NONE', 'WORKASPACE' ) );
#1543 =( NAMED_UNIT ( * ) PLANE_ANGLE_UNIT ( ) SI_UNIT ( $, .RADIAN. ) );
#1544 = CARTESIAN_POINT ( 'NONE',  ( 12.50000000000000200, 0.5999999999999998700, -12.50000000000000000 ) ) ;
#1545 = ORIENTED_EDGE ( 'NONE', *, *, #3736, .T. ) ;
#1546 = CARTESIAN_POINT ( 'NONE',  ( -10.15999999999999800, 9.200000000000004600, 2.540000000000002300 ) ) ;
#1547 = FILL_AREA_STYLE ('',( #2480 ) ) ;
#1548 = EDGE_LOOP ( 'NONE', ( #3239, #2504, #2154, #3045 ) ) ;
#1549 =( NAMED_UNIT ( * ) SI_UNIT ( $, .STERADIAN. ) SOLID_ANGLE_UNIT ( ) );
#1550 = LINE ( 'NONE', #1087, #787 ) ;
#1551 = CIRCLE ( 'NONE', #2576, 0.5000000000000001100 ) ;
#1552 = VERTEX_POINT ( 'NONE', #4066 ) ;
#1553 = CARTESIAN_POINT ( 'NONE',  ( 10.15999999999999800, -3.399999999999993200, 10.16000000000000200 ) ) ;
#1554 = LINE ( 'NONE', #3318, #891 ) ;
#1555 = SURFACE_STYLE_FILL_AREA ( #2022 ) ;
#1556 = FILL_AREA_STYLE_COLOUR ( '', #1133 ) ;
#1557 =( NAMED_UNIT ( * ) PLANE_ANGLE_UNIT ( ) SI_UNIT ( $, .RADIAN. ) );
#1558 = AXIS2_PLACEMENT_3D ( 'NONE', #2365, #1897, #1440 ) ;
#1559 = VERTEX_POINT ( 'NONE', #397 ) ;
#1560 = UNCERTAINTY_MEASURE_WITH_UNIT (LENGTH_MEASURE( 1.000000000000000100E-005 ), #456, 'distance_accuracy_value', 'NONE');
#1561 = LINE ( 'NONE', #1096, #3519 ) ;
#1562 = CIRCLE ( 'NONE', #1727, 0.5000000000000000000 ) ;
#1563 = SURFACE_STYLE_USAGE ( .BOTH. , #2033 ) ;
#1564 = FILL_AREA_STYLE ('',( #2034 ) ) ;
#1565 = PRESENTATION_STYLE_ASSIGNMENT (( #2036 ) ) ;
#1566 =( NAMED_UNIT ( * ) SI_UNIT ( $, .STERADIAN. ) SOLID_ANGLE_UNIT ( ) );
#1567 = PRESENTATION_LAYER_ASSIGNMENT (  '', '', ( #1339 ) ) ;
#1568 =( NAMED_UNIT ( * ) SI_UNIT ( $, .STERADIAN. ) SOLID_ANGLE_UNIT ( ) );
#1569 = FILL_AREA_STYLE ('',( #2037 ) ) ;
#1570 = CYLINDRICAL_SURFACE ( 'NONE', #2754, 0.4999999999999998900 ) ;
#1571 = EDGE_LOOP ( 'NONE', ( #2618, #1621, #4051, #4514, #3936, #2657 ) ) ;
#1572 = ORIENTED_EDGE ( 'NONE', *, *, #1744, .T. ) ;
#1573 = CIRCLE ( 'NONE', #1537, 0.6000000000000015300 ) ;
#1574 = DIRECTION ( 'NONE',  ( -0.0000000000000000000, -1.000000000000000000, 0.0000000000000000000 ) ) ;
#1575 = VERTEX_POINT ( 'NONE', #3593 ) ;
#1576 = SURFACE_STYLE_FILL_AREA ( #2045 ) ;
#1577 = FILL_AREA_STYLE ('',( #2047 ) ) ;
#1578 = DIRECTION ( 'NONE',  ( 0.0000000000000000000, 1.000000000000000000, 0.0000000000000000000 ) ) ;
#1579 = SURFACE_SIDE_STYLE ('',( #2052 ) ) ;
#1580 = CARTESIAN_POINT ( 'NONE',  ( -11.50000000000000000, 9.900000000000000400, -11.50000000000000000 ) ) ;
#1581 = FACE_OUTER_BOUND ( 'NONE', #2334, .T. ) ;
#1582 = EDGE_LOOP ( 'NONE', ( #1067, #885, #4067, #1706, #1976 ) ) ;
#1583 = PRODUCT_DEFINITION_CONTEXT ( 'detailed design', #3160, 'design' ) ;
#1584 = EDGE_LOOP ( 'NONE', ( #3316, #371, #2188, #3711, #1021 ) ) ;
#1585 = VECTOR ( 'NONE', #422, 1000.000000000000000 ) ;
#1586 = CIRCLE ( 'NONE', #1273, 0.4999999999770361500 ) ;
#1587 = MECHANICAL_DESIGN_GEOMETRIC_PRESENTATION_REPRESENTATION (  '', ( #34 ), #380 ) ;
#1588 = MECHANICAL_DESIGN_GEOMETRIC_PRESENTATION_REPRESENTATION (  '', ( #3351 ), #993 ) ;
#1589 = CARTESIAN_POINT ( 'NONE',  ( -11.50000000000000000, 0.0000000000000000000, 6.999999999999994700 ) ) ;
#1590 = ADVANCED_FACE ( 'NONE', ( #3204 ), #1999, .T. ) ;
#1591 = VERTEX_POINT ( 'NONE', #3786 ) ;
#1592 = CARTESIAN_POINT ( 'NONE',  ( -10.15999999999999800, 0.5999999999999998700, -9.559999999999998700 ) ) ;
#1593 = CIRCLE ( 'NONE', #4392, 0.4999999999770353100 ) ;
#1594 = VECTOR ( 'NONE', #1675, 1000.000000000000000 ) ;
#1595 = EDGE_CURVE ( 'NONE', #152, #1559, #2230, .T. ) ;
#1596 = ORIENTED_EDGE ( 'NONE', *, *, #3496, .F. ) ;
#1597 = CARTESIAN_POINT ( 'NONE',  ( 10.15999999999999800, 0.0000000000000000000, -0.5999999999999998700 ) ) ;
#1598 = VECTOR ( 'NONE', #1240, 1000.000000000000000 ) ;
#1599 = AXIS2_PLACEMENT_3D ( 'NONE', #1148, #667, #186 ) ;
#1600 = VERTEX_POINT ( 'NONE', #1430 ) ;
#1601 = FILL_AREA_STYLE_COLOUR ( '', #3246 ) ;
#1602 = SURFACE_STYLE_USAGE ( .BOTH. , #2073 ) ;
#1603 = DIRECTION ( 'NONE',  ( -0.0000000000000000000, 1.000000000000000000, -0.0000000000000000000 ) ) ;
#1604 = EDGE_CURVE ( 'NONE', #2155, #1284, #1534, .T. ) ;
#1605 = CARTESIAN_POINT ( 'NONE',  ( 12.69999999999999900, 0.5999999999999999800, 4.500000000000005300 ) ) ;
#1606 = DIRECTION ( 'NONE',  ( 0.0000000000000000000, -0.0000000000000000000, 1.000000000000000000 ) ) ;
#1607 = DIRECTION ( 'NONE',  ( 1.000000000000000000, 0.0000000000000000000, 0.0000000000000000000 ) ) ;
#1608 = PRESENTATION_STYLE_ASSIGNMENT (( #2081 ) ) ;
#1609 = COLOUR_RGB ( '',0.7921568627450980000, 0.8196078431372548800, 0.9333333333333333500 ) ;
#1610 = ORIENTED_EDGE ( 'NONE', *, *, #4465, .F. ) ;
#1611 = DIRECTION ( 'NONE',  ( -0.0000000000000000000, 1.000000000000000000, -0.0000000000000000000 ) ) ;
#1612 = ADVANCED_FACE ( 'NONE', ( #2962 ), #741, .F. ) ;
#1613 = ORIENTED_EDGE ( 'NONE', *, *, #167, .F. ) ;
#1614 =( GEOMETRIC_REPRESENTATION_CONTEXT ( 3 ) GLOBAL_UNCERTAINTY_ASSIGNED_CONTEXT ( ( #108 ) ) GLOBAL_UNIT_ASSIGNED_CONTEXT ( ( #996, #4178, #2765 ) ) REPRESENTATION_CONTEXT ( 'NONE', 'WORKASPACE' ) );
#1615 = CARTESIAN_POINT ( 'NONE',  ( 0.0000000000000000000, 0.0000000000000000000, 0.0000000000000000000 ) ) ;
#1616 = COLOUR_RGB ( '',0.7921568627450980000, 0.8196078431372548800, 0.9333333333333333500 ) ;
#1617 = PRESENTATION_LAYER_ASSIGNMENT (  '', '', ( #1499 ) ) ;
#1618 = CARTESIAN_POINT ( 'NONE',  ( -10.15999999999999800, -3.399999999999993200, -2.539999999999996900 ) ) ;
#1619 = CARTESIAN_POINT ( 'NONE',  ( -10.08100705330854300, -3.400000000025096300, -2.046279315441230200 ) ) ;
#1620 = EDGE_CURVE ( 'NONE', #3538, #3909, #3442, .T. ) ;
#1621 = ORIENTED_EDGE ( 'NONE', *, *, #1277, .T. ) ;
#1622 = LINE ( 'NONE', #1157, #2682 ) ;
#1623 = DIRECTION ( 'NONE',  ( -1.000000000000000000, 0.0000000000000000000, 0.0000000000000000000 ) ) ;
#1624 = DIRECTION ( 'NONE',  ( 0.0000000000000000000, 0.0000000000000000000, 1.000000000000000000 ) ) ;
#1625 = DIRECTION ( 'NONE',  ( 0.0000000000000000000, 1.000000000000000000, 0.0000000000000000000 ) ) ;
#1626 = FACE_OUTER_BOUND ( 'NONE', #1078, .T. ) ;
#1627 = SURFACE_SIDE_STYLE ('',( #2092 ) ) ;
#1628 = DIRECTION ( 'NONE',  ( -0.1579858933866498900, 0.0000000000000000000, -0.9874413691408832100 ) ) ;
#1629 = AXIS2_PLACEMENT_3D ( 'NONE', #3566, #3123, #2626 ) ;
#1630 = MECHANICAL_DESIGN_GEOMETRIC_PRESENTATION_REPRESENTATION (  '', ( #1274 ), #1738 ) ;
#1631 = DIRECTION ( 'NONE',  ( 6.505213034913058200E-016, -0.0000000000000000000, 1.000000000000000000 ) ) ;
#1632 = COLOUR_RGB ( '',0.7921568627450980000, 0.8196078431372548800, 0.9333333333333333500 ) ;
#1633 = AXIS2_PLACEMENT_3D ( 'NONE', #1204, #725, #244 ) ;
#1634 = FILL_AREA_STYLE_COLOUR ( '', #4070 ) ;
#1635 = PRESENTATION_LAYER_ASSIGNMENT (  '', '', ( #1511 ) ) ;
#1636 = SURFACE_STYLE_USAGE ( .BOTH. , #2099 ) ;
#1637 =( LENGTH_UNIT ( ) NAMED_UNIT ( * ) SI_UNIT ( .MILLI., .METRE. ) );
#1638 = UNCERTAINTY_MEASURE_WITH_UNIT (LENGTH_MEASURE( 1.000000000000000100E-005 ), #4229, 'distance_accuracy_value', 'NONE');
#1639 = ADVANCED_FACE ( 'NONE', ( #731 ), #4257, .T. ) ;
#1640 = LINE ( 'NONE', #1171, #1975 ) ;
#1641 = DIRECTION ( 'NONE',  ( 0.0000000000000000000, 0.0000000000000000000, 1.000000000000000000 ) ) ;
#1642 = ORIENTED_EDGE ( 'NONE', *, *, #4218, .F. ) ;
#1643 = FILL_AREA_STYLE ('',( #3514 ) ) ;
#1644 =( NAMED_UNIT ( * ) SI_UNIT ( $, .STERADIAN. ) SOLID_ANGLE_UNIT ( ) );
#1645 = DIRECTION ( 'NONE',  ( 0.0000000000000000000, 1.000000000000000000, 0.0000000000000000000 ) ) ;
#1646 = EDGE_CURVE ( 'NONE', #650, #1391, #4373, .T. ) ;
#1647 = STYLED_ITEM ( 'NONE', ( #3802 ), #1246 ) ;
#1648 = ORIENTED_EDGE ( 'NONE', *, *, #4533, .T. ) ;
#1649 = VECTOR ( 'NONE', #825, 1000.000000000000000 ) ;
#1650 = PRESENTATION_LAYER_ASSIGNMENT (  '', '', ( #1525 ) ) ;
#1651 = FILL_AREA_STYLE ('',( #3520 ) ) ;
#1652 = DIRECTION ( 'NONE',  ( -0.0000000000000000000, 1.000000000000000000, -0.0000000000000000000 ) ) ;
#1653 = EDGE_CURVE ( 'NONE', #3424, #800, #4062, .T. ) ;
#1654 = EDGE_LOOP ( 'NONE', ( #3074, #4545, #1819, #1105, #2550 ) ) ;
#1655 = CARTESIAN_POINT ( 'NONE',  ( 12.08578643762691100, 9.899999999999998600, 11.49999999998773200 ) ) ;
#1656 = DIRECTION ( 'NONE',  ( 0.0000000000000000000, 1.000000000000000000, 0.0000000000000000000 ) ) ;
#1657 = CARTESIAN_POINT ( 'NONE',  ( -10.15999999999999800, 0.0000000000000000000, -1.939999999999997100 ) ) ;
#1658 =( GEOMETRIC_REPRESENTATION_CONTEXT ( 3 ) GLOBAL_UNCERTAINTY_ASSIGNED_CONTEXT ( ( #217 ) ) GLOBAL_UNIT_ASSIGNED_CONTEXT ( ( #1186, #4363, #2958 ) ) REPRESENTATION_CONTEXT ( 'NONE', 'WORKASPACE' ) );
#1659 = SURFACE_STYLE_USAGE ( .BOTH. , #2117 ) ;
#1660 = FACE_OUTER_BOUND ( 'NONE', #1582, .T. ) ;
#1661 = EDGE_LOOP ( 'NONE', ( #431, #1964, #4065, #758 ) ) ;
#1662 = PLANE ( 'NONE',  #3432 ) ;
#1663 = AXIS2_PLACEMENT_3D ( 'NONE', #2698, #3082, #2585 ) ;
#1664 = LINE ( 'NONE', #1195, #345 ) ;
#1665 = LINE ( 'NONE', #717, #565 ) ;
#1666 = ORIENTED_EDGE ( 'NONE', *, *, #2159, .T. ) ;
#1667 = SURFACE_SIDE_STYLE ('',( #2122 ) ) ;
#1668 = SURFACE_STYLE_USAGE ( .BOTH. , #2123 ) ;
#1669 = EDGE_CURVE ( 'NONE', #1796, #3381, #462, .T. ) ;
#1670 = CARTESIAN_POINT ( 'NONE',  ( -12.00000000000000700, 0.5999999999999998700, 4.500000000000005300 ) ) ;
#1671 = PRESENTATION_LAYER_ASSIGNMENT (  '', '', ( #1539 ) ) ;
#1672 = ORIENTED_EDGE ( 'NONE', *, *, #4223, .F. ) ;
#1673 = DIRECTION ( 'NONE',  ( -1.000000000000000000, -0.0000000000000000000, -0.0000000000000000000 ) ) ;
#1674 = UNCERTAINTY_MEASURE_WITH_UNIT (LENGTH_MEASURE( 1.000000000000000100E-005 ), #1234, 'distance_accuracy_value', 'NONE');
#1675 = DIRECTION ( 'NONE',  ( 3.469446951953609500E-015, -0.0000000000000000000, -1.000000000000000000 ) ) ;
#1676 = DIRECTION ( 'NONE',  ( -1.000000000000000000, 0.0000000000000000000, -9.912705577010423200E-015 ) ) ;
#1677 = FILL_AREA_STYLE ('',( #2131 ) ) ;
#1678 = COLOUR_RGB ( '',0.7921568627450980000, 0.8196078431372548800, 0.9333333333333333500 ) ;
#1679 = ORIENTED_EDGE ( 'NONE', *, *, #4474, .T. ) ;
#1680 = AXIS2_PLACEMENT_3D ( 'NONE', #1517, #1057, #563 ) ;
#1681 = ADVANCED_FACE ( 'NONE', ( #1045 ), #2416, .T. ) ;
#1682 = CYLINDRICAL_SURFACE ( 'NONE', #360, 0.6000000000000015300 ) ;
#1683 = EDGE_CURVE ( 'NONE', #2402, #606, #1885, .T. ) ;
#1684 = PRESENTATION_LAYER_ASSIGNMENT (  '', '', ( #1211 ) ) ;
#1685 = DIRECTION ( 'NONE',  ( 0.0000000000000000000, 1.000000000000000000, 0.0000000000000000000 ) ) ;
#1686 = CIRCLE ( 'NONE', #3021, 0.5000000000000004400 ) ;
#1687 = CARTESIAN_POINT ( 'NONE',  ( 10.15999999999999800, -3.399999999999993200, -10.15999999999999800 ) ) ;
#1688 = SURFACE_STYLE_USAGE ( .BOTH. , #2138 ) ;
#1689 = SURFACE_STYLE_USAGE ( .BOTH. , #2140 ) ;
#1690 = EDGE_LOOP ( 'NONE', ( #3415, #1420, #3170, #2971, #766, #2336, #1197, #3474, #2469, #2951, #2904, #3235, #4347, #4240, #1360, #3524, #2206, #1251, #617, #4219, #3462, #2389, #3753, #3376, #1462, #2506, #2082, #1803 ) ) ;
#1691 = EDGE_CURVE ( 'NONE', #421, #148, #3261, .T. ) ;
#1692 = CARTESIAN_POINT ( 'NONE',  ( 10.15999999999999800, -3.499999999999994200, 1.734723475976807100E-015 ) ) ;
#1693 = VERTEX_POINT ( 'NONE', #1842 ) ;
#1694 = ADVANCED_FACE ( 'NONE', ( #2322 ), #3726, .T. ) ;
#1695 = DIRECTION ( 'NONE',  ( 0.0000000000000000000, -1.000000000000000000, 0.0000000000000000000 ) ) ;
#1696 =( LENGTH_UNIT ( ) NAMED_UNIT ( * ) SI_UNIT ( .MILLI., .METRE. ) );
#1697 = ORIENTED_EDGE ( 'NONE', *, *, #284, .T. ) ;
#1698 = MECHANICAL_DESIGN_GEOMETRIC_PRESENTATION_REPRESENTATION (  '', ( #1339 ), #3448 ) ;
#1699 = SURFACE_STYLE_FILL_AREA ( #2147 ) ;
#1700 = VECTOR ( 'NONE', #131, 1000.000000000000000 ) ;
#1701 = LINE ( 'NONE', #1229, #2191 ) ;
#1702 = CIRCLE ( 'NONE', #1771, 0.4999999999999998300 ) ;
#1703 = DIRECTION ( 'NONE',  ( 1.387778780781445700E-016, -0.0000000000000000000, 1.000000000000000000 ) ) ;
#1704 = LINE ( 'NONE', #1231, #2952 ) ;
#1705 = UNCERTAINTY_MEASURE_WITH_UNIT (LENGTH_MEASURE( 1.000000000000000100E-005 ), #561, 'distance_accuracy_value', 'NONE');
#1706 = ORIENTED_EDGE ( 'NONE', *, *, #4072, .F. ) ;
#1707 = EDGE_CURVE ( 'NONE', #1221, #3845, #680, .T. ) ;
#1708 = EDGE_CURVE ( 'NONE', #3445, #168, #122, .T. ) ;
#1709 =( LENGTH_UNIT ( ) NAMED_UNIT ( * ) SI_UNIT ( .MILLI., .METRE. ) );
#1710 = CARTESIAN_POINT ( 'NONE',  ( 11.50000000000000000, 0.5999999999999998700, 7.000000000000004400 ) ) ;
#1711 = STYLED_ITEM ( 'NONE', ( #2194 ), #1038 ) ;
#1712 = CARTESIAN_POINT ( 'NONE',  ( -12.69999999999999900, 0.0000000000000000000, 12.70000000000000300 ) ) ;
#1713 = CARTESIAN_POINT ( 'NONE',  ( 12.00000000000000700, 0.5999999999999999800, -4.499999999999990200 ) ) ;
#1714 = EDGE_CURVE ( 'NONE', #1693, #1856, #3305, .T. ) ;
#1715 = ORIENTED_EDGE ( 'NONE', *, *, #1714, .T. ) ;
#1716 = FILL_AREA_STYLE_COLOUR ( '', #2602 ) ;
#1717 = ADVANCED_FACE ( 'NONE', ( #4008 ), #3637, .T. ) ;
#1718 = EDGE_LOOP ( 'NONE', ( #2491, #4258, #3217, #477, #723 ) ) ;
#1719 = SURFACE_SIDE_STYLE ('',( #2168 ) ) ;
#1720 = ORIENTED_EDGE ( 'NONE', *, *, #903, .F. ) ;
#1721 = DIRECTION ( 'NONE',  ( -1.387778780781445700E-016, 0.0000000000000000000, -1.000000000000000000 ) ) ;
#1722 = DIRECTION ( 'NONE',  ( 1.000000000000000000, 0.0000000000000000000, -1.387778780781444200E-016 ) ) ;
#1723 = PRESENTATION_STYLE_ASSIGNMENT (( #2173 ) ) ;
#1724 = EDGE_CURVE ( 'NONE', #220, #350, #1551, .T. ) ;
#1725 = CARTESIAN_POINT ( 'NONE',  ( -10.15999999999999800, 0.5999999999999998700, 2.540000000000002300 ) ) ;
#1726 = AXIS2_PLACEMENT_3D ( 'NONE', #2083, #1611, #1147 ) ;
#1727 = AXIS2_PLACEMENT_3D ( 'NONE', #246, #3919, #3428 ) ;
#1728 = DIRECTION ( 'NONE',  ( 0.0000000000000000000, 0.0000000000000000000, -1.000000000000000000 ) ) ;
#1729 =( NAMED_UNIT ( * ) PLANE_ANGLE_UNIT ( ) SI_UNIT ( $, .RADIAN. ) );
#1730 = EDGE_CURVE ( 'NONE', #769, #354, #4024, .T. ) ;
#1731 = CARTESIAN_POINT ( 'NONE',  ( 11.99999999997703500, 0.0000000000000000000, -4.999999999977026400 ) ) ;
#1732 = STYLED_ITEM ( 'NONE', ( #3468 ), #3120 ) ;
#1733 = COLOUR_RGB ( '',0.7921568627450980000, 0.8196078431372548800, 0.9333333333333333500 ) ;
#1734 = STYLED_ITEM ( 'NONE', ( #2659 ), #549 ) ;
#1735 = ORIENTED_EDGE ( 'NONE', *, *, #1653, .F. ) ;
#1736 = UNCERTAINTY_MEASURE_WITH_UNIT (LENGTH_MEASURE( 1.000000000000000100E-005 ), #4275, 'distance_accuracy_value', 'NONE');
#1737 = EDGE_CURVE ( 'NONE', #3267, #3916, #3781, .T. ) ;
#1738 =( GEOMETRIC_REPRESENTATION_CONTEXT ( 3 ) GLOBAL_UNCERTAINTY_ASSIGNED_CONTEXT ( ( #2814 ) ) GLOBAL_UNIT_ASSIGNED_CONTEXT ( ( #74, #3271, #1850 ) ) REPRESENTATION_CONTEXT ( 'NONE', 'WORKASPACE' ) );
#1739 =( LENGTH_UNIT ( ) NAMED_UNIT ( * ) SI_UNIT ( .MILLI., .METRE. ) );
#1740 = FACE_OUTER_BOUND ( 'NONE', #2589, .T. ) ;
#1741 = ORIENTED_EDGE ( 'NONE', *, *, #3256, .F. ) ;
#1742 = CARTESIAN_POINT ( 'NONE',  ( 11.99999999997703500, 0.5999999999999999800, -4.999999999977026400 ) ) ;
#1743 = CARTESIAN_POINT ( 'NONE',  ( 10.15999999999999800, -3.400000000025096300, -10.15999999999999800 ) ) ;
#1744 = EDGE_CURVE ( 'NONE', #1932, #1575, #2351, .T. ) ;
#1745 = MECHANICAL_DESIGN_GEOMETRIC_PRESENTATION_REPRESENTATION (  '', ( #1499 ), #4183 ) ;
#1746 = ORIENTED_EDGE ( 'NONE', *, *, #2312, .T. ) ;
#1747 = CARTESIAN_POINT ( 'NONE',  ( 10.15999999999999800, 9.200000000000004600, -10.15999999999999800 ) ) ;
#1748 = CARTESIAN_POINT ( 'NONE',  ( -10.08100705330457600, -3.399999999999993200, -2.046279315416442500 ) ) ;
#1749 = DIRECTION ( 'NONE',  ( -1.387778780781445700E-016, 0.0000000000000000000, -1.000000000000000000 ) ) ;
#1750 = VECTOR ( 'NONE', #2566, 1000.000000000000000 ) ;
#1751 = LINE ( 'NONE', #1280, #2521 ) ;
#1752 = VERTEX_POINT ( 'NONE', #956 ) ;
#1753 = CARTESIAN_POINT ( 'NONE',  ( -10.15999999999999800, -3.499999999999994200, -10.15999999999999800 ) ) ;
#1754 = STYLED_ITEM ( 'NONE', ( #482 ), #2540 ) ;
#1755 = SURFACE_STYLE_USAGE ( .BOTH. , #2204 ) ;
#1756 = EDGE_CURVE ( 'NONE', #2633, #3352, #4251, .T. ) ;
#1757 = AXIS2_PLACEMENT_3D ( 'NONE', #4382, #2488, #2021 ) ;
#1758 = MECHANICAL_DESIGN_GEOMETRIC_PRESENTATION_REPRESENTATION (  '', ( #1511 ), #2989 ) ;
#1759 = ORIENTED_EDGE ( 'NONE', *, *, #3846, .T. ) ;
#1760 = PRESENTATION_LAYER_ASSIGNMENT (  '', '', ( #1647 ) ) ;
#1761 = CARTESIAN_POINT ( 'NONE',  ( 0.0000000000000000000, 0.5999999999999998700, 0.0000000000000000000 ) ) ;
#1762 = CARTESIAN_POINT ( 'NONE',  ( 10.15999999999999800, 0.0000000000000000000, 1.734723475976807100E-015 ) ) ;
#1763 = VERTEX_POINT ( 'NONE', #3668 ) ;
#1764 = CARTESIAN_POINT ( 'NONE',  ( 12.50000000000000200, 0.5999999999999998700, -12.50000000000000000 ) ) ;
#1765 = LINE ( 'NONE', #1299, #1649 ) ;
#1766 = MECHANICAL_DESIGN_GEOMETRIC_PRESENTATION_REPRESENTATION (  '', ( #1525 ), #1327 ) ;
#1767 = PRESENTATION_STYLE_ASSIGNMENT (( #2215 ) ) ;
#1768 = CARTESIAN_POINT ( 'NONE',  ( 10.15999999999999800, -3.399999999999993200, -10.15999999999999800 ) ) ;
#1769 = STYLED_ITEM ( 'NONE', ( #3116 ), #1477 ) ;
#1770 =( GEOMETRIC_REPRESENTATION_CONTEXT ( 3 ) GLOBAL_UNCERTAINTY_ASSIGNED_CONTEXT ( ( #3089 ) ) GLOBAL_UNIT_ASSIGNED_CONTEXT ( ( #2954, #1529, #109 ) ) REPRESENTATION_CONTEXT ( 'NONE', 'WORKASPACE' ) );
#1771 = AXIS2_PLACEMENT_3D ( 'NONE', #735, #256, #4393 ) ;
#1772 =( LENGTH_UNIT ( ) NAMED_UNIT ( * ) SI_UNIT ( .MILLI., .METRE. ) );
#1773 = DIRECTION ( 'NONE',  ( 0.9874413691408829900, 0.0000000000000000000, -0.1579858933866522000 ) ) ;
#1774 = VERTEX_POINT ( 'NONE', #3209 ) ;
#1775 = CARTESIAN_POINT ( 'NONE',  ( -11.49999999999999600, 9.899999999999998600, 11.50000000000000000 ) ) ;
#1776 = CARTESIAN_POINT ( 'NONE',  ( 11.50000000000000700, 0.5999999999999999800, -6.999999999999992000 ) ) ;
#1777 = EDGE_LOOP ( 'NONE', ( #3657, #1414 ) ) ;
#1778 = DIRECTION ( 'NONE',  ( 0.0000000000000000000, -0.0000000000000000000, 1.000000000000000000 ) ) ;
#1779 = DIRECTION ( 'NONE',  ( 0.0000000000000000000, 0.0000000000000000000, 1.000000000000000000 ) ) ;
#1780 = STYLED_ITEM ( 'NONE', ( #2505 ), #311 ) ;
#1781 = ORIENTED_EDGE ( 'NONE', *, *, #3044, .T. ) ;
#1782 = UNCERTAINTY_MEASURE_WITH_UNIT (LENGTH_MEASURE( 1.000000000000000100E-005 ), #3685, 'distance_accuracy_value', 'NONE');
#1783 = MECHANICAL_DESIGN_GEOMETRIC_PRESENTATION_REPRESENTATION (  '', ( #1539 ), #2862 ) ;
#1784 = AXIS2_PLACEMENT_3D ( 'NONE', #4239, #3767, #3286 ) ;
#1785 = ORIENTED_EDGE ( 'NONE', *, *, #3084, .T. ) ;
#1786 = SURFACE_STYLE_FILL_AREA ( #2237 ) ;
#1787 = CYLINDRICAL_SURFACE ( 'NONE', #2610, 0.4999999999999996700 ) ;
#1788 = CARTESIAN_POINT ( 'NONE',  ( 10.64903371800602900, 0.5999999999999998700, 0.1041442396544298700 ) ) ;
#1789 = STYLED_ITEM ( 'NONE', ( #2734 ), #964 ) ;
#1790 = MECHANICAL_DESIGN_GEOMETRIC_PRESENTATION_REPRESENTATION (  '', ( #1211 ), #3811 ) ;
#1791 = ORIENTED_EDGE ( 'NONE', *, *, #1974, .T. ) ;
#1792 = UNCERTAINTY_MEASURE_WITH_UNIT (LENGTH_MEASURE( 1.000000000000000100E-005 ), #1127, 'distance_accuracy_value', 'NONE');
#1793 = ORIENTED_EDGE ( 'NONE', *, *, #619, .F. ) ;
#1794 = DIRECTION ( 'NONE',  ( 0.0000000000000000000, -1.000000000000000000, -0.0000000000000000000 ) ) ;
#1795 = DIRECTION ( 'NONE',  ( 0.9874413691408833200, 0.0000000000000000000, -0.1579858933866496500 ) ) ;
#1796 = VERTEX_POINT ( 'NONE', #4139 ) ;
#1797 = CARTESIAN_POINT ( 'NONE',  ( -12.49999999999999500, 8.900000000000005700, 11.49999999999999800 ) ) ;
#1798 = CARTESIAN_POINT ( 'NONE',  ( -10.15999999999999800, 0.0000000000000000000, -10.75999999999999800 ) ) ;
#1799 = CARTESIAN_POINT ( 'NONE',  ( -12.69999999999999900, 0.0000000000000000000, -12.69999999999999900 ) ) ;
#1800 = SURFACE_SIDE_STYLE ('',( #2256 ) ) ;
#1801 = COLOUR_RGB ( '',0.7921568627450980000, 0.8196078431372548800, 0.9333333333333333500 ) ;
#1802 = DIRECTION ( 'NONE',  ( 0.0000000000000000000, -1.000000000000000000, 0.0000000000000000000 ) ) ;
#1803 = ORIENTED_EDGE ( 'NONE', *, *, #1397, .F. ) ;
#1804 = AXIS2_PLACEMENT_3D ( 'NONE', #4454, #3985, #3501 ) ;
#1805 =( GEOMETRIC_REPRESENTATION_CONTEXT ( 3 ) GLOBAL_UNCERTAINTY_ASSIGNED_CONTEXT ( ( #1001 ) ) GLOBAL_UNIT_ASSIGNED_CONTEXT ( ( #3454, #2046, #628 ) ) REPRESENTATION_CONTEXT ( 'NONE', 'WORKASPACE' ) );
#1806 = CARTESIAN_POINT ( 'NONE',  ( -10.15999999999999800, -3.400000000025096300, -10.15999999999999800 ) ) ;
#1807 = CONICAL_SURFACE ( 'NONE', #2292, 0.4999999999881766200, 0.7853981636816653700 ) ;
#1808 = SURFACE_STYLE_FILL_AREA ( #2265 ) ;
#1809 = DIRECTION ( 'NONE',  ( -9.912705577010423200E-015, 0.0000000000000000000, 1.000000000000000000 ) ) ;
#1810 = ADVANCED_FACE ( 'NONE', ( #3899 ), #1424, .T. ) ;
#1811 = DIRECTION ( 'NONE',  ( -0.0000000000000000000, 1.000000000000000000, 0.0000000000000000000 ) ) ;
#1812 = ORIENTED_EDGE ( 'NONE', *, *, #3458, .T. ) ;
#1813 = PRESENTATION_STYLE_ASSIGNMENT (( #2269 ) ) ;
#1814 = DIRECTION ( 'NONE',  ( 0.9874413691408834300, 0.0000000000000000000, -0.1579858933866487800 ) ) ;
#1815 = VECTOR ( 'NONE', #427, 1000.000000000000000 ) ;
#1816 = ORIENTED_EDGE ( 'NONE', *, *, #1288, .T. ) ;
#1817 = PRESENTATION_STYLE_ASSIGNMENT (( #2272 ) ) ;
#1818 = PRESENTATION_LAYER_ASSIGNMENT (  '', '', ( #1711 ) ) ;
#1819 = ORIENTED_EDGE ( 'NONE', *, *, #1724, .F. ) ;
#1820 = LINE ( 'NONE', #1363, #3090 ) ;
#1821 = ORIENTED_EDGE ( 'NONE', *, *, #2075, .F. ) ;
#1822 = LINE ( 'NONE', #1366, #4164 ) ;
#1823 = CIRCLE ( 'NONE', #3813, 0.5999999999999998700 ) ;
#1824 = DIRECTION ( 'NONE',  ( 6.505213034913020700E-016, 0.0000000000000000000, 1.000000000000000000 ) ) ;
#1825 = ADVANCED_FACE ( 'NONE', ( #1194 ), #2753, .T. ) ;
#1826 =( NAMED_UNIT ( * ) PLANE_ANGLE_UNIT ( ) SI_UNIT ( $, .RADIAN. ) );
#1827 = FILL_AREA_STYLE ('',( #2282 ) ) ;
#1828 =( NAMED_UNIT ( * ) PLANE_ANGLE_UNIT ( ) SI_UNIT ( $, .RADIAN. ) );
#1829 = VERTEX_POINT ( 'NONE', #879 ) ;
#1830 = SURFACE_STYLE_FILL_AREA ( #2286 ) ;
#1831 = LINE ( 'NONE', #1375, #1481 ) ;
#1832 = VECTOR ( 'NONE', #726, 1000.000000000000000 ) ;
#1833 = COLOUR_RGB ( '',0.7921568627450980000, 0.8196078431372548800, 0.9333333333333333500 ) ;
#1834 = EDGE_CURVE ( 'NONE', #3930, #2442, #386, .T. ) ;
#1835 = PRESENTATION_LAYER_ASSIGNMENT (  '', '', ( #1732 ) ) ;
#1836 = PRESENTATION_LAYER_ASSIGNMENT (  '', '', ( #1734 ) ) ;
#1837 = SHAPE_DEFINITION_REPRESENTATION ( #4501, #1380 ) ;
#1838 = PLANE ( 'NONE',  #2751 ) ;
#1839 = SURFACE_STYLE_FILL_AREA ( #2295 ) ;
#1840 = SURFACE_STYLE_FILL_AREA ( #2296 ) ;
#1841 = ORIENTED_EDGE ( 'NONE', *, *, #908, .T. ) ;
#1842 = CARTESIAN_POINT ( 'NONE',  ( 12.00000000000000700, 0.5999999999999998700, 7.500000000000002700 ) ) ;
#1843 = FILL_AREA_STYLE_COLOUR ( '', #2407 ) ;
#1844 =( LENGTH_UNIT ( ) NAMED_UNIT ( * ) SI_UNIT ( .MILLI., .METRE. ) );
#1845 = STYLED_ITEM ( 'NONE', ( #4290 ), #3763 ) ;
#1846 = EDGE_LOOP ( 'NONE', ( #973, #2146 ) ) ;
#1847 = DIRECTION ( 'NONE',  ( 0.0000000000000000000, 0.0000000000000000000, 1.000000000000000000 ) ) ;
#1848 =( NAMED_UNIT ( * ) SI_UNIT ( $, .STERADIAN. ) SOLID_ANGLE_UNIT ( ) );
#1849 =( LENGTH_UNIT ( ) NAMED_UNIT ( * ) SI_UNIT ( .MILLI., .METRE. ) );
#1850 =( NAMED_UNIT ( * ) SI_UNIT ( $, .STERADIAN. ) SOLID_ANGLE_UNIT ( ) );
#1851 = SURFACE_SIDE_STYLE ('',( #2306 ) ) ;
#1852 = CARTESIAN_POINT ( 'NONE',  ( 10.15999999999999800, 0.0000000000000000000, 1.734723475976807100E-015 ) ) ;
#1853 = EDGE_CURVE ( 'NONE', #3821, #4406, #3137, .T. ) ;
#1854 = EDGE_LOOP ( 'NONE', ( #2132, #3907, #4189, #3543, #5 ) ) ;
#1855 =( GEOMETRIC_REPRESENTATION_CONTEXT ( 3 ) GLOBAL_UNCERTAINTY_ASSIGNED_CONTEXT ( ( #2881 ) ) GLOBAL_UNIT_ASSIGNED_CONTEXT ( ( #3190, #3834, #2403 ) ) REPRESENTATION_CONTEXT ( 'NONE', 'WORKASPACE' ) );
#1856 = VERTEX_POINT ( 'NONE', #1710 ) ;
#1857 = PRESENTATION_LAYER_ASSIGNMENT (  '', '', ( #1754 ) ) ;
#1858 = ADVANCED_FACE ( 'NONE', ( #2356 ), #3581, .T. ) ;
#1859 =( LENGTH_UNIT ( ) NAMED_UNIT ( * ) SI_UNIT ( .MILLI., .METRE. ) );
#1860 = EDGE_LOOP ( 'NONE', ( #2890, #1400, #2210, #3594 ) ) ;
#1861 =( LENGTH_UNIT ( ) NAMED_UNIT ( * ) SI_UNIT ( .MILLI., .METRE. ) );
#1862 = PRESENTATION_STYLE_ASSIGNMENT (( #2324 ) ) ;
#1863 = MECHANICAL_DESIGN_GEOMETRIC_PRESENTATION_REPRESENTATION (  '', ( #1647 ), #3296 ) ;
#1864 = FILL_AREA_STYLE ('',( #2327 ) ) ;
#1865 = DIRECTION ( 'NONE',  ( 0.0000000000000000000, 0.0000000000000000000, 1.000000000000000000 ) ) ;
#1866 = DIRECTION ( 'NONE',  ( -9.912705577010435800E-015, 0.0000000000000000000, -1.000000000000000000 ) ) ;
#1867 = SURFACE_STYLE_FILL_AREA ( #2332 ) ;
#1868 = DIRECTION ( 'NONE',  ( 0.0000000000000000000, 0.0000000000000000000, 1.000000000000000000 ) ) ;
#1869 = ORIENTED_EDGE ( 'NONE', *, *, #607, .T. ) ;
#1870 =( NAMED_UNIT ( * ) PLANE_ANGLE_UNIT ( ) SI_UNIT ( $, .RADIAN. ) );
#1871 = SURFACE_STYLE_FILL_AREA ( #2335 ) ;
#1872 = ORIENTED_EDGE ( 'NONE', *, *, #1388, .T. ) ;
#1873 = DIRECTION ( 'NONE',  ( 0.0000000000000000000, 1.000000000000000000, 0.0000000000000000000 ) ) ;
#1874 = PRESENTATION_STYLE_ASSIGNMENT (( #2338 ) ) ;
#1875 =( NAMED_UNIT ( * ) PLANE_ANGLE_UNIT ( ) SI_UNIT ( $, .RADIAN. ) );
#1876 = FACE_OUTER_BOUND ( 'NONE', #3091, .T. ) ;
#1877 = ORIENTED_EDGE ( 'NONE', *, *, #2764, .T. ) ;
#1878 = AXIS2_PLACEMENT_3D ( 'NONE', #1692, #1222, #746 ) ;
#1879 = DIRECTION ( 'NONE',  ( 2.478176394252608900E-015, 0.0000000000000000000, -1.000000000000000000 ) ) ;
#1880 = AXIS2_PLACEMENT_3D ( 'NONE', #323, #4458, #3991 ) ;
#1881 = VERTEX_POINT ( 'NONE', #522 ) ;
#1882 = CARTESIAN_POINT ( 'NONE',  ( -10.08100705330854300, -3.400000000025096300, -9.666279315441231600 ) ) ;
#1883 = CARTESIAN_POINT ( 'NONE',  ( 10.15999999999999800, 0.0000000000000000000, 9.560000000000000500 ) ) ;
#1884 = LINE ( 'NONE', #1428, #3177 ) ;
#1885 = CIRCLE ( 'NONE', #807, 0.4999999999999995000 ) ;
#1886 =( GEOMETRIC_REPRESENTATION_CONTEXT ( 3 ) GLOBAL_UNCERTAINTY_ASSIGNED_CONTEXT ( ( #1483 ) ) GLOBAL_UNIT_ASSIGNED_CONTEXT ( ( #3739, #2305, #917 ) ) REPRESENTATION_CONTEXT ( 'NONE', 'WORKASPACE' ) );
#1887 = UNCERTAINTY_MEASURE_WITH_UNIT (LENGTH_MEASURE( 1.000000000000000100E-005 ), #2870, 'distance_accuracy_value', 'NONE');
#1888 = CARTESIAN_POINT ( 'NONE',  ( 10.15999999999999800, -3.499999999943150800, -10.15999999999999800 ) ) ;
#1889 = CARTESIAN_POINT ( 'NONE',  ( -12.00000000000000000, 0.0000000000000000000, -4.499999999999997300 ) ) ;
#1890 = VERTEX_POINT ( 'NONE', #61 ) ;
#1891 = DIRECTION ( 'NONE',  ( 0.0000000000000000000, 0.0000000000000000000, 1.000000000000000000 ) ) ;
#1892 = DIRECTION ( 'NONE',  ( -0.0000000000000000000, -1.000000000000000000, -0.0000000000000000000 ) ) ;
#1893 = ORIENTED_EDGE ( 'NONE', *, *, #2807, .T. ) ;
#1894 = AXIS2_PLACEMENT_3D ( 'NONE', #26, #4159, #3687 ) ;
#1895 =( LENGTH_UNIT ( ) NAMED_UNIT ( * ) SI_UNIT ( .MILLI., .METRE. ) );
#1896 = ORIENTED_EDGE ( 'NONE', *, *, #3844, .F. ) ;
#1897 = DIRECTION ( 'NONE',  ( -0.0000000000000000000, 1.000000000000000000, 0.0000000000000000000 ) ) ;
#1898 = CARTESIAN_POINT ( 'NONE',  ( -12.08578643762690100, 9.899999999999998600, 11.49999999999999600 ) ) ;
#1899 = PRESENTATION_STYLE_ASSIGNMENT (( #2368 ) ) ;
#1900 = PRESENTATION_LAYER_ASSIGNMENT (  '', '', ( #1789 ) ) ;
#1901 = CIRCLE ( 'NONE', #290, 0.4000000000132791800 ) ;
#1902 = ORIENTED_EDGE ( 'NONE', *, *, #1014, .F. ) ;
#1903 = SURFACE_STYLE_FILL_AREA ( #2374 ) ;
#1904 = FILL_AREA_STYLE_COLOUR ( '', #1452 ) ;
#1905 =( NAMED_UNIT ( * ) PLANE_ANGLE_UNIT ( ) SI_UNIT ( $, .RADIAN. ) );
#1906 = CARTESIAN_POINT ( 'NONE',  ( -10.15999999999999800, 0.0000000000000000000, 1.940000000000002200 ) ) ;
#1907 = CARTESIAN_POINT ( 'NONE',  ( 12.00000000000000000, 0.0000000000000000000, 4.500000000000005300 ) ) ;
#1908 = EDGE_LOOP ( 'NONE', ( #2144, #963, #1449, #601 ) ) ;
#1909 =( GEOMETRIC_REPRESENTATION_CONTEXT ( 3 ) GLOBAL_UNCERTAINTY_ASSIGNED_CONTEXT ( ( #4172 ) ) GLOBAL_UNIT_ASSIGNED_CONTEXT ( ( #1279, #4462, #3064 ) ) REPRESENTATION_CONTEXT ( 'NONE', 'WORKASPACE' ) );
#1910 = UNCERTAINTY_MEASURE_WITH_UNIT (LENGTH_MEASURE( 1.000000000000000100E-005 ), #3879, 'distance_accuracy_value', 'NONE');
#1911 = CARTESIAN_POINT ( 'NONE',  ( 10.15999999999999800, 0.0000000000000000000, 0.6000000000000033100 ) ) ;
#1912 = CIRCLE ( 'NONE', #801, 0.4000000000132787900 ) ;
#1913 = CYLINDRICAL_SURFACE ( 'NONE', #866, 0.5999999999999998700 ) ;
#1914 = VECTOR ( 'NONE', #2115, 1000.000000000000000 ) ;
#1915 =( NAMED_UNIT ( * ) SI_UNIT ( $, .STERADIAN. ) SOLID_ANGLE_UNIT ( ) );
#1916 = SURFACE_SIDE_STYLE ('',( #2385 ) ) ;
#1917 = EDGE_LOOP ( 'NONE', ( #3402, #3360, #2957, #215 ) ) ;
#1918 = DIRECTION ( 'NONE',  ( 1.000000000000000000, -0.0000000000000000000, -0.0000000000000000000 ) ) ;
#1919 = VERTEX_POINT ( 'NONE', #4197 ) ;
#1920 = UNCERTAINTY_MEASURE_WITH_UNIT (LENGTH_MEASURE( 1.000000000000000100E-005 ), #439, 'distance_accuracy_value', 'NONE');
#1921 = ORIENTED_EDGE ( 'NONE', *, *, #1707, .F. ) ;
#1922 = COLOUR_RGB ( '',0.7921568627450980000, 0.8196078431372548800, 0.9333333333333333500 ) ;
#1923 = CARTESIAN_POINT ( 'NONE',  ( 12.50000000000000500, 9.485786437626909900, -11.49999999999999800 ) ) ;
#1924 = ORIENTED_EDGE ( 'NONE', *, *, #2450, .T. ) ;
#1925 =( NAMED_UNIT ( * ) PLANE_ANGLE_UNIT ( ) SI_UNIT ( $, .RADIAN. ) );
#1926 = FILL_AREA_STYLE_COLOUR ( '', #3105 ) ;
#1927 = FILL_AREA_STYLE ('',( #2397 ) ) ;
#1928 = PLANE ( 'NONE',  #4450 ) ;
#1929 = CARTESIAN_POINT ( 'NONE',  ( -12.50000000000000000, 8.900000000000002100, -11.50000000000000200 ) ) ;
#1930 = FILL_AREA_STYLE ('',( #2401 ) ) ;
#1931 = MECHANICAL_DESIGN_GEOMETRIC_PRESENTATION_REPRESENTATION (  '', ( #1711 ), #2708 ) ;
#1932 = VERTEX_POINT ( 'NONE', #3719 ) ;
#1933 = EDGE_CURVE ( 'NONE', #2381, #4466, #2609, .T. ) ;
#1934 = ORIENTED_EDGE ( 'NONE', *, *, #2208, .T. ) ;
#1935 = COLOUR_RGB ( '',1.000000000000000000, 1.000000000000000000, 1.000000000000000000 ) ;
#1936 = EDGE_CURVE ( 'NONE', #152, #3999, #1382, .T. ) ;
#1937 = FACE_OUTER_BOUND ( 'NONE', #4023, .T. ) ;
#1938 =( LENGTH_UNIT ( ) NAMED_UNIT ( * ) SI_UNIT ( .MILLI., .METRE. ) );
#1939 = CARTESIAN_POINT ( 'NONE',  ( 12.69999999999999900, 0.0000000000000000000, 4.500000000000005300 ) ) ;
#1940 = PLANE ( 'NONE',  #772 ) ;
#1941 = ADVANCED_FACE ( 'NONE', ( #864 ), #1838, .T. ) ;
#1942 = FACE_OUTER_BOUND ( 'NONE', #838, .T. ) ;
#1943 = FACE_OUTER_BOUND ( 'NONE', #1081, .T. ) ;
#1944 = ORIENTED_EDGE ( 'NONE', *, *, #3044, .F. ) ;
#1945 = SURFACE_STYLE_FILL_AREA ( #2415 ) ;
#1946 = CARTESIAN_POINT ( 'NONE',  ( -12.69999999999999900, 0.0000000000000000000, 12.70000000000000300 ) ) ;
#1947 = MECHANICAL_DESIGN_GEOMETRIC_PRESENTATION_REPRESENTATION (  '', ( #1732 ), #3189 ) ;
#1948 = CIRCLE ( 'NONE', #3703, 0.4999999999999994400 ) ;
#1949 = MECHANICAL_DESIGN_GEOMETRIC_PRESENTATION_REPRESENTATION (  '', ( #1734 ), #4459 ) ;
#1950 = ADVANCED_FACE ( 'NONE', ( #3461 ), #2574, .F. ) ;
#1951 = CARTESIAN_POINT ( 'NONE',  ( 10.05585576034803300, -3.400000000025096300, -9.670966282005533500 ) ) ;
#1952 = FACE_OUTER_BOUND ( 'NONE', #392, .T. ) ;
#1953 = DIRECTION ( 'NONE',  ( -0.0000000000000000000, -0.0000000000000000000, 1.000000000000000000 ) ) ;
#1954 = CARTESIAN_POINT ( 'NONE',  ( -10.15999999999999800, -3.499999999999994200, -2.539999999999996900 ) ) ;
#1955 = ORIENTED_EDGE ( 'NONE', *, *, #3517, .F. ) ;
#1956 = SURFACE_STYLE_USAGE ( .BOTH. , #2425 ) ;
#1957 = DIRECTION ( 'NONE',  ( -0.0000000000000000000, -1.000000000000000000, -0.0000000000000000000 ) ) ;
#1958 = SURFACE_STYLE_USAGE ( .BOTH. , #2428 ) ;
#1959 = SURFACE_STYLE_FILL_AREA ( #2429 ) ;
#1960 = CARTESIAN_POINT ( 'NONE',  ( -9.666279315429557400, -3.399999999999993200, -10.23899294669332200 ) ) ;
#1961 =( NAMED_UNIT ( * ) SI_UNIT ( $, .STERADIAN. ) SOLID_ANGLE_UNIT ( ) );
#1962 = CONICAL_SURFACE ( 'NONE', #3770, 0.4999999999881766200, 0.7853981636816653700 ) ;
#1963 = AXIS2_PLACEMENT_3D ( 'NONE', #3565, #3121, #2623 ) ;
#1964 = ORIENTED_EDGE ( 'NONE', *, *, #1026, .F. ) ;
#1965 = CARTESIAN_POINT ( 'NONE',  ( 10.26414423965719400, -3.399999999999993200, -0.4890337180190164600 ) ) ;
#1966 = PRESENTATION_STYLE_ASSIGNMENT (( #2433 ) ) ;
#1967 = EDGE_CURVE ( 'NONE', #650, #2577, #699, .T. ) ;
#1968 =( GEOMETRIC_REPRESENTATION_CONTEXT ( 3 ) GLOBAL_UNCERTAINTY_ASSIGNED_CONTEXT ( ( #2829 ) ) GLOBAL_UNIT_ASSIGNED_CONTEXT ( ( #1106, #4285, #2873 ) ) REPRESENTATION_CONTEXT ( 'NONE', 'WORKASPACE' ) );
#1969 = EDGE_LOOP ( 'NONE', ( #4151, #228, #161, #1648, #3996 ) ) ;
#1970 = APPLICATION_PROTOCOL_DEFINITION ( 'draft international standard', 'automotive_design', 1998, #3160 ) ;
#1971 = CIRCLE ( 'NONE', #1663, 0.6000000000000000900 ) ;
#1972 = CARTESIAN_POINT ( 'NONE',  ( 12.50000000000000200, 0.5999999999999998700, -12.50000000000000000 ) ) ;
#1973 = LINE ( 'NONE', #1503, #159 ) ;
#1974 = EDGE_CURVE ( 'NONE', #4473, #2260, #3323, .T. ) ;
#1975 = VECTOR ( 'NONE', #691, 1000.000000000000000 ) ;
#1976 = ORIENTED_EDGE ( 'NONE', *, *, #3386, .F. ) ;
#1977 = SURFACE_SIDE_STYLE ('',( #2443 ) ) ;
#1978 = DIRECTION ( 'NONE',  ( -0.0000000000000000000, -1.000000000000000000, -0.0000000000000000000 ) ) ;
#1979 = CARTESIAN_POINT ( 'NONE',  ( 11.50000000000000700, 0.5999999999999998700, -6.999999999999992000 ) ) ;
#1980 = MECHANICAL_DESIGN_GEOMETRIC_PRESENTATION_REPRESENTATION (  '', ( #1754 ), #810 ) ;
#1981 = CARTESIAN_POINT ( 'NONE',  ( 10.15999999999999800, 0.5999999999999998700, -9.559999999999996900 ) ) ;
#1982 = ADVANCED_FACE ( 'NONE', ( #4539 ), #3201, .T. ) ;
#1983 = AXIS2_PLACEMENT_3D ( 'NONE', #30, #4165, #3692 ) ;
#1984 = DIRECTION ( 'NONE',  ( -0.1579858933866498900, 0.0000000000000000000, -0.9874413691408832100 ) ) ;
#1985 = VECTOR ( 'NONE', #2980, 1000.000000000000000 ) ;
#1986 = PRESENTATION_STYLE_ASSIGNMENT (( #2453 ) ) ;
#1987 =( GEOMETRIC_REPRESENTATION_CONTEXT ( 3 ) GLOBAL_UNCERTAINTY_ASSIGNED_CONTEXT ( ( #1233 ) ) GLOBAL_UNIT_ASSIGNED_CONTEXT ( ( #1772, #348, #3533 ) ) REPRESENTATION_CONTEXT ( 'NONE', 'WORKASPACE' ) );
#1988 = CIRCLE ( 'NONE', #2921, 0.9999999999999991100 ) ;
#1989 = EDGE_CURVE ( 'NONE', #1284, #2155, #1901, .T. ) ;
#1990 = FILL_AREA_STYLE ('',( #3887 ) ) ;
#1991 = SURFACE_SIDE_STYLE ('',( #2459 ) ) ;
#1992 = CARTESIAN_POINT ( 'NONE',  ( -12.49999999999999500, 0.5999999999999998700, 11.50000000000000000 ) ) ;
#1993 = ORIENTED_EDGE ( 'NONE', *, *, #3846, .F. ) ;
#1994 = DIRECTION ( 'NONE',  ( -0.0000000000000000000, -1.000000000000000000, -0.0000000000000000000 ) ) ;
#1995 = FILL_AREA_STYLE ('',( #2463 ) ) ;
#1996 = PRESENTATION_STYLE_ASSIGNMENT (( #2464 ) ) ;
#1997 = EDGE_CURVE ( 'NONE', #2202, #3916, #4034, .T. ) ;
#1998 = ORIENTED_EDGE ( 'NONE', *, *, #3173, .T. ) ;
#1999 = CYLINDRICAL_SURFACE ( 'NONE', #2830, 0.4999999999999998900 ) ;
#2000 = STYLED_ITEM ( 'NONE', ( #385 ), #4562 ) ;
#2001 = EDGE_CURVE ( 'NONE', #1881, #1796, #2598, .T. ) ;
#2002 = ORIENTED_EDGE ( 'NONE', *, *, #60, .F. ) ;
#2003 = DIRECTION ( 'NONE',  ( -0.0000000000000000000, 1.000000000000000000, 0.0000000000000000000 ) ) ;
#2004 = LINE ( 'NONE', #1533, #2673 ) ;
#2005 = LINE ( 'NONE', #1535, #2634 ) ;
#2006 = PRESENTATION_LAYER_ASSIGNMENT (  '', '', ( #1530 ) ) ;
#2007 = SURFACE_STYLE_FILL_AREA ( #2474 ) ;
#2008 = CIRCLE ( 'NONE', #817, 0.4999999999770344300 ) ;
#2009 = FACE_OUTER_BOUND ( 'NONE', #1138, .T. ) ;
#2010 = ORIENTED_EDGE ( 'NONE', *, *, #3588, .F. ) ;
#2011 = LINE ( 'NONE', #1544, #4147 ) ;
#2012 = ORIENTED_EDGE ( 'NONE', *, *, #3173, .F. ) ;
#2013 = DIRECTION ( 'NONE',  ( 0.9874413691408839800, 0.0000000000000000000, -0.1579858933866454000 ) ) ;
#2014 = CARTESIAN_POINT ( 'NONE',  ( 12.69999999999999900, 0.0000000000000000000, -4.499999999999997300 ) ) ;
#2015 = UNCERTAINTY_MEASURE_WITH_UNIT (LENGTH_MEASURE( 1.000000000000000100E-005 ), #2983, 'distance_accuracy_value', 'NONE');
#2016 = EDGE_LOOP ( 'NONE', ( #2985, #591, #1841, #407 ) ) ;
#2017 = EDGE_CURVE ( 'NONE', #4181, #833, #3099, .T. ) ;
#2018 = CARTESIAN_POINT ( 'NONE',  ( -11.50000000000000000, 0.0000000000000000000, 6.999999999999994700 ) ) ;
#2019 = VERTEX_POINT ( 'NONE', #4383 ) ;
#2020 = CARTESIAN_POINT ( 'NONE',  ( -10.09680564264324300, -3.499999999943150800, -9.765023452330533300 ) ) ;
#2021 = DIRECTION ( 'NONE',  ( 0.9874413691408829900, 0.0000000000000000000, -0.1579858933866522000 ) ) ;
#2022 = FILL_AREA_STYLE ('',( #2489 ) ) ;
#2023 = DIRECTION ( 'NONE',  ( -0.0000000000000000000, -0.0000000000000000000, 1.000000000000000000 ) ) ;
#2024 =( NAMED_UNIT ( * ) SI_UNIT ( $, .STERADIAN. ) SOLID_ANGLE_UNIT ( ) );
#2025 = STYLED_ITEM ( 'NONE', ( #3062 ), #1331 ) ;
#2026 = CIRCLE ( 'NONE', #1238, 0.4000000000132787900 ) ;
#2027 = VECTOR ( 'NONE', #487, 1000.000000000000000 ) ;
#2028 = ORIENTED_EDGE ( 'NONE', *, *, #2888, .F. ) ;
#2029 = MECHANICAL_DESIGN_GEOMETRIC_PRESENTATION_REPRESENTATION (  '', ( #1789 ), #4123 ) ;
#2030 = EDGE_CURVE ( 'NONE', #1559, #152, #1562, .T. ) ;
#2031 = LINE ( 'NONE', #4274, #3645 ) ;
#2032 = ADVANCED_FACE ( 'NONE', ( #1943 ), #2981, .T. ) ;
#2033 = SURFACE_SIDE_STYLE ('',( #2497 ) ) ;
#2034 = FILL_AREA_STYLE_COLOUR ( '', #4389 ) ;
#2035 = CIRCLE ( 'NONE', #913, 0.4999999999770361500 ) ;
#2036 = SURFACE_STYLE_USAGE ( .BOTH. , #2500 ) ;
#2037 = FILL_AREA_STYLE_COLOUR ( '', #2967 ) ;
#2038 = VERTEX_POINT ( 'NONE', #1798 ) ;
#2039 = EDGE_CURVE ( 'NONE', #3003, #2402, #2252, .T. ) ;
#2040 = STYLED_ITEM ( 'NONE', ( #1565 ), #3071 ) ;
#2041 = ORIENTED_EDGE ( 'NONE', *, *, #4236, .F. ) ;
#2042 = ADVANCED_FACE ( 'NONE', ( #3040, #3161 ), #633, .F. ) ;
#2043 = CARTESIAN_POINT ( 'NONE',  ( 12.50000000000000200, 10.50000000000000000, -11.50000000000000000 ) ) ;
#2044 = ORIENTED_EDGE ( 'NONE', *, *, #1260, .T. ) ;
#2045 = FILL_AREA_STYLE ('',( #3004 ) ) ;
#2046 =( NAMED_UNIT ( * ) PLANE_ANGLE_UNIT ( ) SI_UNIT ( $, .RADIAN. ) );
#2047 = FILL_AREA_STYLE_COLOUR ( '', #1632 ) ;
#2048 = PRODUCT_RELATED_PRODUCT_CATEGORY ( 'part', '', ( #3575 ) ) ;
#2049 =( GEOMETRIC_REPRESENTATION_CONTEXT ( 3 ) GLOBAL_UNCERTAINTY_ASSIGNED_CONTEXT ( ( #2102 ) ) GLOBAL_UNIT_ASSIGNED_CONTEXT ( ( #3292, #1875, #458 ) ) REPRESENTATION_CONTEXT ( 'NONE', 'WORKASPACE' ) );
#2050 = CARTESIAN_POINT ( 'NONE',  ( 12.69999999999999900, 0.0000000000000000000, -4.499999999999997300 ) ) ;
#2051 = UNCERTAINTY_MEASURE_WITH_UNIT (LENGTH_MEASURE( 1.000000000000000100E-005 ), #4378, 'distance_accuracy_value', 'NONE');
#2052 = SURFACE_STYLE_FILL_AREA ( #2515 ) ;
#2053 = CARTESIAN_POINT ( 'NONE',  ( -11.49999999999999800, 9.900000000000002100, -12.08578643762690400 ) ) ;
#2054 = ORIENTED_EDGE ( 'NONE', *, *, #1967, .T. ) ;
#2055 = ORIENTED_EDGE ( 'NONE', *, *, #1153, .F. ) ;
#2056 = EDGE_CURVE ( 'NONE', #1221, #4529, #3688, .T. ) ;
#2057 = ADVANCED_FACE ( 'NONE', ( #2905 ), #1928, .T. ) ;
#2058 = LINE ( 'NONE', #1589, #4387 ) ;
#2059 =( LENGTH_UNIT ( ) NAMED_UNIT ( * ) SI_UNIT ( .MILLI., .METRE. ) );
#2060 = FACE_OUTER_BOUND ( 'NONE', #2104, .T. ) ;
#2061 =( LENGTH_UNIT ( ) NAMED_UNIT ( * ) SI_UNIT ( .MILLI., .METRE. ) );
#2062 = EDGE_CURVE ( 'NONE', #2999, #3930, #490, .T. ) ;
#2063 = ORIENTED_EDGE ( 'NONE', *, *, #786, .T. ) ;
#2064 = FILL_AREA_STYLE_COLOUR ( '', #1337 ) ;
#2065 = CONICAL_SURFACE ( 'NONE', #3457, 0.4999999999881766200, 0.7853981636816653700 ) ;
#2066 = ORIENTED_EDGE ( 'NONE', *, *, #4223, .T. ) ;
#2067 = LINE ( 'NONE', #2420, #740 ) ;
#2068 =( LENGTH_UNIT ( ) NAMED_UNIT ( * ) SI_UNIT ( .MILLI., .METRE. ) );
#2069 = VECTOR ( 'NONE', #4321, 1000.000000000000000 ) ;
#2070 = ORIENTED_EDGE ( 'NONE', *, *, #4160, .T. ) ;
#2071 = STYLED_ITEM ( 'NONE', ( #3708 ), #2057 ) ;
#2072 = CARTESIAN_POINT ( 'NONE',  ( 10.15999999999999800, 0.0000000000000000000, 10.16000000000000200 ) ) ;
#2073 = SURFACE_SIDE_STYLE ('',( #2537 ) ) ;
#2074 =( NAMED_UNIT ( * ) SI_UNIT ( $, .STERADIAN. ) SOLID_ANGLE_UNIT ( ) );
#2075 = EDGE_CURVE ( 'NONE', #4279, #1919, #1912, .T. ) ;
#2076 = DIRECTION ( 'NONE',  ( 1.000000000000000000, -0.0000000000000000000, 9.912705577010424700E-015 ) ) ;
#2077 = LINE ( 'NONE', #1605, #1160 ) ;
#2078 = DIRECTION ( 'NONE',  ( 0.0000000000000000000, 1.000000000000000000, 0.0000000000000000000 ) ) ;
#2079 = DIRECTION ( 'NONE',  ( -0.0000000000000000000, 1.000000000000000000, -1.224646799147353200E-016 ) ) ;
#2080 = EDGE_CURVE ( 'NONE', #354, #620, #2077, .T. ) ;
#2081 = SURFACE_STYLE_USAGE ( .BOTH. , #2546 ) ;
#2082 = ORIENTED_EDGE ( 'NONE', *, *, #539, .F. ) ;
#2083 = CARTESIAN_POINT ( 'NONE',  ( -10.15999999999999800, 0.5999999999999998700, 2.540000000000002300 ) ) ;
#2084 = EDGE_LOOP ( 'NONE', ( #4064, #298, #1759, #2520 ) ) ;
#2085 = EDGE_CURVE ( 'NONE', #4101, #3734, #1224, .T. ) ;
#2086 = DIRECTION ( 'NONE',  ( 0.0000000000000000000, 0.0000000000000000000, -1.000000000000000000 ) ) ;
#2087 = LINE ( 'NONE', #1619, #587 ) ;
#2088 = EDGE_LOOP ( 'NONE', ( #1872, #2423, #2466, #3890, #884 ) ) ;
#2089 = CARTESIAN_POINT ( 'NONE',  ( -10.15999999999999800, 0.5999999999999998700, 2.540000000000002300 ) ) ;
#2090 = CARTESIAN_POINT ( 'NONE',  ( -12.69999999999999900, 0.0000000000000000000, -7.500000000000000000 ) ) ;
#2091 = CARTESIAN_POINT ( 'NONE',  ( 0.0000000000000000000, 9.900000000000000400, 0.0000000000000000000 ) ) ;
#2092 = SURFACE_STYLE_FILL_AREA ( #2559 ) ;
#2093 = ADVANCED_FACE ( 'NONE', ( #923 ), #4316, .F. ) ;
#2094 = DIRECTION ( 'NONE',  ( 2.141108110448990900E-018, 1.000000000000000000, 1.338232597062403400E-017 ) ) ;
#2095 = CARTESIAN_POINT ( 'NONE',  ( -11.50000000000000000, 0.5999999999999999800, 6.999999999999994700 ) ) ;
#2096 = FACE_OUTER_BOUND ( 'NONE', #3779, .T. ) ;
#2097 = PLANE ( 'NONE',  #2127 ) ;
#2098 = FACE_OUTER_BOUND ( 'NONE', #3944, .T. ) ;
#2099 = SURFACE_SIDE_STYLE ('',( #2565 ) ) ;
#2100 = CARTESIAN_POINT ( 'NONE',  ( -11.49999999999999600, 8.900000000000002100, 11.50000000000000200 ) ) ;
#2101 = DIRECTION ( 'NONE',  ( 0.0000000000000000000, 1.000000000000000000, 0.0000000000000000000 ) ) ;
#2102 = UNCERTAINTY_MEASURE_WITH_UNIT (LENGTH_MEASURE( 1.000000000000000100E-005 ), #3292, 'distance_accuracy_value', 'NONE');
#2103 = VECTOR ( 'NONE', #351, 1000.000000000000000 ) ;
#2104 = EDGE_LOOP ( 'NONE', ( #992, #3278, #1396, #622 ) ) ;
#2105 = DIRECTION ( 'NONE',  ( -1.000000000000000000, -0.0000000000000000000, -0.0000000000000000000 ) ) ;
#2106 = CARTESIAN_POINT ( 'NONE',  ( 10.15999999999999800, -3.499999999999994200, -10.15999999999999800 ) ) ;
#2107 = EDGE_CURVE ( 'NONE', #4309, #1179, #3175, .T. ) ;
#2108 = EDGE_LOOP ( 'NONE', ( #3662, #3086, #121, #2974, #3199 ) ) ;
#2109 = DIRECTION ( 'NONE',  ( 0.0000000000000000000, 1.000000000000000000, 0.0000000000000000000 ) ) ;
#2110 = DIRECTION ( 'NONE',  ( 0.0000000000000000000, 1.000000000000000000, 0.0000000000000000000 ) ) ;
#2111 = ORIENTED_EDGE ( 'NONE', *, *, #1328, .T. ) ;
#2112 = CARTESIAN_POINT ( 'NONE',  ( 12.50000000000000700, 8.900000000000002100, 12.08578643762690800 ) ) ;
#2113 = CARTESIAN_POINT ( 'NONE',  ( 10.15999999999999800, 0.0000000000000000000, 10.16000000000000200 ) ) ;
#2114 =( GEOMETRIC_REPRESENTATION_CONTEXT ( 3 ) GLOBAL_UNCERTAINTY_ASSIGNED_CONTEXT ( ( #59 ) ) GLOBAL_UNIT_ASSIGNED_CONTEXT ( ( #3337, #1925, #505 ) ) REPRESENTATION_CONTEXT ( 'NONE', 'WORKASPACE' ) );
#2115 = DIRECTION ( 'NONE',  ( 6.505213034913020700E-016, -0.0000000000000000000, 1.000000000000000000 ) ) ;
#2116 =( NAMED_UNIT ( * ) SI_UNIT ( $, .STERADIAN. ) SOLID_ANGLE_UNIT ( ) );
#2117 = SURFACE_SIDE_STYLE ('',( #2588 ) ) ;
#2118 = ORIENTED_EDGE ( 'NONE', *, *, #3143, .T. ) ;
#2119 = CARTESIAN_POINT ( 'NONE',  ( 10.65372068457044100, -3.399999999999993200, 10.08100705330667800 ) ) ;
#2120 = DIRECTION ( 'NONE',  ( -0.1579858933866498900, 0.0000000000000000000, -0.9874413691408832100 ) ) ;
#2121 = ORIENTED_EDGE ( 'NONE', *, *, #261, .F. ) ;
#2122 = SURFACE_STYLE_FILL_AREA ( #2593 ) ;
#2123 = SURFACE_SIDE_STYLE ('',( #2594 ) ) ;
#2124 = MECHANICAL_DESIGN_GEOMETRIC_PRESENTATION_REPRESENTATION (  '', ( #1530 ), #3981 ) ;
#2125 = DIRECTION ( 'NONE',  ( 0.0000000000000000000, 0.0000000000000000000, 1.000000000000000000 ) ) ;
#2126 = ORIENTED_EDGE ( 'NONE', *, *, #1345, .F. ) ;
#2127 = AXIS2_PLACEMENT_3D ( 'NONE', #2331, #1866, #1411 ) ;
#2128 = CARTESIAN_POINT ( 'NONE',  ( -12.69999999999999900, 0.5999999999999999800, 7.500000000000004400 ) ) ;
#2129 = CARTESIAN_POINT ( 'NONE',  ( 11.50000000000000700, 0.0000000000000000000, 5.000000000000001800 ) ) ;
#2130 = CARTESIAN_POINT ( 'NONE',  ( -12.00000000000000700, 0.5999999999999998700, -7.499999999999992900 ) ) ;
#2131 = FILL_AREA_STYLE_COLOUR ( '', #4091 ) ;
#2132 = ORIENTED_EDGE ( 'NONE', *, *, #609, .F. ) ;
#2133 = VECTOR ( 'NONE', #1749, 1000.000000000000000 ) ;
#2134 = FACE_OUTER_BOUND ( 'NONE', #23, .T. ) ;
#2135 = CARTESIAN_POINT ( 'NONE',  ( 11.99999999997704200, 0.0000000000000000000, 4.999999999977040600 ) ) ;
#2136 =( NAMED_UNIT ( * ) PLANE_ANGLE_UNIT ( ) SI_UNIT ( $, .RADIAN. ) );
#2137 = DIRECTION ( 'NONE',  ( 0.0000000000000000000, 1.000000000000000000, 0.0000000000000000000 ) ) ;
#2138 = SURFACE_SIDE_STYLE ('',( #2612 ) ) ;
#2139 = CONICAL_SURFACE ( 'NONE', #2837, 0.4999999999881765100, 0.7853981636816653700 ) ;
#2140 = SURFACE_SIDE_STYLE ('',( #2613 ) ) ;
#2141 = VERTEX_POINT ( 'NONE', #1748 ) ;
#2142 = VECTOR ( 'NONE', #3727, 1000.000000000000000 ) ;
#2143 = PLANE ( 'NONE',  #1878 ) ;
#2144 = ORIENTED_EDGE ( 'NONE', *, *, #4581, .F. ) ;
#2145 = CARTESIAN_POINT ( 'NONE',  ( 10.64903371800602900, 9.200000000000004600, 0.1041442396544298000 ) ) ;
#2146 = ORIENTED_EDGE ( 'NONE', *, *, #2384, .T. ) ;
#2147 = FILL_AREA_STYLE ('',( #2622 ) ) ;
#2148 = PLANE ( 'NONE',  #2920 ) ;
#2149 = CARTESIAN_POINT ( 'NONE',  ( 11.50000000000000400, 8.900000000000002100, -11.50000000000000000 ) ) ;
#2150 = STYLED_ITEM ( 'NONE', ( #2185 ), #1941 ) ;
#2151 = PRESENTATION_STYLE_ASSIGNMENT (( #2627 ) ) ;
#2152 = DIRECTION ( 'NONE',  ( 0.9874413691408834300, 0.0000000000000000000, -0.1579858933866487800 ) ) ;
#2153 = COLOUR_RGB ( '',0.7921568627450980000, 0.8196078431372548800, 0.9333333333333333500 ) ;
#2154 = ORIENTED_EDGE ( 'NONE', *, *, #3403, .T. ) ;
#2155 = VERTEX_POINT ( 'NONE', #1275 ) ;
#2156 = COLOUR_RGB ( '',1.000000000000000000, 1.000000000000000000, 1.000000000000000000 ) ;
#2157 =( NAMED_UNIT ( * ) PLANE_ANGLE_UNIT ( ) SI_UNIT ( $, .RADIAN. ) );
#2158 = DIRECTION ( 'NONE',  ( -1.000000000000000000, -0.0000000000000000000, -0.0000000000000000000 ) ) ;
#2159 = EDGE_CURVE ( 'NONE', #3835, #1774, #808, .T. ) ;
#2160 = VECTOR ( 'NONE', #3626, 1000.000000000000100 ) ;
#2161 = LINE ( 'NONE', #1712, #1598 ) ;
#2162 = LINE ( 'NONE', #1713, #4083 ) ;
#2163 = VERTEX_POINT ( 'NONE', #3507 ) ;
#2164 =( NAMED_UNIT ( * ) SI_UNIT ( $, .STERADIAN. ) SOLID_ANGLE_UNIT ( ) );
#2165 = DIRECTION ( 'NONE',  ( 0.0000000000000000000, 0.0000000000000000000, 1.000000000000000000 ) ) ;
#2166 = ORIENTED_EDGE ( 'NONE', *, *, #1936, .F. ) ;
#2167 =( NAMED_UNIT ( * ) SI_UNIT ( $, .STERADIAN. ) SOLID_ANGLE_UNIT ( ) );
#2168 = SURFACE_STYLE_FILL_AREA ( #2645 ) ;
#2169 = ORIENTED_EDGE ( 'NONE', *, *, #1604, .F. ) ;
#2170 = CARTESIAN_POINT ( 'NONE',  ( 11.50000000000000700, 8.900000000000002100, 11.50000000000000200 ) ) ;
#2171 = DIRECTION ( 'NONE',  ( 1.387778780781445700E-016, -0.0000000000000000000, 1.000000000000000000 ) ) ;
#2172 = COLOUR_RGB ( '',0.7921568627450980000, 0.8196078431372548800, 0.9333333333333333500 ) ;
#2173 = SURFACE_STYLE_USAGE ( .BOTH. , #2651 ) ;
#2174 = FACE_BOUND ( 'NONE', #3156, .T. ) ;
#2175 = ADVANCED_FACE ( 'NONE', ( #1399 ), #2318, .F. ) ;
#2176 = DIRECTION ( 'NONE',  ( 1.000000000000000000, 0.0000000000000000000, -0.0000000000000000000 ) ) ;
#2177 = CARTESIAN_POINT ( 'NONE',  ( -12.69999999999999900, 0.0000000000000000000, 7.500000000000004400 ) ) ;
#2178 = VECTOR ( 'NONE', #2853, 1000.000000000000100 ) ;
#2179 = DIRECTION ( 'NONE',  ( 0.0000000000000000000, 0.0000000000000000000, 1.000000000000000000 ) ) ;
#2180 = ORIENTED_EDGE ( 'NONE', *, *, #2685, .F. ) ;
#2181 =( NAMED_UNIT ( * ) PLANE_ANGLE_UNIT ( ) SI_UNIT ( $, .RADIAN. ) );
#2182 = AXIS2_PLACEMENT_3D ( 'NONE', #3222, #2740, #2254 ) ;
#2183 =( GEOMETRIC_REPRESENTATION_CONTEXT ( 3 ) GLOBAL_UNCERTAINTY_ASSIGNED_CONTEXT ( ( #812 ) ) GLOBAL_UNIT_ASSIGNED_CONTEXT ( ( #4396, #2995, #1566 ) ) REPRESENTATION_CONTEXT ( 'NONE', 'WORKASPACE' ) );
#2184 = COLOUR_RGB ( '',0.7921568627450980000, 0.8196078431372548800, 0.9333333333333333500 ) ;
#2185 = PRESENTATION_STYLE_ASSIGNMENT (( #2665 ) ) ;
#2186 =( NAMED_UNIT ( * ) PLANE_ANGLE_UNIT ( ) SI_UNIT ( $, .RADIAN. ) );
#2187 =( NAMED_UNIT ( * ) PLANE_ANGLE_UNIT ( ) SI_UNIT ( $, .RADIAN. ) );
#2188 = ORIENTED_EDGE ( 'NONE', *, *, #2390, .T. ) ;
#2189 = DIRECTION ( 'NONE',  ( 0.0000000000000000000, -0.0000000000000000000, 1.000000000000000000 ) ) ;
#2190 =( LENGTH_UNIT ( ) NAMED_UNIT ( * ) SI_UNIT ( .MILLI., .METRE. ) );
#2191 = VECTOR ( 'NONE', #753, 1000.000000000000000 ) ;
#2192 = FACE_OUTER_BOUND ( 'NONE', #499, .T. ) ;
#2193 = ORIENTED_EDGE ( 'NONE', *, *, #3058, .T. ) ;
#2194 = PRESENTATION_STYLE_ASSIGNMENT (( #2674 ) ) ;
#2195 = DIRECTION ( 'NONE',  ( 0.0000000000000000000, 1.000000000000000000, 0.0000000000000000000 ) ) ;
#2196 =( GEOMETRIC_REPRESENTATION_CONTEXT ( 3 ) GLOBAL_UNCERTAINTY_ASSIGNED_CONTEXT ( ( #2606 ) ) GLOBAL_UNIT_ASSIGNED_CONTEXT ( ( #2310, #922, #4102 ) ) REPRESENTATION_CONTEXT ( 'NONE', 'WORKASPACE' ) );
#2197 = AXIS2_PLACEMENT_3D ( 'NONE', #2089, #198, #4330 ) ;
#2198 = DIRECTION ( 'NONE',  ( -0.0000000000000000000, -0.0000000000000000000, -1.000000000000000000 ) ) ;
#2199 = CARTESIAN_POINT ( 'NONE',  ( -12.49999999999999800, 0.5999999999999998700, -12.50000000000000000 ) ) ;
#2200 = DIRECTION ( 'NONE',  ( -0.0000000000000000000, 0.0000000000000000000, -1.000000000000000000 ) ) ;
#2201 = ADVANCED_FACE ( 'NONE', ( #2098 ), #3765, .T. ) ;
#2202 = VERTEX_POINT ( 'NONE', #2119 ) ;
#2203 = PLANE ( 'NONE',  #289 ) ;
#2204 = SURFACE_SIDE_STYLE ('',( #2684 ) ) ;
#2205 = AXIS2_PLACEMENT_3D ( 'NONE', #3197, #2705, #2221 ) ;
#2206 = ORIENTED_EDGE ( 'NONE', *, *, #659, .F. ) ;
#2207 = AXIS2_PLACEMENT_3D ( 'NONE', #3435, #2987, #2495 ) ;
#2208 = EDGE_CURVE ( 'NONE', #2805, #2249, #1664, .T. ) ;
#2209 = PLANE ( 'NONE',  #3979 ) ;
#2210 = ORIENTED_EDGE ( 'NONE', *, *, #2569, .T. ) ;
#2211 = LINE ( 'NONE', #1764, #3885 ) ;
#2212 = CARTESIAN_POINT ( 'NONE',  ( 10.64903371800602900, 0.5999999999999998700, -10.05585576034557100 ) ) ;
#2213 =( GEOMETRIC_REPRESENTATION_CONTEXT ( 3 ) GLOBAL_UNCERTAINTY_ASSIGNED_CONTEXT ( ( #4272 ) ) GLOBAL_UNIT_ASSIGNED_CONTEXT ( ( #4098, #2678, #1278 ) ) REPRESENTATION_CONTEXT ( 'NONE', 'WORKASPACE' ) );
#2214 =( NAMED_UNIT ( * ) SI_UNIT ( $, .STERADIAN. ) SOLID_ANGLE_UNIT ( ) );
#2215 = SURFACE_STYLE_USAGE ( .BOTH. , #2700 ) ;
#2216 = CARTESIAN_POINT ( 'NONE',  ( -12.00000000000000700, 0.5999999999999998700, -7.499999999999992900 ) ) ;
#2217 =( NAMED_UNIT ( * ) PLANE_ANGLE_UNIT ( ) SI_UNIT ( $, .RADIAN. ) );
#2218 = DIRECTION ( 'NONE',  ( -0.0000000000000000000, 1.000000000000000000, 0.0000000000000000000 ) ) ;
#2219 = PRESENTATION_LAYER_ASSIGNMENT (  '', '', ( #1769 ) ) ;
#2220 = VERTEX_POINT ( 'NONE', #4374 ) ;
#2221 = DIRECTION ( 'NONE',  ( 0.0000000000000000000, 0.0000000000000000000, 1.000000000000000000 ) ) ;
#2222 = LINE ( 'NONE', #1776, #1091 ) ;
#2223 =( NAMED_UNIT ( * ) PLANE_ANGLE_UNIT ( ) SI_UNIT ( $, .RADIAN. ) );
#2224 = AXIS2_PLACEMENT_3D ( 'NONE', #4168, #3694, #3231 ) ;
#2225 = ORIENTED_EDGE ( 'NONE', *, *, #2056, .F. ) ;
#2226 =( NAMED_UNIT ( * ) SI_UNIT ( $, .STERADIAN. ) SOLID_ANGLE_UNIT ( ) );
#2227 =( GEOMETRIC_REPRESENTATION_CONTEXT ( 3 ) GLOBAL_UNCERTAINTY_ASSIGNED_CONTEXT ( ( #1736 ) ) GLOBAL_UNIT_ASSIGNED_CONTEXT ( ( #4275, #2863, #1453 ) ) REPRESENTATION_CONTEXT ( 'NONE', 'WORKASPACE' ) );
#2228 = DIRECTION ( 'NONE',  ( 0.0000000000000000000, 1.000000000000000000, 0.0000000000000000000 ) ) ;
#2229 = DIRECTION ( 'NONE',  ( -0.0000000000000000000, -1.000000000000000000, -0.0000000000000000000 ) ) ;
#2230 = CIRCLE ( 'NONE', #4022, 0.5000000000000000000 ) ;
#2231 = ORIENTED_EDGE ( 'NONE', *, *, #2888, .T. ) ;
#2232 = AXIS2_PLACEMENT_3D ( 'NONE', #3506, #3060, #2564 ) ;
#2233 = PRESENTATION_STYLE_ASSIGNMENT (( #2716 ) ) ;
#2234 = UNCERTAINTY_MEASURE_WITH_UNIT (LENGTH_MEASURE( 1.000000000000000100E-005 ), #4341, 'distance_accuracy_value', 'NONE');
#2235 = ORIENTED_EDGE ( 'NONE', *, *, #2747, .F. ) ;
#2236 =( LENGTH_UNIT ( ) NAMED_UNIT ( * ) SI_UNIT ( .MILLI., .METRE. ) );
#2237 = FILL_AREA_STYLE ('',( #2720 ) ) ;
#2238 = PRESENTATION_STYLE_ASSIGNMENT (( #2721 ) ) ;
#2239 = COLOUR_RGB ( '',0.7921568627450980000, 0.8196078431372548800, 0.9333333333333333500 ) ;
#2240 = CARTESIAN_POINT ( 'NONE',  ( -12.69999999999999900, 0.5999999999999999800, 12.70000000000000300 ) ) ;
#2241 = PRESENTATION_STYLE_ASSIGNMENT (( #2726 ) ) ;
#2242 = FACE_OUTER_BOUND ( 'NONE', #3494, .T. ) ;
#2243 = PRESENTATION_STYLE_ASSIGNMENT (( #2728 ) ) ;
#2244 = ORIENTED_EDGE ( 'NONE', *, *, #568, .T. ) ;
#2245 =( LENGTH_UNIT ( ) NAMED_UNIT ( * ) SI_UNIT ( .MILLI., .METRE. ) );
#2246 = ORIENTED_EDGE ( 'NONE', *, *, #951, .F. ) ;
#2247 = DIRECTION ( 'NONE',  ( 0.0000000000000000000, -1.000000000000000000, -0.0000000000000000000 ) ) ;
#2248 = CYLINDRICAL_SURFACE ( 'NONE', #2617, 0.5999999999999998700 ) ;
#2249 = VERTEX_POINT ( 'NONE', #237 ) ;
#2250 = CARTESIAN_POINT ( 'NONE',  ( -12.49999999999999500, 8.900000000000002100, 11.49999999999999800 ) ) ;
#2251 =( NAMED_UNIT ( * ) SI_UNIT ( $, .STERADIAN. ) SOLID_ANGLE_UNIT ( ) );
#2252 = CIRCLE ( 'NONE', #4419, 0.4999999999999996700 ) ;
#2253 =( NAMED_UNIT ( * ) PLANE_ANGLE_UNIT ( ) SI_UNIT ( $, .RADIAN. ) );
#2254 = DIRECTION ( 'NONE',  ( 0.0000000000000000000, -0.0000000000000000000, 1.000000000000000000 ) ) ;
#2255 = PLANE ( 'NONE',  #1174 ) ;
#2256 = SURFACE_STYLE_FILL_AREA ( #2741 ) ;
#2257 = UNCERTAINTY_MEASURE_WITH_UNIT (LENGTH_MEASURE( 1.000000000000000100E-005 ), #4171, 'distance_accuracy_value', 'NONE');
#2258 = CARTESIAN_POINT ( 'NONE',  ( 9.670966281993969500, 9.200000000000004600, -0.1041442396544262800 ) ) ;
#2259 = AXIS2_PLACEMENT_3D ( 'NONE', #2091, #1625, #1161 ) ;
#2260 = VERTEX_POINT ( 'NONE', #3911 ) ;
#2261 = AXIS2_PLACEMENT_3D ( 'NONE', #3254, #2786, #2294 ) ;
#2263 = VECTOR ( 'NONE', #231, 1000.000000000000100 ) ;
#2262 = DIRECTION ( 'NONE',  ( 1.000000000000000000, 0.0000000000000000000, 0.0000000000000000000 ) ) ;
#2264 = COLOUR_RGB ( '',1.000000000000000000, 1.000000000000000000, 1.000000000000000000 ) ;
#2265 = FILL_AREA_STYLE ('',( #2752 ) ) ;
#2266 = CARTESIAN_POINT ( 'NONE',  ( -12.00000000000000700, 0.0000000000000000000, -7.499999999999992900 ) ) ;
#2267 = CARTESIAN_POINT ( 'NONE',  ( -10.15999999999999800, -3.399999999999993200, -10.15999999999999800 ) ) ;
#2268 = ORIENTED_EDGE ( 'NONE', *, *, #2807, .F. ) ;
#2269 = SURFACE_STYLE_USAGE ( .BOTH. , #2758 ) ;
#2270 = DIRECTION ( 'NONE',  ( 0.0000000000000000000, -1.000000000000000000, -0.0000000000000000000 ) ) ;
#2271 = ORIENTED_EDGE ( 'NONE', *, *, #1669, .T. ) ;
#2272 = SURFACE_STYLE_USAGE ( .BOTH. , #2762 ) ;
#2273 = VERTEX_POINT ( 'NONE', #3420 ) ;
#2274 = CIRCLE ( 'NONE', #2690, 0.9999999999999991100 ) ;
#2275 = VECTOR ( 'NONE', #2200, 1000.000000000000000 ) ;
#2276 = CARTESIAN_POINT ( 'NONE',  ( -10.08100705330457600, -3.399999999999993200, 3.033720684583557100 ) ) ;
#2277 = ORIENTED_EDGE ( 'NONE', *, *, #222, .F. ) ;
#2278 = DIRECTION ( 'NONE',  ( -0.1579858933866480100, 0.0000000000000000000, -0.9874413691408835400 ) ) ;
#2279 = DIRECTION ( 'NONE',  ( -1.000000000000000000, 0.0000000000000000000, 6.505213034913020700E-016 ) ) ;
#2280 = AXIS2_PLACEMENT_3D ( 'NONE', #2816, #2328, #1865 ) ;
#2281 =( LENGTH_UNIT ( ) NAMED_UNIT ( * ) SI_UNIT ( .MILLI., .METRE. ) );
#2282 = FILL_AREA_STYLE_COLOUR ( '', #1476 ) ;
#2283 = PRESENTATION_STYLE_ASSIGNMENT (( #2773 ) ) ;
#2284 = CYLINDRICAL_SURFACE ( 'NONE', #2530, 0.9999999999999991100 ) ;
#2285 = ORIENTED_EDGE ( 'NONE', *, *, #4448, .T. ) ;
#2286 = FILL_AREA_STYLE ('',( #3250 ) ) ;
#2287 = EDGE_CURVE ( 'NONE', #350, #800, #875, .T. ) ;
#2288 = DIRECTION ( 'NONE',  ( 0.0000000000000000000, 0.0000000000000000000, -1.000000000000000000 ) ) ;
#2289 = FACE_BOUND ( 'NONE', #931, .T. ) ;
#2290 = CIRCLE ( 'NONE', #137, 0.9999999999999991100 ) ;
#2291 = ADVANCED_FACE ( 'NONE', ( #106 ), #710, .T. ) ;
#2292 = AXIS2_PLACEMENT_3D ( 'NONE', #781, #307, #4439 ) ;
#2293 = PRESENTATION_LAYER_ASSIGNMENT (  '', '', ( #1478 ) ) ;
#2294 = DIRECTION ( 'NONE',  ( 0.0000000000000000000, 0.0000000000000000000, 1.000000000000000000 ) ) ;
#2295 = FILL_AREA_STYLE ('',( #3257 ) ) ;
#2296 = FILL_AREA_STYLE ('',( #2789 ) ) ;
#2297 = VERTEX_POINT ( 'NONE', #861 ) ;
#2298 =( NAMED_UNIT ( * ) PLANE_ANGLE_UNIT ( ) SI_UNIT ( $, .RADIAN. ) );
#2299 = DIRECTION ( 'NONE',  ( 0.0000000000000000000, 1.000000000000000000, 0.0000000000000000000 ) ) ;
#2300 = CIRCLE ( 'NONE', #1480, 0.4999999999999994400 ) ;
#2301 = EDGE_CURVE ( 'NONE', #3704, #2303, #144, .T. ) ;
#2302 = DIRECTION ( 'NONE',  ( 0.0000000000000000000, 0.0000000000000000000, 1.000000000000000000 ) ) ;
#2303 = VERTEX_POINT ( 'NONE', #3115 ) ;
#2304 = DIRECTION ( 'NONE',  ( 0.0000000000000000000, 1.000000000000000000, 0.0000000000000000000 ) ) ;
#2305 =( NAMED_UNIT ( * ) PLANE_ANGLE_UNIT ( ) SI_UNIT ( $, .RADIAN. ) );
#2306 = SURFACE_STYLE_FILL_AREA ( #2799 ) ;
#2307 = DIRECTION ( 'NONE',  ( 0.0000000000000000000, 0.0000000000000000000, -1.000000000000000000 ) ) ;
#2308 = COLOUR_RGB ( '',1.000000000000000000, 1.000000000000000000, 1.000000000000000000 ) ;
#2309 = EDGE_LOOP ( 'NONE', ( #3768, #3742, #142, #2070, #3226 ) ) ;
#2310 =( LENGTH_UNIT ( ) NAMED_UNIT ( * ) SI_UNIT ( .MILLI., .METRE. ) );
#2311 =( NAMED_UNIT ( * ) SI_UNIT ( $, .STERADIAN. ) SOLID_ANGLE_UNIT ( ) );
#2312 = EDGE_CURVE ( 'NONE', #4380, #3003, #2620, .T. ) ;
#2313 = AXIS2_PLACEMENT_3D ( 'NONE', #317, #3050, #2555 ) ;
#2314 = EDGE_LOOP ( 'NONE', ( #1893, #233, #3550, #4017 ) ) ;
#2315 = CYLINDRICAL_SURFACE ( 'NONE', #2205, 0.4999999999770353100 ) ;
#2316 = COLOUR_RGB ( '',0.7921568627450980000, 0.8196078431372548800, 0.9333333333333333500 ) ;
#2317 =( LENGTH_UNIT ( ) NAMED_UNIT ( * ) SI_UNIT ( .MILLI., .METRE. ) );
#2318 = CYLINDRICAL_SURFACE ( 'NONE', #2691, 0.6000000000000000900 ) ;
#2319 = EDGE_CURVE ( 'NONE', #1932, #3515, #1573, .T. ) ;
#2320 = VERTEX_POINT ( 'NONE', #4405 ) ;
#2321 = AXIS2_PLACEMENT_3D ( 'NONE', #254, #4391, #3923 ) ;
#2322 = FACE_OUTER_BOUND ( 'NONE', #18, .T. ) ;
#2323 =( GEOMETRIC_REPRESENTATION_CONTEXT ( 3 ) GLOBAL_UNCERTAINTY_ASSIGNED_CONTEXT ( ( #3228 ) ) GLOBAL_UNIT_ASSIGNED_CONTEXT ( ( #2738, #1338, #2024 ) ) REPRESENTATION_CONTEXT ( 'NONE', 'WORKASPACE' ) );
#2324 = SURFACE_STYLE_USAGE ( .BOTH. , #2811 ) ;
#2325 = UNCERTAINTY_MEASURE_WITH_UNIT (LENGTH_MEASURE( 1.000000000000000100E-005 ), #3724, 'distance_accuracy_value', 'NONE');
#2326 = EDGE_CURVE ( 'NONE', #1334, #626, #3934, .T. ) ;
#2327 = FILL_AREA_STYLE_COLOUR ( '', #3931 ) ;
#2328 = DIRECTION ( 'NONE',  ( -0.0000000000000000000, -1.000000000000000000, -0.0000000000000000000 ) ) ;
#2329 =( NAMED_UNIT ( * ) SI_UNIT ( $, .STERADIAN. ) SOLID_ANGLE_UNIT ( ) );
#2330 = CYLINDRICAL_SURFACE ( 'NONE', #3293, 0.9999999999999991100 ) ;
#2331 = CARTESIAN_POINT ( 'NONE',  ( 12.00000000000000700, 0.0000000000000000000, -4.499999999999990200 ) ) ;
#2332 = FILL_AREA_STYLE ('',( #2818 ) ) ;
#2333 = DIRECTION ( 'NONE',  ( 0.0000000000000000000, 1.000000000000000000, 0.0000000000000000000 ) ) ;
#2334 = EDGE_LOOP ( 'NONE', ( #1793, #3600, #749, #3788 ) ) ;
#2335 = FILL_AREA_STYLE ('',( #2822 ) ) ;
#2336 = ORIENTED_EDGE ( 'NONE', *, *, #655, .F. ) ;
#2337 = CARTESIAN_POINT ( 'NONE',  ( -10.15999999999999800, -3.499999999999994200, 2.540000000000002300 ) ) ;
#2338 = SURFACE_STYLE_USAGE ( .BOTH. , #2826 ) ;
#2339 = FACE_OUTER_BOUND ( 'NONE', #3611, .T. ) ;
#2340 =( NAMED_UNIT ( * ) SI_UNIT ( $, .STERADIAN. ) SOLID_ANGLE_UNIT ( ) );
#2341 = EDGE_CURVE ( 'NONE', #4494, #2999, #2507, .T. ) ;
#2342 = UNCERTAINTY_MEASURE_WITH_UNIT (LENGTH_MEASURE( 1.000000000000000100E-005 ), #3607, 'distance_accuracy_value', 'NONE');
#2343 = MECHANICAL_DESIGN_GEOMETRIC_PRESENTATION_REPRESENTATION (  '', ( #1769 ), #469 ) ;
#2344 = EDGE_LOOP ( 'NONE', ( #3309, #3294, #4210, #4249, #449 ) ) ;
#2345 =( GEOMETRIC_REPRESENTATION_CONTEXT ( 3 ) GLOBAL_UNCERTAINTY_ASSIGNED_CONTEXT ( ( #581 ) ) GLOBAL_UNIT_ASSIGNED_CONTEXT ( ( #1709, #283, #3464 ) ) REPRESENTATION_CONTEXT ( 'NONE', 'WORKASPACE' ) );
#2346 = PRESENTATION_LAYER_ASSIGNMENT (  '', '', ( #444 ) ) ;
#2347 = CARTESIAN_POINT ( 'NONE',  ( 12.00000000000000700, 0.0000000000000000000, 7.500000000000002700 ) ) ;
#2348 = EDGE_CURVE ( 'NONE', #1247, #4309, #1108, .T. ) ;
#2349 = ORIENTED_EDGE ( 'NONE', *, *, #3812, .F. ) ;
#2350 = LINE ( 'NONE', #1882, #937 ) ;
#2351 = LINE ( 'NONE', #1883, #1075 ) ;
#2352 = PLANE ( 'NONE',  #3380 ) ;
#2353 = STYLED_ITEM ( 'NONE', ( #3886 ), #2749 ) ;
#2354 =( NAMED_UNIT ( * ) PLANE_ANGLE_UNIT ( ) SI_UNIT ( $, .RADIAN. ) );
#2355 = DIRECTION ( 'NONE',  ( 0.0000000000000000000, 0.0000000000000000000, -1.000000000000000000 ) ) ;
#2356 = FACE_OUTER_BOUND ( 'NONE', #399, .T. ) ;
#2357 = COLOUR_RGB ( '',0.7921568627450980000, 0.8196078431372548800, 0.9333333333333333500 ) ;
#2358 = LINE ( 'NONE', #1889, #2467 ) ;
#2359 = UNCERTAINTY_MEASURE_WITH_UNIT (LENGTH_MEASURE( 1.000000000000000100E-005 ), #183, 'distance_accuracy_value', 'NONE');
#2360 = EDGE_LOOP ( 'NONE', ( #4518, #1436 ) ) ;
#2361 = DIRECTION ( 'NONE',  ( 0.0000000000000000000, 1.000000000000000000, 0.0000000000000000000 ) ) ;
#2362 = CARTESIAN_POINT ( 'NONE',  ( 9.670966281993969500, -3.399999999999993200, -10.26414423965442800 ) ) ;
#2363 = EDGE_LOOP ( 'NONE', ( #4175, #2809, #2055, #4286, #3241, #665 ) ) ;
#2364 = ORIENTED_EDGE ( 'NONE', *, *, #3022, .F. ) ;
#2365 = CARTESIAN_POINT ( 'NONE',  ( -10.15999999999999800, -3.399999999999993200, -2.539999999999996900 ) ) ;
#2366 = CARTESIAN_POINT ( 'NONE',  ( -11.49999999999999600, 8.900000000000000400, 12.49999999999999800 ) ) ;
#2367 = ADVANCED_FACE ( 'NONE', ( #578 ), #3947, .T. ) ;
#2368 = SURFACE_STYLE_USAGE ( .BOTH. , #2849 ) ;
#2369 = PRESENTATION_LAYER_ASSIGNMENT (  '', '', ( #2025 ) ) ;
#2370 = EDGE_CURVE ( 'NONE', #4512, #3909, #56, .T. ) ;
#2372 = ORIENTED_EDGE ( 'NONE', *, *, #902, .T. ) ;
#2371 = VECTOR ( 'NONE', #1802, 1000.000000000000000 ) ;
#2373 =( GEOMETRIC_REPRESENTATION_CONTEXT ( 3 ) GLOBAL_UNCERTAINTY_ASSIGNED_CONTEXT ( ( #4385 ) ) GLOBAL_UNIT_ASSIGNED_CONTEXT ( ( #855, #4033, #2615 ) ) REPRESENTATION_CONTEXT ( 'NONE', 'WORKASPACE' ) );
#2374 = FILL_AREA_STYLE ('',( #3317 ) ) ;
#2375 = CARTESIAN_POINT ( 'NONE',  ( 10.15999999999999800, -3.400000000025096300, -10.15999999999999800 ) ) ;
#2376 =( LENGTH_UNIT ( ) NAMED_UNIT ( * ) SI_UNIT ( .MILLI., .METRE. ) );
#2377 = CARTESIAN_POINT ( 'NONE',  ( -11.99999999997703500, 0.0000000000000000000, 4.999999999977040600 ) ) ;
#2378 = DIRECTION ( 'NONE',  ( 0.0000000000000000000, 0.0000000000000000000, -1.000000000000000000 ) ) ;
#2379 = CIRCLE ( 'NONE', #3252, 0.5999999999999998700 ) ;
#2380 = AXIS2_PLACEMENT_3D ( 'NONE', #865, #372, #4520 ) ;
#2381 = VERTEX_POINT ( 'NONE', #2778 ) ;
#2382 = ADVANCED_FACE ( 'NONE', ( #515 ), #3006, .T. ) ;
#2383 = DIRECTION ( 'NONE',  ( 0.0000000000000000000, 1.000000000000000000, 0.0000000000000000000 ) ) ;
#2384 = EDGE_CURVE ( 'NONE', #4271, #2297, #4414, .T. ) ;
#2385 = SURFACE_STYLE_FILL_AREA ( #2866 ) ;
#2386 = ORIENTED_EDGE ( 'NONE', *, *, #771, .T. ) ;
#2387 = CARTESIAN_POINT ( 'NONE',  ( 12.69999999999999900, 0.0000000000000000000, 12.70000000000000300 ) ) ;
#2388 = FACE_OUTER_BOUND ( 'NONE', #2713, .T. ) ;
#2389 = ORIENTED_EDGE ( 'NONE', *, *, #3106, .F. ) ;
#2390 = EDGE_CURVE ( 'NONE', #1432, #3140, #666, .T. ) ;
#2391 = EDGE_LOOP ( 'NONE', ( #598, #1572, #504, #1610 ) ) ;
#2392 = EDGE_CURVE ( 'NONE', #295, #2431, #3371, .T. ) ;
#2393 = PRESENTATION_STYLE_ASSIGNMENT (( #2876 ) ) ;
#2394 = CARTESIAN_POINT ( 'NONE',  ( 12.50000000000000400, 9.485786437626911600, -11.84314575050762000 ) ) ;
#2395 = ORIENTED_EDGE ( 'NONE', *, *, #284, .F. ) ;
#2396 = DIRECTION ( 'NONE',  ( 0.0000000000000000000, 0.0000000000000000000, 1.000000000000000000 ) ) ;
#2397 = FILL_AREA_STYLE_COLOUR ( '', #3015 ) ;
#2398 = DIRECTION ( 'NONE',  ( -0.1579858933866498900, 0.0000000000000000000, -0.9874413691408832100 ) ) ;
#2399 =( NAMED_UNIT ( * ) PLANE_ANGLE_UNIT ( ) SI_UNIT ( $, .RADIAN. ) );
#2400 = CARTESIAN_POINT ( 'NONE',  ( -12.50000000000000000, 9.485786437626908100, -11.50000000000000000 ) ) ;
#2401 = FILL_AREA_STYLE_COLOUR ( '', #1616 ) ;
#2402 = VERTEX_POINT ( 'NONE', #1965 ) ;
#2403 =( NAMED_UNIT ( * ) SI_UNIT ( $, .STERADIAN. ) SOLID_ANGLE_UNIT ( ) );
#2404 = VERTEX_POINT ( 'NONE', #1498 ) ;
#2405 = ADVANCED_FACE ( 'NONE', ( #1942 ), #2203, .F. ) ;
#2406 = FACE_OUTER_BOUND ( 'NONE', #2363, .T. ) ;
#2407 = COLOUR_RGB ( '',0.7921568627450980000, 0.8196078431372548800, 0.9333333333333333500 ) ;
#2408 = VECTOR ( 'NONE', #3056, 1000.000000000000000 ) ;
#2409 = VECTOR ( 'NONE', #4032, 1000.000000000000000 ) ;
#2410 = UNCERTAINTY_MEASURE_WITH_UNIT (LENGTH_MEASURE( 1.000000000000000100E-005 ), #2061, 'distance_accuracy_value', 'NONE');
#2411 = VECTOR ( 'NONE', #557, 1000.000000000000000 ) ;
#2412 = EDGE_CURVE ( 'NONE', #3140, #2915, #329, .T. ) ;
#2413 = EDGE_CURVE ( 'NONE', #3873, #1308, #3069, .T. ) ;
#2414 = ORIENTED_EDGE ( 'NONE', *, *, #1646, .T. ) ;
#2415 = FILL_AREA_STYLE ('',( #2064 ) ) ;
#2416 = PLANE ( 'NONE',  #1402 ) ;
#2417 = VECTOR ( 'NONE', #2432, 1000.000000000000000 ) ;
#2418 = MECHANICAL_DESIGN_GEOMETRIC_PRESENTATION_REPRESENTATION (  '', ( #1478 ), #1352 ) ;
#2419 = LINE ( 'NONE', #1951, #4417 ) ;
#2420 = CARTESIAN_POINT ( 'NONE',  ( -12.69999999999999900, 0.0000000000000000000, 4.500000000000005300 ) ) ;
#2421 = FACE_OUTER_BOUND ( 'NONE', #3355, .T. ) ;
#2422 = STYLED_ITEM ( 'NONE', ( #1286 ), #562 ) ;
#2423 = ORIENTED_EDGE ( 'NONE', *, *, #3465, .T. ) ;
#2424 =( LENGTH_UNIT ( ) NAMED_UNIT ( * ) SI_UNIT ( .MILLI., .METRE. ) );
#2425 = SURFACE_SIDE_STYLE ('',( #2907 ) ) ;
#2426 = ADVANCED_FACE ( 'NONE', ( #3262 ), #2825, .F. ) ;
#2427 = DIRECTION ( 'NONE',  ( -0.0000000000000000000, -1.000000000000000000, -0.0000000000000000000 ) ) ;
#2428 = SURFACE_SIDE_STYLE ('',( #2911 ) ) ;
#2429 = FILL_AREA_STYLE ('',( #2912 ) ) ;
#2430 = LINE ( 'NONE', #1496, #671 ) ;
#2431 = VERTEX_POINT ( 'NONE', #945 ) ;
#2432 = DIRECTION ( 'NONE',  ( 1.387778780781445700E-016, -0.0000000000000000000, 1.000000000000000000 ) ) ;
#2433 = SURFACE_STYLE_USAGE ( .BOTH. , #2917 ) ;
#2434 = VECTOR ( 'NONE', #3938, 1000.000000000000000 ) ;
#2435 = VECTOR ( 'NONE', #2960, 1000.000000000000000 ) ;
#2436 = ORIENTED_EDGE ( 'NONE', *, *, #4158, .T. ) ;
#2437 = ADVANCED_FACE ( 'NONE', ( #80 ), #3339, .T. ) ;
#2438 = PRODUCT_CONTEXT ( 'NONE', #4199, 'mechanical' ) ;
#2439 = SURFACE_SIDE_STYLE ('',( #2923 ) ) ;
#2440 = LINE ( 'NONE', #1972, #4090 ) ;
#2441 = DIRECTION ( 'NONE',  ( 1.000000000000000000, -0.0000000000000000000, -0.0000000000000000000 ) ) ;
#2442 = VERTEX_POINT ( 'NONE', #4381 ) ;
#2443 = SURFACE_STYLE_FILL_AREA ( #2928 ) ;
#2444 = CARTESIAN_POINT ( 'NONE',  ( 11.99999999997703500, 0.5999999999999999800, 7.000000000022967400 ) ) ;
#2445 =( GEOMETRIC_REPRESENTATION_CONTEXT ( 3 ) GLOBAL_UNCERTAINTY_ASSIGNED_CONTEXT ( ( #2518 ) ) GLOBAL_UNIT_ASSIGNED_CONTEXT ( ( #543, #3744, #2311 ) ) REPRESENTATION_CONTEXT ( 'NONE', 'WORKASPACE' ) );
#2446 = CARTESIAN_POINT ( 'NONE',  ( -11.99999999997703300, 0.5999999999999998700, -4.499999999999997300 ) ) ;
#2447 = CARTESIAN_POINT ( 'NONE',  ( -10.15999999999999800, -3.400000000025096300, 2.540000000000002300 ) ) ;
#2448 = VECTOR ( 'NONE', #2458, 1000.000000000000000 ) ;
#2449 =( NAMED_UNIT ( * ) PLANE_ANGLE_UNIT ( ) SI_UNIT ( $, .RADIAN. ) );
#2450 = EDGE_CURVE ( 'NONE', #1223, #173, #3917, .T. ) ;
#2451 = DIRECTION ( 'NONE',  ( 2.141108110448990900E-018, 1.000000000000000000, 1.338232597062403400E-017 ) ) ;
#2452 = VECTOR ( 'NONE', #2198, 1000.000000000000000 ) ;
#2453 = SURFACE_STYLE_USAGE ( .BOTH. , #2935 ) ;
#2454 = UNCERTAINTY_MEASURE_WITH_UNIT (LENGTH_MEASURE( 1.000000000000000100E-005 ), #2686, 'distance_accuracy_value', 'NONE');
#2455 = STYLED_ITEM ( 'NONE', ( #2233 ), #3248 ) ;
#2456 =( LENGTH_UNIT ( ) NAMED_UNIT ( * ) SI_UNIT ( .MILLI., .METRE. ) );
#2457 = STYLED_ITEM ( 'NONE', ( #3613 ), #1694 ) ;
#2458 = DIRECTION ( 'NONE',  ( 0.0000000000000000000, 1.000000000000000000, 0.0000000000000000000 ) ) ;
#2459 = SURFACE_STYLE_FILL_AREA ( #2940 ) ;
#2460 = CARTESIAN_POINT ( 'NONE',  ( -11.50000000000000000, 0.5999999999999998700, -4.999999999999997300 ) ) ;
#2461 = VERTEX_POINT ( 'NONE', #2020 ) ;
#2462 = CARTESIAN_POINT ( 'NONE',  ( 11.99999999997703500, 0.0000000000000000000, 7.000000000022967400 ) ) ;
#2463 = FILL_AREA_STYLE_COLOUR ( '', #1212 ) ;
#2464 = SURFACE_STYLE_USAGE ( .BOTH. , #2949 ) ;
#2465 = AXIS2_PLACEMENT_3D ( 'NONE', #3126, #2628, #2152 ) ;
#2466 = ORIENTED_EDGE ( 'NONE', *, *, #616, .F. ) ;
#2467 = VECTOR ( 'NONE', #1431, 1000.000000000000000 ) ;
#2468 = PRESENTATION_STYLE_ASSIGNMENT (( #2955 ) ) ;
#2469 = ORIENTED_EDGE ( 'NONE', *, *, #2017, .F. ) ;
#2470 = CARTESIAN_POINT ( 'NONE',  ( -10.15999999999999800, -3.399999999999993200, -10.15999999999999800 ) ) ;
#2471 = CARTESIAN_POINT ( 'NONE',  ( -10.15999999999999800, 0.0000000000000000000, -9.559999999999998700 ) ) ;
#2472 = MECHANICAL_DESIGN_GEOMETRIC_PRESENTATION_REPRESENTATION (  '', ( #444 ), #2227 ) ;
#2473 = CARTESIAN_POINT ( 'NONE',  ( 10.64903371800602900, -3.399999999999993200, 0.1041442396544298700 ) ) ;
#2474 = FILL_AREA_STYLE ('',( #2965 ) ) ;
#2475 = ORIENTED_EDGE ( 'NONE', *, *, #2775, .F. ) ;
#2476 = CARTESIAN_POINT ( 'NONE',  ( -11.49999999999999600, 8.900000000000002100, 11.50000000000000000 ) ) ;
#2477 = ORIENTED_EDGE ( 'NONE', *, *, #253, .T. ) ;
#2478 = STYLED_ITEM ( 'NONE', ( #3194 ), #2761 ) ;
#2479 = DIRECTION ( 'NONE',  ( -0.0000000000000000000, 1.000000000000000000, 0.0000000000000000000 ) ) ;
#2480 = FILL_AREA_STYLE_COLOUR ( '', #2906 ) ;
#2481 = ORIENTED_EDGE ( 'NONE', *, *, #1007, .F. ) ;
#2482 =( NAMED_UNIT ( * ) PLANE_ANGLE_UNIT ( ) SI_UNIT ( $, .RADIAN. ) );
#2483 = CARTESIAN_POINT ( 'NONE',  ( 10.15999999999999800, 0.5999999999999998700, 0.6000000000000033100 ) ) ;
#2484 = AXIS2_PLACEMENT_3D ( 'NONE', #2266, #1809, #1350 ) ;
#2485 = EDGE_LOOP ( 'NONE', ( #2166, #1185, #571, #2386, #3478 ) ) ;
#2486 =( GEOMETRIC_REPRESENTATION_CONTEXT ( 3 ) GLOBAL_UNCERTAINTY_ASSIGNED_CONTEXT ( ( #430 ) ) GLOBAL_UNIT_ASSIGNED_CONTEXT ( ( #2845, #1437, #17 ) ) REPRESENTATION_CONTEXT ( 'NONE', 'WORKASPACE' ) );
#2487 = CARTESIAN_POINT ( 'NONE',  ( 12.50000000000000500, 0.5999999999999998700, 11.50000000000000000 ) ) ;
#2488 = DIRECTION ( 'NONE',  ( -0.0000000000000000000, 1.000000000000000000, 0.0000000000000000000 ) ) ;
#2489 = FILL_AREA_STYLE_COLOUR ( '', #860 ) ;
#2490 = CARTESIAN_POINT ( 'NONE',  ( -12.69999999999999900, 0.5999999999999999800, -7.500000000000000000 ) ) ;
#2491 = ORIENTED_EDGE ( 'NONE', *, *, #253, .F. ) ;
#2492 = MECHANICAL_DESIGN_GEOMETRIC_PRESENTATION_REPRESENTATION (  '', ( #2025 ), #1209 ) ;
#2493 = AXIS2_PLACEMENT_3D ( 'NONE', #3224, #1343, #872 ) ;
#2494 = FACE_OUTER_BOUND ( 'NONE', #2344, .T. ) ;
#2495 = DIRECTION ( 'NONE',  ( 0.9874413691408835400, 0.0000000000000000000, -0.1579858933866479500 ) ) ;
#2496 = FACE_OUTER_BOUND ( 'NONE', #2016, .T. ) ;
#2497 = SURFACE_STYLE_FILL_AREA ( #2990 ) ;
#2498 = UNCERTAINTY_MEASURE_WITH_UNIT (LENGTH_MEASURE( 1.000000000000000100E-005 ), #3608, 'distance_accuracy_value', 'NONE');
#2499 = DIRECTION ( 'NONE',  ( 0.9874413691408833200, 0.0000000000000000000, -0.1579858933866496500 ) ) ;
#2500 = SURFACE_SIDE_STYLE ('',( #2994 ) ) ;
#2501 = COLOUR_RGB ( '',0.7921568627450980000, 0.8196078431372548800, 0.9333333333333333500 ) ;
#2502 = FACE_OUTER_BOUND ( 'NONE', #4542, .T. ) ;
#2503 = DIRECTION ( 'NONE',  ( -1.387778780781445700E-016, 0.0000000000000000000, -1.000000000000000000 ) ) ;
#2504 = ORIENTED_EDGE ( 'NONE', *, *, #2712, .T. ) ;
#2505 = PRESENTATION_STYLE_ASSIGNMENT (( #3000 ) ) ;
#2506 = ORIENTED_EDGE ( 'NONE', *, *, #568, .F. ) ;
#2507 = LINE ( 'NONE', #2043, #3699 ) ;
#2508 = VERTEX_POINT ( 'NONE', #2487 ) ;
#2509 = VECTOR ( 'NONE', #414, 1000.000000000000000 ) ;
#2510 = CARTESIAN_POINT ( 'NONE',  ( -12.69999999999999900, 0.5999999999999999800, 4.500000000000005300 ) ) ;
#2511 = DIRECTION ( 'NONE',  ( 1.000000000000000000, 0.0000000000000000000, -0.0000000000000000000 ) ) ;
#2512 = VECTOR ( 'NONE', #3409, 1000.000000000000000 ) ;
#2513 = LINE ( 'NONE', #2050, #3072 ) ;
#2514 =( NAMED_UNIT ( * ) SI_UNIT ( $, .STERADIAN. ) SOLID_ANGLE_UNIT ( ) );
#2515 = FILL_AREA_STYLE ('',( #275 ) ) ;
#2516 = CARTESIAN_POINT ( 'NONE',  ( -11.49999999999999800, 9.485786437626906300, -12.50000000000000400 ) ) ;
#2517 = CIRCLE ( 'NONE', #797, 0.4000000000132785700 ) ;
#2518 = UNCERTAINTY_MEASURE_WITH_UNIT (LENGTH_MEASURE( 1.000000000000000100E-005 ), #543, 'distance_accuracy_value', 'NONE');
#2519 = EDGE_CURVE ( 'NONE', #3916, #4125, #160, .T. ) ;
#2520 = ORIENTED_EDGE ( 'NONE', *, *, #2392, .T. ) ;
#2521 = VECTOR ( 'NONE', #811, 1000.000000000000000 ) ;
#2522 = CIRCLE ( 'NONE', #4281, 0.4999999999770361500 ) ;
#2523 = DIRECTION ( 'NONE',  ( 0.0000000000000000000, 0.0000000000000000000, 1.000000000000000000 ) ) ;
#2524 = EDGE_CURVE ( 'NONE', #3324, #328, #4057, .T. ) ;
#2525 = PRESENTATION_STYLE_ASSIGNMENT (( #3018 ) ) ;
#2526 = FACE_OUTER_BOUND ( 'NONE', #111, .T. ) ;
#2527 = ORIENTED_EDGE ( 'NONE', *, *, #786, .F. ) ;
#2528 = DIRECTION ( 'NONE',  ( 0.0000000000000000000, 1.000000000000000000, 0.0000000000000000000 ) ) ;
#2529 =( LENGTH_UNIT ( ) NAMED_UNIT ( * ) SI_UNIT ( .MILLI., .METRE. ) );
#2530 = AXIS2_PLACEMENT_3D ( 'NONE', #4280, #3818, #3331 ) ;
#2531 = ORIENTED_EDGE ( 'NONE', *, *, #4141, .F. ) ;
#2532 = CYLINDRICAL_SURFACE ( 'NONE', #4206, 0.4999999999999996700 ) ;
#2533 = DIRECTION ( 'NONE',  ( -1.387778780781445700E-016, 0.0000000000000000000, -1.000000000000000000 ) ) ;
#2534 =( NAMED_UNIT ( * ) PLANE_ANGLE_UNIT ( ) SI_UNIT ( $, .RADIAN. ) );
#2535 = VERTEX_POINT ( 'NONE', #2851 ) ;
#2536 = DIRECTION ( 'NONE',  ( 0.0000000000000000000, 1.000000000000000000, -0.0000000000000000000 ) ) ;
#2537 = SURFACE_STYLE_FILL_AREA ( #3029 ) ;
#2538 = CIRCLE ( 'NONE', #1784, 0.5000000000000004400 ) ;
#2539 = VECTOR ( 'NONE', #3223, 1000.000000000000000 ) ;
#2540 = ADVANCED_FACE ( 'NONE', ( #3492 ), #1041, .F. ) ;
#2541 = CARTESIAN_POINT ( 'NONE',  ( -12.00000000000000700, 0.0000000000000000000, -7.499999999999992900 ) ) ;
#2542 = STYLED_ITEM ( 'NONE', ( #3743 ), #2405 ) ;
#2543 = CARTESIAN_POINT ( 'NONE',  ( 10.15999999999999800, -3.399999999999993200, -10.15999999999999800 ) ) ;
#2544 = CARTESIAN_POINT ( 'NONE',  ( 0.0000000000000000000, 0.5999999999999998700, 0.0000000000000000000 ) ) ;
#2545 = CARTESIAN_POINT ( 'NONE',  ( -11.49999999999999600, 8.900000000000000400, 11.50000000000000400 ) ) ;
#2546 = SURFACE_SIDE_STYLE ('',( #3036 ) ) ;
#2547 = FACE_OUTER_BOUND ( 'NONE', #909, .T. ) ;
#2548 = ORIENTED_EDGE ( 'NONE', *, *, #1714, .F. ) ;
#2549 = DIRECTION ( 'NONE',  ( 0.2082884793088561900, 0.0000000000000000000, -0.9780674360120595900 ) ) ;
#2550 = ORIENTED_EDGE ( 'NONE', *, *, #695, .F. ) ;
#2551 =( NAMED_UNIT ( * ) SI_UNIT ( $, .STERADIAN. ) SOLID_ANGLE_UNIT ( ) );
#2552 = DIRECTION ( 'NONE',  ( 1.000000000000000000, 0.0000000000000000000, 0.0000000000000000000 ) ) ;
#2553 = DIRECTION ( 'NONE',  ( 0.9780674360120592500, 0.0000000000000000000, 0.2082884793088574700 ) ) ;
#2554 = ORIENTED_EDGE ( 'NONE', *, *, #4236, .T. ) ;
#2555 = DIRECTION ( 'NONE',  ( 0.0000000000000000000, 0.0000000000000000000, 1.000000000000000000 ) ) ;
#2556 = EDGE_CURVE ( 'NONE', #4494, #1223, #2274, .T. ) ;
#2557 =( GEOMETRIC_REPRESENTATION_CONTEXT ( 3 ) GLOBAL_UNCERTAINTY_ASSIGNED_CONTEXT ( ( #745 ) ) GLOBAL_UNIT_ASSIGNED_CONTEXT ( ( #1844, #420, #3617 ) ) REPRESENTATION_CONTEXT ( 'NONE', 'WORKASPACE' ) );
#2558 = PLANE ( 'NONE',  #2259 ) ;
#2559 = FILL_AREA_STYLE ('',( #3055 ) ) ;
#2560 = CARTESIAN_POINT ( 'NONE',  ( -10.15999999999999800, -3.499999999943150800, -10.15999999999999800 ) ) ;
#2561 = AXIS2_PLACEMENT_3D ( 'NONE', #823, #1072, #583 ) ;
#2562 = LINE ( 'NONE', #2095, #4338 ) ;
#2563 =( NAMED_UNIT ( * ) SI_UNIT ( $, .STERADIAN. ) SOLID_ANGLE_UNIT ( ) );
#2564 = DIRECTION ( 'NONE',  ( 0.0000000000000000000, 0.0000000000000000000, -1.000000000000000000 ) ) ;
#2565 = SURFACE_STYLE_FILL_AREA ( #3061 ) ;
#2566 = DIRECTION ( 'NONE',  ( 0.0000000000000000000, 1.000000000000000000, 0.0000000000000000000 ) ) ;
#2567 = STYLED_ITEM ( 'NONE', ( #98 ), #918 ) ;
#2568 = DIRECTION ( 'NONE',  ( -1.000000000000000000, -0.0000000000000000000, -0.0000000000000000000 ) ) ;
#2569 = EDGE_CURVE ( 'NONE', #2535, #4181, #1586, .T. ) ;
#2570 = ORIENTED_EDGE ( 'NONE', *, *, #1358, .F. ) ;
#2571 = CARTESIAN_POINT ( 'NONE',  ( -12.69999999999999900, 0.0000000000000000000, -12.69999999999999900 ) ) ;
#2572 = AXIS2_PLACEMENT_3D ( 'NONE', #1725, #1254, #779 ) ;
#2573 = VECTOR ( 'NONE', #4460, 1000.000000000000000 ) ;
#2574 = PLANE ( 'NONE',  #3700 ) ;
#2575 = PRESENTATION_LAYER_ASSIGNMENT (  '', '', ( #2455 ) ) ;
#2576 = AXIS2_PLACEMENT_3D ( 'NONE', #2470, #2003, #1532 ) ;
#2577 = VERTEX_POINT ( 'NONE', #3459 ) ;
#2578 =( GEOMETRIC_REPRESENTATION_CONTEXT ( 3 ) GLOBAL_UNCERTAINTY_ASSIGNED_CONTEXT ( ( #4416 ) ) GLOBAL_UNIT_ASSIGNED_CONTEXT ( ( #1429, #9, #3211 ) ) REPRESENTATION_CONTEXT ( 'NONE', 'WORKASPACE' ) );
#2579 = VECTOR ( 'NONE', #3569, 1000.000000000000000 ) ;
#2580 = CARTESIAN_POINT ( 'NONE',  ( 12.69999999999999900, 0.0000000000000000000, 4.500000000000005300 ) ) ;
#2581 = CARTESIAN_POINT ( 'NONE',  ( -10.15999999999999800, 0.0000000000000000000, -9.559999999999998700 ) ) ;
#2582 = ORIENTED_EDGE ( 'NONE', *, *, #988, .T. ) ;
#2583 = PRESENTATION_STYLE_ASSIGNMENT (( #3080 ) ) ;
#2584 = CARTESIAN_POINT ( 'NONE',  ( 12.50000000000000500, 9.243145750510956700, 12.08578643762690600 ) ) ;
#2585 = DIRECTION ( 'NONE',  ( 0.0000000000000000000, 0.0000000000000000000, 1.000000000000000000 ) ) ;
#2586 = CARTESIAN_POINT ( 'NONE',  ( -11.50000000000000000, 0.0000000000000000000, -4.999999999999997300 ) ) ;
#2587 = CYLINDRICAL_SURFACE ( 'NONE', #1295, 0.6000000000000000900 ) ;
#2588 = SURFACE_STYLE_FILL_AREA ( #3085 ) ;
#2589 = EDGE_LOOP ( 'NONE', ( #1235, #1613, #1506, #3824 ) ) ;
#2590 = DIRECTION ( 'NONE',  ( 0.9874413691408833200, 0.0000000000000000000, -0.1579858933866496500 ) ) ;
#2591 = DIRECTION ( 'NONE',  ( 2.141108110448990900E-018, 1.000000000000000000, 1.338232597062403400E-017 ) ) ;
#2592 = ORIENTED_EDGE ( 'NONE', *, *, #1515, .F. ) ;
#2593 = FILL_AREA_STYLE ('',( #4491 ) ) ;
#2594 = SURFACE_STYLE_FILL_AREA ( #3093 ) ;
#2595 = DIRECTION ( 'NONE',  ( -1.000000000000000000, 0.0000000000000000000, 0.0000000000000000000 ) ) ;
#2596 = ORIENTED_EDGE ( 'NONE', *, *, #3106, .T. ) ;
#2597 = LINE ( 'NONE', #2128, #1510 ) ;
#2598 = LINE ( 'NONE', #2129, #1594 ) ;
#2599 = LINE ( 'NONE', #2130, #928 ) ;
#2600 = FACE_OUTER_BOUND ( 'NONE', #1316, .T. ) ;
#2601 = CARTESIAN_POINT ( 'NONE',  ( -11.50000000000000000, 0.0000000000000000000, -6.999999999999999100 ) ) ;
#2602 = COLOUR_RGB ( '',0.7921568627450980000, 0.8196078431372548800, 0.9333333333333333500 ) ;
#2603 = PRESENTATION_LAYER_ASSIGNMENT (  '', '', ( #2353 ) ) ;
#2604 = ORIENTED_EDGE ( 'NONE', *, *, #2301, .F. ) ;
#2605 = STYLED_ITEM ( 'NONE', ( #4276 ), #1825 ) ;
#2606 = UNCERTAINTY_MEASURE_WITH_UNIT (LENGTH_MEASURE( 1.000000000000000100E-005 ), #2310, 'distance_accuracy_value', 'NONE');
#2607 =( NAMED_UNIT ( * ) SI_UNIT ( $, .STERADIAN. ) SOLID_ANGLE_UNIT ( ) );
#2608 =( NAMED_UNIT ( * ) SI_UNIT ( $, .STERADIAN. ) SOLID_ANGLE_UNIT ( ) );
#2609 = CIRCLE ( 'NONE', #2261, 0.5999999999999998700 ) ;
#2610 = AXIS2_PLACEMENT_3D ( 'NONE', #1116, #637, #158 ) ;
#2611 = CARTESIAN_POINT ( 'NONE',  ( -12.69999999999999900, 0.0000000000000000000, 7.500000000000004400 ) ) ;
#2612 = SURFACE_STYLE_FILL_AREA ( #3109 ) ;
#2613 = SURFACE_STYLE_FILL_AREA ( #3110 ) ;
#2614 = CYLINDRICAL_SURFACE ( 'NONE', #382, 0.6000000000000015300 ) ;
#2615 =( NAMED_UNIT ( * ) SI_UNIT ( $, .STERADIAN. ) SOLID_ANGLE_UNIT ( ) );
#2616 =( NAMED_UNIT ( * ) SI_UNIT ( $, .STERADIAN. ) SOLID_ANGLE_UNIT ( ) );
#2617 = AXIS2_PLACEMENT_3D ( 'NONE', #3338, #2879, #2396 ) ;
#2618 = ORIENTED_EDGE ( 'NONE', *, *, #3812, .T. ) ;
#2619 = VERTEX_POINT ( 'NONE', #3940 ) ;
#2620 = LINE ( 'NONE', #2145, #3132 ) ;
#2621 = ORIENTED_EDGE ( 'NONE', *, *, #2341, .F. ) ;
#2622 = FILL_AREA_STYLE_COLOUR ( '', #2357 ) ;
#2623 = DIRECTION ( 'NONE',  ( 0.2082884793088558600, 0.0000000000000000000, -0.9780674360120595900 ) ) ;
#2624 = STYLED_ITEM ( 'NONE', ( #4089 ), #94 ) ;
#2625 = COLOUR_RGB ( '',1.000000000000000000, 1.000000000000000000, 1.000000000000000000 ) ;
#2626 = DIRECTION ( 'NONE',  ( 0.0000000000000000000, 0.0000000000000000000, 1.000000000000000000 ) ) ;
#2627 = SURFACE_STYLE_USAGE ( .BOTH. , #3125 ) ;
#2628 = DIRECTION ( 'NONE',  ( -0.0000000000000000000, 1.000000000000000000, 0.0000000000000000000 ) ) ;
#2629 =( NAMED_UNIT ( * ) PLANE_ANGLE_UNIT ( ) SI_UNIT ( $, .RADIAN. ) );
#2630 = PRESENTATION_STYLE_ASSIGNMENT (( #3127 ) ) ;
#2631 = AXIS2_PLACEMENT_3D ( 'NONE', #2710, #2228, #1778 ) ;
#2632 = EDGE_LOOP ( 'NONE', ( #3433, #2010, #3982, #1439, #1785 ) ) ;
#2633 = VERTEX_POINT ( 'NONE', #3007 ) ;
#2634 = VECTOR ( 'NONE', #1076, 1000.000000000000000 ) ;
#2635 = COLOUR_RGB ( '',1.000000000000000000, 1.000000000000000000, 1.000000000000000000 ) ;
#2636 = CARTESIAN_POINT ( 'NONE',  ( -12.69999999999999900, 0.0000000000000000000, 7.500000000000004400 ) ) ;
#2637 = DIRECTION ( 'NONE',  ( -0.0000000000000000000, -0.0000000000000000000, -1.000000000000000000 ) ) ;
#2638 = DIRECTION ( 'NONE',  ( 0.0000000000000000000, -0.0000000000000000000, 1.000000000000000000 ) ) ;
#2639 = ORIENTED_EDGE ( 'NONE', *, *, #2208, .F. ) ;
#2640 = DIRECTION ( 'NONE',  ( -0.0000000000000000000, -1.000000000000000000, -0.0000000000000000000 ) ) ;
#2641 = EDGE_CURVE ( 'NONE', #1432, #1361, #2513, .T. ) ;
#2642 = EDGE_LOOP ( 'NONE', ( #1149, #310, #747, #4161 ) ) ;
#2643 = STYLED_ITEM ( 'NONE', ( #1996 ), #1050 ) ;
#2644 = CIRCLE ( 'NONE', #2232, 0.9999999999999991100 ) ;
#2645 = FILL_AREA_STYLE ('',( #3147 ) ) ;
#2646 = AXIS2_PLACEMENT_3D ( 'NONE', #4368, #3905, #3412 ) ;
#2647 = ORIENTED_EDGE ( 'NONE', *, *, #2062, .F. ) ;
#2648 = DIRECTION ( 'NONE',  ( 0.0000000000000000000, 0.0000000000000000000, 1.000000000000000000 ) ) ;
#2649 = EDGE_CURVE ( 'NONE', #1919, #4279, #4422, .T. ) ;
#2650 = CARTESIAN_POINT ( 'NONE',  ( 11.50000000000000500, 8.900000000000002100, -1.595945597898663100E-015 ) ) ;
#2651 = SURFACE_SIDE_STYLE ('',( #3150 ) ) ;
#2652 = STYLED_ITEM ( 'NONE', ( #1218 ), #4438 ) ;
#2653 = DIRECTION ( 'NONE',  ( 0.0000000000000000000, -0.0000000000000000000, 1.000000000000000000 ) ) ;
#2654 =( NAMED_UNIT ( * ) SI_UNIT ( $, .STERADIAN. ) SOLID_ANGLE_UNIT ( ) );
#2655 = DIRECTION ( 'NONE',  ( 0.0000000000000000000, 1.000000000000000000, 0.0000000000000000000 ) ) ;
#2656 = STYLED_ITEM ( 'NONE', ( #1217 ), #181 ) ;
#2657 = ORIENTED_EDGE ( 'NONE', *, *, #2718, .T. ) ;
#2658 = EDGE_CURVE ( 'NONE', #173, #925, #3827, .T. ) ;
#2659 = PRESENTATION_STYLE_ASSIGNMENT (( #3157 ) ) ;
#2660 = COLOUR_RGB ( '',1.000000000000000000, 1.000000000000000000, 1.000000000000000000 ) ;
#2661 = PRESENTATION_LAYER_ASSIGNMENT (  '', '', ( #2542 ) ) ;
#2662 = ADVANCED_FACE ( 'NONE', ( #3185 ), #4292, .T. ) ;
#2663 = AXIS2_PLACEMENT_3D ( 'NONE', #3047, #2552, #2086 ) ;
#2664 = AXIS2_PLACEMENT_3D ( 'NONE', #429, #4576, #4103 ) ;
#2665 = SURFACE_STYLE_USAGE ( .BOTH. , #3163 ) ;
#2666 = ORIENTED_EDGE ( 'NONE', *, *, #85, .T. ) ;
#2667 = DIRECTION ( 'NONE',  ( 0.0000000000000000000, 1.000000000000000000, 0.0000000000000000000 ) ) ;
#2668 = CIRCLE ( 'NONE', #1983, 0.4999999999999994400 ) ;
#2669 = EDGE_CURVE ( 'NONE', #2577, #1008, #883, .T. ) ;
#2670 =( LENGTH_UNIT ( ) NAMED_UNIT ( * ) SI_UNIT ( .MILLI., .METRE. ) );
#2671 = VECTOR ( 'NONE', #2511, 1000.000000000000000 ) ;
#2672 = ORIENTED_EDGE ( 'NONE', *, *, #1381, .F. ) ;
#2673 = VECTOR ( 'NONE', #1074, 1000.000000000000000 ) ;
#2674 = SURFACE_STYLE_USAGE ( .BOTH. , #3171 ) ;
#2675 = CARTESIAN_POINT ( 'NONE',  ( 12.69999999999999900, 0.0000000000000000000, 7.500000000000004400 ) ) ;
#2676 = CARTESIAN_POINT ( 'NONE',  ( 12.69999999999999900, 0.5999999999999999800, -12.69999999999999900 ) ) ;
#2677 = LINE ( 'NONE', #2199, #2133 ) ;
#2678 =( NAMED_UNIT ( * ) PLANE_ANGLE_UNIT ( ) SI_UNIT ( $, .RADIAN. ) );
#2679 = PRESENTATION_STYLE_ASSIGNMENT (( #3178 ) ) ;
#2680 = CARTESIAN_POINT ( 'NONE',  ( 11.50000000000000700, 9.900000000000000400, 0.0000000000000000000 ) ) ;
#2681 = CIRCLE ( 'NONE', #3597, 0.5000000000000004400 ) ;
#2682 = VECTOR ( 'NONE', #678, 1000.000000000000000 ) ;
#2683 = ORIENTED_EDGE ( 'NONE', *, *, #2787, .T. ) ;
#2684 = SURFACE_STYLE_FILL_AREA ( #3181 ) ;
#2685 = EDGE_CURVE ( 'NONE', #4271, #1528, #304, .T. ) ;
#2686 =( LENGTH_UNIT ( ) NAMED_UNIT ( * ) SI_UNIT ( .MILLI., .METRE. ) );
#2687 = ORIENTED_EDGE ( 'NONE', *, *, #2348, .F. ) ;
#2688 = PRESENTATION_LAYER_ASSIGNMENT (  '', '', ( #2567 ) ) ;
#2689 = EDGE_CURVE ( 'NONE', #3835, #1890, #3031, .T. ) ;
#2690 = AXIS2_PLACEMENT_3D ( 'NONE', #2149, #1703, #1230 ) ;
#2691 = AXIS2_PLACEMENT_3D ( 'NONE', #4238, #3766, #3285 ) ;
#2692 = MECHANICAL_DESIGN_GEOMETRIC_PRESENTATION_REPRESENTATION (  '', ( #2455 ), #4361 ) ;
#2693 = VECTOR ( 'NONE', #2299, 1000.000000000000000 ) ;
#2694 = UNCERTAINTY_MEASURE_WITH_UNIT (LENGTH_MEASURE( 1.000000000000000100E-005 ), #3785, 'distance_accuracy_value', 'NONE');
#2695 = EDGE_CURVE ( 'NONE', #626, #1088, #3707, .T. ) ;
#2696 = EDGE_LOOP ( 'NONE', ( #1062, #941 ) ) ;
#2697 = CARTESIAN_POINT ( 'NONE',  ( -11.99999999997703300, 0.5999999999999998700, 7.500000000000004400 ) ) ;
#2698 = CARTESIAN_POINT ( 'NONE',  ( -10.15999999999999800, 0.5999999999999998700, -2.539999999999996900 ) ) ;
#2699 = EDGE_CURVE ( 'NONE', #4115, #2978, #512, .T. ) ;
#2700 = SURFACE_SIDE_STYLE ('',( #3191 ) ) ;
#2701 = CARTESIAN_POINT ( 'NONE',  ( -12.69999999999999900, 0.0000000000000000000, 12.70000000000000300 ) ) ;
#2702 = CARTESIAN_POINT ( 'NONE',  ( 12.69999999999999900, 0.5999999999999999800, -4.499999999999997300 ) ) ;
#2703 = PRESENTATION_LAYER_ASSIGNMENT (  '', '', ( #1410 ) ) ;
#2704 = EDGE_LOOP ( 'NONE', ( #2969, #65 ) ) ;
#2705 = DIRECTION ( 'NONE',  ( 0.0000000000000000000, 1.000000000000000000, 0.0000000000000000000 ) ) ;
#2706 = CARTESIAN_POINT ( 'NONE',  ( 9.666279315429557400, -3.399999999999993200, 10.23899294669332600 ) ) ;
#2707 = ORIENTED_EDGE ( 'NONE', *, *, #1744, .F. ) ;
#2708 =( GEOMETRIC_REPRESENTATION_CONTEXT ( 3 ) GLOBAL_UNCERTAINTY_ASSIGNED_CONTEXT ( ( #711 ) ) GLOBAL_UNIT_ASSIGNED_CONTEXT ( ( #802, #3989, #2563 ) ) REPRESENTATION_CONTEXT ( 'NONE', 'WORKASPACE' ) );
#2709 = PRESENTATION_STYLE_ASSIGNMENT (( #3200 ) ) ;
#2710 = CARTESIAN_POINT ( 'NONE',  ( -11.99999999997703300, 0.5999999999999999800, 7.000000000022969200 ) ) ;
#2711 = CARTESIAN_POINT ( 'NONE',  ( 10.15999999999999800, 0.5999999999999998700, -10.15999999999999800 ) ) ;
#2712 = EDGE_CURVE ( 'NONE', #14, #2633, #3363, .T. ) ;
#2713 = EDGE_LOOP ( 'NONE', ( #3747, #2683, #641, #4592, #1735 ) ) ;
#2714 = COLOUR_RGB ( '',1.000000000000000000, 1.000000000000000000, 1.000000000000000000 ) ;
#2715 = FACE_OUTER_BOUND ( 'NONE', #100, .T. ) ;
#2716 = SURFACE_STYLE_USAGE ( .BOTH. , #3207 ) ;
#2717 = MECHANICAL_DESIGN_GEOMETRIC_PRESENTATION_REPRESENTATION (  '', ( #2353 ), #693 ) ;
#2718 = EDGE_CURVE ( 'NONE', #2832, #2249, #1245, .T. ) ;
#2719 = ORIENTED_EDGE ( 'NONE', *, *, #803, .T. ) ;
#2720 = FILL_AREA_STYLE_COLOUR ( '', #2984 ) ;
#2721 = SURFACE_STYLE_USAGE ( .BOTH. , #3210 ) ;
#2722 = PRESENTATION_LAYER_ASSIGNMENT (  '', '', ( #2605 ) ) ;
#2723 = UNCERTAINTY_MEASURE_WITH_UNIT (LENGTH_MEASURE( 1.000000000000000100E-005 ), #3247, 'distance_accuracy_value', 'NONE');
#2724 =( GEOMETRIC_REPRESENTATION_CONTEXT ( 3 ) GLOBAL_UNCERTAINTY_ASSIGNED_CONTEXT ( ( #2744 ) ) GLOBAL_UNIT_ASSIGNED_CONTEXT ( ( #72, #3268, #1848 ) ) REPRESENTATION_CONTEXT ( 'NONE', 'WORKASPACE' ) );
#2725 = DIRECTION ( 'NONE',  ( 0.0000000000000000000, 0.0000000000000000000, -1.000000000000000000 ) ) ;
#2726 = SURFACE_STYLE_USAGE ( .BOTH. , #3214 ) ;
#2727 = COLOUR_RGB ( '',0.7921568627450980000, 0.8196078431372548800, 0.9333333333333333500 ) ;
#2728 = SURFACE_STYLE_USAGE ( .BOTH. , #3215 ) ;
#2729 = ORIENTED_EDGE ( 'NONE', *, *, #3349, .T. ) ;
#2730 = ORIENTED_EDGE ( 'NONE', *, *, #3825, .F. ) ;
#2731 = STYLED_ITEM ( 'NONE', ( #2630 ), #3411 ) ;
#2732 = CARTESIAN_POINT ( 'NONE',  ( -10.15999999999999800, 9.200000000000004600, 2.540000000000002300 ) ) ;
#2733 = EDGE_LOOP ( 'NONE', ( #4149, #899 ) ) ;
#2734 = PRESENTATION_STYLE_ASSIGNMENT (( #3219 ) ) ;
#2735 = CARTESIAN_POINT ( 'NONE',  ( -12.49999999999999600, 8.900000000000002100, 11.50000000000000000 ) ) ;
#2736 = ADVANCED_FACE ( 'NONE', ( #947 ), #1070, .T. ) ;
#2737 = EDGE_CURVE ( 'NONE', #4061, #842, #3347, .T. ) ;
#2738 =( LENGTH_UNIT ( ) NAMED_UNIT ( * ) SI_UNIT ( .MILLI., .METRE. ) );
#2739 = STYLED_ITEM ( 'NONE', ( #271 ), #4167 ) ;
#2740 = DIRECTION ( 'NONE',  ( 0.0000000000000000000, 1.000000000000000000, 0.0000000000000000000 ) ) ;
#2741 = FILL_AREA_STYLE ('',( #486 ) ) ;
#2742 = LINE ( 'NONE', #2258, #2371 ) ;
#2743 = CIRCLE ( 'NONE', #2197, 0.5999999999999998700 ) ;
#2744 = UNCERTAINTY_MEASURE_WITH_UNIT (LENGTH_MEASURE( 1.000000000000000100E-005 ), #72, 'distance_accuracy_value', 'NONE');
#2745 = ORIENTED_EDGE ( 'NONE', *, *, #222, .T. ) ;
#2746 = CLOSED_SHELL ( 'NONE', ( #681, #3028, #1466, #181, #2201, #3071, #1590, #3804, #213, #2382, #234, #411, #4527, #276, #1015, #4108, #942, #297, #2032, #3884, #1038, #1982, #2662, #1681, #2057, #918, #3986, #3436, #1941, #3618, #2761, #2540, #3763, #549, #1825, #1694, #1246, #3133, #4334, #4562, #592, #3717, #2749, #562, #1858, #4548, #4193, #4120, #3184, #1331, #191, #442, #4167, #2175, #552, #318, #964, #1950, #638, #2736, #520, #301, #311, #3411, #3248, #4112, #2437, #2367, #4080, #4186, #982, #1810, #3158, #2426, #3784, #2291, #2042, #1639, #3354, #2405, #4480, #1296, #1050, #4511, #94, #1292, #4169, #4438, #1317, #668, #4556, #1477, #3120, #1717, #1612, #4143, #2093, #4463, #2895, #3455, #4352, #3375 ) ) ;
#2747 = EDGE_CURVE ( 'NONE', #1223, #2442, #2644, .T. ) ;
#2748 = DIRECTION ( 'NONE',  ( -0.0000000000000000000, 1.000000000000000000, -1.224646799147353200E-016 ) ) ;
#2749 = ADVANCED_FACE ( 'NONE', ( #577 ), #2097, .T. ) ;
#2750 =( GEOMETRIC_REPRESENTATION_CONTEXT ( 3 ) GLOBAL_UNCERTAINTY_ASSIGNED_CONTEXT ( ( #96 ) ) GLOBAL_UNIT_ASSIGNED_CONTEXT ( ( #790, #3978, #2551 ) ) REPRESENTATION_CONTEXT ( 'NONE', 'WORKASPACE' ) );
#2751 = AXIS2_PLACEMENT_3D ( 'NONE', #673, #192, #4326 ) ;
#2752 = FILL_AREA_STYLE_COLOUR ( '', #3129 ) ;
#2753 = PLANE ( 'NONE',  #2484 ) ;
#2754 = AXIS2_PLACEMENT_3D ( 'NONE', #1321, #852, #363 ) ;
#2755 = DIRECTION ( 'NONE',  ( 0.0000000000000000000, 1.000000000000000000, 0.0000000000000000000 ) ) ;
#2756 =( NAMED_UNIT ( * ) PLANE_ANGLE_UNIT ( ) SI_UNIT ( $, .RADIAN. ) );
#2757 = ORIENTED_EDGE ( 'NONE', *, *, #286, .T. ) ;
#2758 = SURFACE_SIDE_STYLE ('',( #3236 ) ) ;
#2759 = CARTESIAN_POINT ( 'NONE',  ( -10.15999999999999800, 9.200000000000004600, -10.15999999999999800 ) ) ;
#2760 = EDGE_LOOP ( 'NONE', ( #2180, #1955, #2044, #1791, #2745 ) ) ;
#2761 = ADVANCED_FACE ( 'NONE', ( #3212 ), #1662, .T. ) ;
#2762 = SURFACE_SIDE_STYLE ('',( #3238 ) ) ;
#2763 = VERTEX_POINT ( 'NONE', #4371 ) ;
#2764 = EDGE_CURVE ( 'NONE', #1308, #3835, #3908, .T. ) ;
#2765 =( NAMED_UNIT ( * ) SI_UNIT ( $, .STERADIAN. ) SOLID_ANGLE_UNIT ( ) );
#2766 = CARTESIAN_POINT ( 'NONE',  ( 11.50000000000000400, 9.900000000000002100, -11.49999999999999600 ) ) ;
#2767 = EDGE_LOOP ( 'NONE', ( #859, #242, #417, #3218, #2647, #1497, #4283, #670, #4404, #3690 ) ) ;
#2768 = DIRECTION ( 'NONE',  ( 2.141108110448990900E-018, 1.000000000000000000, 1.338232597062403400E-017 ) ) ;
#2769 =( LENGTH_UNIT ( ) NAMED_UNIT ( * ) SI_UNIT ( .MILLI., .METRE. ) );
#2770 = CARTESIAN_POINT ( 'NONE',  ( -11.50000000000000000, 0.0000000000000000000, -4.999999999999997300 ) ) ;
#2771 = VECTOR ( 'NONE', #3995, 1000.000000000000000 ) ;
#2772 = DIRECTION ( 'NONE',  ( 0.0000000000000000000, 0.0000000000000000000, -1.000000000000000000 ) ) ;
#2773 = SURFACE_STYLE_USAGE ( .BOTH. , #3245 ) ;
#2774 = PRESENTATION_LAYER_ASSIGNMENT (  '', '', ( #2643 ) ) ;
#2775 = EDGE_CURVE ( 'NONE', #1552, #2508, #2011, .T. ) ;
#2776 = ORIENTED_EDGE ( 'NONE', *, *, #1123, .T. ) ;
#2777 = VECTOR ( 'NONE', #3388, 1000.000000000000000 ) ;
#2778 = CARTESIAN_POINT ( 'NONE',  ( -10.15999999999999800, 0.5999999999999998700, -10.75999999999999800 ) ) ;
#2779 = DIRECTION ( 'NONE',  ( -0.0000000000000000000, 1.000000000000000000, -0.0000000000000000000 ) ) ;
#2780 = EDGE_CURVE ( 'NONE', #2431, #925, #166, .T. ) ;
#2781 = CIRCLE ( 'NONE', #3725, 0.4999999999999998300 ) ;
#2782 = PRESENTATION_LAYER_ASSIGNMENT (  '', '', ( #2652 ) ) ;
#2783 = UNCERTAINTY_MEASURE_WITH_UNIT (LENGTH_MEASURE( 1.000000000000000100E-005 ), #2236, 'distance_accuracy_value', 'NONE');
#2784 = FACE_BOUND ( 'NONE', #389, .T. ) ;
#2785 = STYLED_ITEM ( 'NONE', ( #871 ), #668 ) ;
#2786 = DIRECTION ( 'NONE',  ( -0.0000000000000000000, -1.000000000000000000, -0.0000000000000000000 ) ) ;
#2787 = EDGE_CURVE ( 'NONE', #3333, #220, #3789, .T. ) ;
#2788 = CARTESIAN_POINT ( 'NONE',  ( 10.15999999999999800, 0.5999999999999998700, 10.76000000000000300 ) ) ;
#2789 = FILL_AREA_STYLE_COLOUR ( '', #4195 ) ;
#2790 = MECHANICAL_DESIGN_GEOMETRIC_PRESENTATION_REPRESENTATION (  '', ( #2542 ), #2196 ) ;
#2791 = ORIENTED_EDGE ( 'NONE', *, *, #3715, .T. ) ;
#2792 = CARTESIAN_POINT ( 'NONE',  ( -11.50000000000000000, 0.0000000000000000000, 5.000000000000004400 ) ) ;
#2793 = VECTOR ( 'NONE', #3721, 1000.000000000000000 ) ;
#2794 = CYLINDRICAL_SURFACE ( 'NONE', #2664, 0.6000000000000015300 ) ;
#2795 = DIRECTION ( 'NONE',  ( -0.0000000000000000000, -1.000000000000000000, -0.0000000000000000000 ) ) ;
#2796 = PRESENTATION_STYLE_ASSIGNMENT (( #3266 ) ) ;
#2797 = VERTEX_POINT ( 'NONE', #2362 ) ;
#2798 = EDGE_CURVE ( 'NONE', #3653, #3821, #1593, .T. ) ;
#2799 = FILL_AREA_STYLE ('',( #3272 ) ) ;
#2800 = DIRECTION ( 'NONE',  ( -0.0000000000000000000, 1.000000000000000000, -0.0000000000000000000 ) ) ;
#2801 = FACE_OUTER_BOUND ( 'NONE', #2919, .T. ) ;
#2802 = EDGE_LOOP ( 'NONE', ( #45, #1107, #1500, #874, #3684 ) ) ;
#2803 = AXIS2_PLACEMENT_3D ( 'NONE', #708, #114, #4252 ) ;
#2804 = UNCERTAINTY_MEASURE_WITH_UNIT (LENGTH_MEASURE( 1.000000000000000100E-005 ), #755, 'distance_accuracy_value', 'NONE');
#2805 = VERTEX_POINT ( 'NONE', #683 ) ;
#2806 =( GEOMETRIC_REPRESENTATION_CONTEXT ( 3 ) GLOBAL_UNCERTAINTY_ASSIGNED_CONTEXT ( ( #3664 ) ) GLOBAL_UNIT_ASSIGNED_CONTEXT ( ( #1309, #4495, #3097 ) ) REPRESENTATION_CONTEXT ( 'NONE', 'WORKASPACE' ) );
#2807 = EDGE_CURVE ( 'NONE', #295, #1334, #2290, .T. ) ;
#2808 = MECHANICAL_DESIGN_GEOMETRIC_PRESENTATION_REPRESENTATION (  '', ( #2567 ), #3523 ) ;
#2809 = ORIENTED_EDGE ( 'NONE', *, *, #4472, .T. ) ;
#2810 =( NAMED_UNIT ( * ) PLANE_ANGLE_UNIT ( ) SI_UNIT ( $, .RADIAN. ) );
#2811 = SURFACE_SIDE_STYLE ('',( #3281 ) ) ;
#2812 = STYLED_ITEM ( 'NONE', ( #1170 ), #2175 ) ;
#2813 = DIRECTION ( 'NONE',  ( 0.0000000000000000000, 0.0000000000000000000, 1.000000000000000000 ) ) ;
#2814 = UNCERTAINTY_MEASURE_WITH_UNIT (LENGTH_MEASURE( 1.000000000000000100E-005 ), #74, 'distance_accuracy_value', 'NONE');
#2815 = EDGE_CURVE ( 'NONE', #606, #4584, #3025, .T. ) ;
#2816 = CARTESIAN_POINT ( 'NONE',  ( -11.99999999997703300, 0.5999999999999999800, 7.000000000022969200 ) ) ;
#2817 = AXIS2_PLACEMENT_3D ( 'NONE', #2090, #1623, #1158 ) ;
#2818 = FILL_AREA_STYLE_COLOUR ( '', #2625 ) ;
#2819 = CARTESIAN_POINT ( 'NONE',  ( -10.15999999999999800, 0.0000000000000000000, -10.15999999999999800 ) ) ;
#2820 = ORIENTED_EDGE ( 'NONE', *, *, #1691, .F. ) ;
#2821 =( NAMED_UNIT ( * ) PLANE_ANGLE_UNIT ( ) SI_UNIT ( $, .RADIAN. ) );
#2822 = FILL_AREA_STYLE_COLOUR ( '', #202 ) ;
#2823 = FACE_OUTER_BOUND ( 'NONE', #3167, .T. ) ;
#2824 = ORIENTED_EDGE ( 'NONE', *, *, #1730, .T. ) ;
#2825 = PLANE ( 'NONE',  #398 ) ;
#2826 = SURFACE_SIDE_STYLE ('',( #3291 ) ) ;
#2827 = MECHANICAL_DESIGN_GEOMETRIC_PRESENTATION_REPRESENTATION (  '', ( #1410 ), #3924 ) ;
#2828 = ORIENTED_EDGE ( 'NONE', *, *, #251, .T. ) ;
#2829 = UNCERTAINTY_MEASURE_WITH_UNIT (LENGTH_MEASURE( 1.000000000000000100E-005 ), #1106, 'distance_accuracy_value', 'NONE');
#2830 = AXIS2_PLACEMENT_3D ( 'NONE', #589, #116, #4255 ) ;
#2831 = PLANE ( 'NONE',  #1163 ) ;
#2832 = VERTEX_POINT ( 'NONE', #1979 ) ;
#2833 = FILL_AREA_STYLE_COLOUR ( '', #986 ) ;
#2834 = DIRECTION ( 'NONE',  ( -0.1117128965772656000, 0.7071067809855756700, -0.6982264883420953300 ) ) ;
#2835 = DIRECTION ( 'NONE',  ( 0.0000000000000000000, 0.0000000000000000000, -1.000000000000000000 ) ) ;
#2836 = PRESENTATION_STYLE_ASSIGNMENT (( #3303 ) ) ;
#2837 = AXIS2_PLACEMENT_3D ( 'NONE', #994, #500, #41 ) ;
#2838 = DIRECTION ( 'NONE',  ( -0.0000000000000000000, 1.000000000000000000, -0.0000000000000000000 ) ) ;
#2839 = DIRECTION ( 'NONE',  ( 0.0000000000000000000, -0.0000000000000000000, 1.000000000000000000 ) ) ;
#2840 = ORIENTED_EDGE ( 'NONE', *, *, #760, .F. ) ;
#2841 = CARTESIAN_POINT ( 'NONE',  ( -10.15999999999999800, 0.0000000000000000000, -10.15999999999999800 ) ) ;
#2842 = DIRECTION ( 'NONE',  ( 0.0000000000000000000, -1.000000000000000000, -0.0000000000000000000 ) ) ;
#2843 = MECHANICAL_DESIGN_GEOMETRIC_PRESENTATION_REPRESENTATION (  '', ( #2605 ), #873 ) ;
#2844 = EDGE_LOOP ( 'NONE', ( #3096, #4137 ) ) ;
#2845 =( LENGTH_UNIT ( ) NAMED_UNIT ( * ) SI_UNIT ( .MILLI., .METRE. ) );
#2846 = ORIENTED_EDGE ( 'NONE', *, *, #3054, .T. ) ;
#2847 = DIRECTION ( 'NONE',  ( 0.0000000000000000000, 0.0000000000000000000, 1.000000000000000000 ) ) ;
#2848 = CARTESIAN_POINT ( 'NONE',  ( -11.49999999999999600, 9.485786437626904500, 12.50000000000000200 ) ) ;
#2849 = SURFACE_SIDE_STYLE ('',( #3315 ) ) ;
#2850 = ORIENTED_EDGE ( 'NONE', *, *, #4474, .F. ) ;
#2851 = CARTESIAN_POINT ( 'NONE',  ( -11.49999999999999800, 0.0000000000000000000, -4.999999999999997300 ) ) ;
#2852 = DIRECTION ( 'NONE',  ( -1.387778780781445700E-016, 0.0000000000000000000, -1.000000000000000000 ) ) ;
#2853 = DIRECTION ( 'NONE',  ( -0.1117128965772656000, 0.7071067809855756700, -0.6982264883420953300 ) ) ;
#2854 = DIRECTION ( 'NONE',  ( 0.0000000000000000000, -1.000000000000000000, 0.0000000000000000000 ) ) ;
#2855 = PRESENTATION_LAYER_ASSIGNMENT (  '', '', ( #2731 ) ) ;
#2856 = VERTEX_POINT ( 'NONE', #2446 ) ;
#2857 = COLOUR_RGB ( '',0.7921568627450980000, 0.8196078431372548800, 0.9333333333333333500 ) ;
#2858 = AXIS2_PLACEMENT_3D ( 'NONE', #2170, #1721, #1252 ) ;
#2859 = PRESENTATION_LAYER_ASSIGNMENT (  '', '', ( #2739 ) ) ;
#2860 = UNCERTAINTY_MEASURE_WITH_UNIT (LENGTH_MEASURE( 1.000000000000000100E-005 ), #1859, 'distance_accuracy_value', 'NONE');
#2861 = CARTESIAN_POINT ( 'NONE',  ( 10.15999999999999800, 0.0000000000000000000, 0.6000000000000033100 ) ) ;
#2862 =( GEOMETRIC_REPRESENTATION_CONTEXT ( 3 ) GLOBAL_UNCERTAINTY_ASSIGNED_CONTEXT ( ( #2950 ) ) GLOBAL_UNIT_ASSIGNED_CONTEXT ( ( #3553, #2136, #736 ) ) REPRESENTATION_CONTEXT ( 'NONE', 'WORKASPACE' ) );
#2863 =( NAMED_UNIT ( * ) PLANE_ANGLE_UNIT ( ) SI_UNIT ( $, .RADIAN. ) );
#2864 =( LENGTH_UNIT ( ) NAMED_UNIT ( * ) SI_UNIT ( .MILLI., .METRE. ) );
#2865 = VECTOR ( 'NONE', #2933, 1000.000000000000000 ) ;
#2866 = FILL_AREA_STYLE ('',( #3329 ) ) ;
#2867 = CIRCLE ( 'NONE', #1757, 0.5000000000000001100 ) ;
#2868 = ORIENTED_EDGE ( 'NONE', *, *, #4077, .T. ) ;
#2869 = LINE ( 'NONE', #2387, #3720 ) ;
#2870 =( LENGTH_UNIT ( ) NAMED_UNIT ( * ) SI_UNIT ( .MILLI., .METRE. ) );
#2871 = PRESENTATION_LAYER_ASSIGNMENT (  '', '', ( #2150 ) ) ;
#2872 = ORIENTED_EDGE ( 'NONE', *, *, #2001, .T. ) ;
#2873 =( NAMED_UNIT ( * ) SI_UNIT ( $, .STERADIAN. ) SOLID_ANGLE_UNIT ( ) );
#2874 = STYLED_ITEM ( 'NONE', ( #2836 ), #3028 ) ;
#2875 = VERTEX_POINT ( 'NONE', #1512 ) ;
#2876 = SURFACE_STYLE_USAGE ( .BOTH. , #3334 ) ;
#2877 = CARTESIAN_POINT ( 'NONE',  ( 12.50000000000000400, 9.243145750507624200, -12.08578643762691000 ) ) ;
#2878 = ORIENTED_EDGE ( 'NONE', *, *, #2085, .F. ) ;
#2879 = DIRECTION ( 'NONE',  ( 0.0000000000000000000, 1.000000000000000000, 0.0000000000000000000 ) ) ;
#2880 =( LENGTH_UNIT ( ) NAMED_UNIT ( * ) SI_UNIT ( .MILLI., .METRE. ) );
#2881 = UNCERTAINTY_MEASURE_WITH_UNIT (LENGTH_MEASURE( 1.000000000000000100E-005 ), #3190, 'distance_accuracy_value', 'NONE');
#2882 = DIRECTION ( 'NONE',  ( 0.0000000000000000000, -0.0000000000000000000, 1.000000000000000000 ) ) ;
#2883 = DIRECTION ( 'NONE',  ( 2.141108110448990900E-018, 1.000000000000000000, 1.338232597062403400E-017 ) ) ;
#2884 = CARTESIAN_POINT ( 'NONE',  ( -12.49999999999999800, 9.485786437626909900, -11.84314575050762000 ) ) ;
#2885 =( GEOMETRIC_REPRESENTATION_CONTEXT ( 3 ) GLOBAL_UNCERTAINTY_ASSIGNED_CONTEXT ( ( #4110 ) ) GLOBAL_UNIT_ASSIGNED_CONTEXT ( ( #390, #3587, #2164 ) ) REPRESENTATION_CONTEXT ( 'NONE', 'WORKASPACE' ) );
#2886 = CIRCLE ( 'NONE', #1501, 0.9999999999999991100 ) ;
#2887 = DIRECTION ( 'NONE',  ( 0.0000000000000000000, 1.000000000000000000, 0.0000000000000000000 ) ) ;
#2888 = EDGE_CURVE ( 'NONE', #2978, #4402, #1051, .T. ) ;
#2889 = EDGE_LOOP ( 'NONE', ( #35, #1642, #1475, #4311 ) ) ;
#2890 = ORIENTED_EDGE ( 'NONE', *, *, #278, .F. ) ;
#2891 = AXIS2_PLACEMENT_3D ( 'NONE', #1852, #2101, #1641 ) ;
#2892 = MECHANICAL_DESIGN_GEOMETRIC_PRESENTATION_REPRESENTATION (  '', ( #2643 ), #713 ) ;
#2893 = AXIS2_PLACEMENT_3D ( 'NONE', #2934, #2451, #1984 ) ;
#2894 = COLOUR_RGB ( '',0.7921568627450980000, 0.8196078431372548800, 0.9333333333333333500 ) ;
#2895 = ADVANCED_FACE ( 'NONE', ( #22 ), #742, .T. ) ;
#2896 = MECHANICAL_DESIGN_GEOMETRIC_PRESENTATION_REPRESENTATION (  '', ( #2652 ), #3579 ) ;
#2897 =( NAMED_UNIT ( * ) SI_UNIT ( $, .STERADIAN. ) SOLID_ANGLE_UNIT ( ) );
#2898 = STYLED_ITEM ( 'NONE', ( #987 ), #191 ) ;
#2899 = ORIENTED_EDGE ( 'NONE', *, *, #3279, .F. ) ;
#2900 = DIRECTION ( 'NONE',  ( -0.1472821962041862600, 0.7071067809855756700, 0.6915981166584309600 ) ) ;
#2901 = CARTESIAN_POINT ( 'NONE',  ( 11.50000000000000700, 8.900000000000000400, 12.50000000000000000 ) ) ;
#2902 = PRESENTATION_LAYER_ASSIGNMENT (  '', '', ( #2785 ) ) ;
#2903 = CARTESIAN_POINT ( 'NONE',  ( 11.50000000000000000, 0.0000000000000000000, -4.999999999999997300 ) ) ;
#2904 = ORIENTED_EDGE ( 'NONE', *, *, #2918, .F. ) ;
#2905 = FACE_OUTER_BOUND ( 'NONE', #3112, .T. ) ;
#2906 = COLOUR_RGB ( '',1.000000000000000000, 1.000000000000000000, 1.000000000000000000 ) ;
#2907 = SURFACE_STYLE_FILL_AREA ( #3362 ) ;
#2908 = STYLED_ITEM ( 'NONE', ( #415 ), #3133 ) ;
#2909 = STYLED_ITEM ( 'NONE', ( #1966 ), #552 ) ;
#2910 = CARTESIAN_POINT ( 'NONE',  ( 11.50000000000000500, 10.50000000000000000, 12.50000000000000000 ) ) ;
#2911 = SURFACE_STYLE_FILL_AREA ( #3365 ) ;
#2912 = FILL_AREA_STYLE_COLOUR ( '', #1833 ) ;
#2913 = DIRECTION ( 'NONE',  ( 0.0000000000000000000, 0.0000000000000000000, 1.000000000000000000 ) ) ;
#2914 = VECTOR ( 'NONE', #3871, 1000.000000000000000 ) ;
#2915 = VERTEX_POINT ( 'NONE', #3528 ) ;
#2916 = CARTESIAN_POINT ( 'NONE',  ( -12.49999999999999600, 8.900000000000002100, 1.734723475976806700E-015 ) ) ;
#2917 = SURFACE_SIDE_STYLE ('',( #3372 ) ) ;
#2918 = EDGE_CURVE ( 'NONE', #3369, #2535, #3083, .T. ) ;
#2919 = EDGE_LOOP ( 'NONE', ( #280, #266, #3336, #4441 ) ) ;
#2920 = AXIS2_PLACEMENT_3D ( 'NONE', #2770, #2279, #1824 ) ;
#2921 = AXIS2_PLACEMENT_3D ( 'NONE', #3782, #3301, #2835 ) ;
#2922 = APPLICATION_PROTOCOL_DEFINITION ( 'draft international standard', 'automotive_design', 1998, #4199 ) ;
#2923 = SURFACE_STYLE_FILL_AREA ( #3377 ) ;
#2924 = FILL_AREA_STYLE_COLOUR ( '', #3042 ) ;
#2925 = CARTESIAN_POINT ( 'NONE',  ( 12.69999999999999900, 0.0000000000000000000, 4.500000000000005300 ) ) ;
#2926 = UNCERTAINTY_MEASURE_WITH_UNIT (LENGTH_MEASURE( 1.000000000000000100E-005 ), #2670, 'distance_accuracy_value', 'NONE');
#2927 = EDGE_LOOP ( 'NONE', ( #3632, #1720, #822 ) ) ;
#2928 = FILL_AREA_STYLE ('',( #3382 ) ) ;
#2929 = EDGE_CURVE ( 'NONE', #1919, #1484, #1189, .T. ) ;
#2930 = DIRECTION ( 'NONE',  ( 0.0000000000000000000, 0.0000000000000000000, 1.000000000000000000 ) ) ;
#2931 = AXIS2_PLACEMENT_3D ( 'NONE', #4116, #3639, #3187 ) ;
#2932 = DIRECTION ( 'NONE',  ( 0.9780674360120587000, 0.0000000000000000000, 0.2082884793088604100 ) ) ;
#2933 = DIRECTION ( 'NONE',  ( 0.0000000000000000000, 1.000000000000000000, 0.0000000000000000000 ) ) ;
#2934 = CARTESIAN_POINT ( 'NONE',  ( 10.15999999999999800, -3.499999999943150800, 10.16000000000000200 ) ) ;
#2935 = SURFACE_SIDE_STYLE ('',( #3389 ) ) ;
#2936 = AXIS2_PLACEMENT_3D ( 'NONE', #1113, #631, #155 ) ;
#2937 = PRESENTATION_LAYER_ASSIGNMENT (  '', '', ( #2812 ) ) ;
#2938 =( NAMED_UNIT ( * ) PLANE_ANGLE_UNIT ( ) SI_UNIT ( $, .RADIAN. ) );
#2939 = CARTESIAN_POINT ( 'NONE',  ( -10.15999999999999800, 0.0000000000000000000, 3.140000000000002300 ) ) ;
#2940 = FILL_AREA_STYLE ('',( #3393 ) ) ;
#2941 = DIRECTION ( 'NONE',  ( 0.0000000000000000000, 0.0000000000000000000, -1.000000000000000000 ) ) ;
#2942 = EDGE_CURVE ( 'NONE', #3196, #2402, #4366, .T. ) ;
#2943 = PRESENTATION_LAYER_ASSIGNMENT (  '', '', ( #2457 ) ) ;
#2944 = ORIENTED_EDGE ( 'NONE', *, *, #3165, .T. ) ;
#2945 =( GEOMETRIC_REPRESENTATION_CONTEXT ( 3 ) GLOBAL_UNCERTAINTY_ASSIGNED_CONTEXT ( ( #1167 ) ) GLOBAL_UNIT_ASSIGNED_CONTEXT ( ( #896, #4073, #2654 ) ) REPRESENTATION_CONTEXT ( 'NONE', 'WORKASPACE' ) );
#2946 =( LENGTH_UNIT ( ) NAMED_UNIT ( * ) SI_UNIT ( .MILLI., .METRE. ) );
#2947 = DIRECTION ( 'NONE',  ( 0.0000000000000000000, 0.0000000000000000000, -1.000000000000000000 ) ) ;
#2948 = DIRECTION ( 'NONE',  ( 0.9874413691408833200, 0.0000000000000000000, -0.1579858933866496500 ) ) ;
#2949 = SURFACE_SIDE_STYLE ('',( #3401 ) ) ;
#2950 = UNCERTAINTY_MEASURE_WITH_UNIT (LENGTH_MEASURE( 1.000000000000000100E-005 ), #3553, 'distance_accuracy_value', 'NONE');
#2951 = ORIENTED_EDGE ( 'NONE', *, *, #2569, .F. ) ;
#2952 = VECTOR ( 'NONE', #756, 1000.000000000000000 ) ;
#2953 =( BOUNDED_SURFACE ( )  B_SPLINE_SURFACE ( 3, 3, ( 
 ( #625, #150, #4288, #3823 ),
 ( #3335, #2877, #2394, #1923 ),
 ( #1461, #997, #503, #44 ),
 ( #4179, #3705, #3240, #2766 ) ),
 .UNSPECIFIED., .F., .F., .F. ) 
 B_SPLINE_SURFACE_WITH_KNOTS ( ( 4, 4 ),
 ( 4, 4 ),
 ( 0.0000000000000000000, 1.000000000000000000 ),
 ( 0.0000000000000000000, 1.000000000000000000 ),
 .UNSPECIFIED. ) 
 GEOMETRIC_REPRESENTATION_ITEM ( )  RATIONAL_B_SPLINE_SURFACE ( (
 ( 1.000000000000000000, 0.8047378541243639400, 0.8047378541243639400, 1.000000000000000000),
 ( 0.8047378541243649400, 0.6476030138606868600, 0.6476030138606868600, 0.8047378541243649400),
 ( 0.8047378541243649400, 0.6476030138606868600, 0.6476030138606868600, 0.8047378541243649400),
 ( 1.000000000000000000, 0.8047378541243639400, 0.8047378541243639400, 1.000000000000000000) ) ) 
 REPRESENTATION_ITEM ( '' )  SURFACE ( )  );
#2954 =( LENGTH_UNIT ( ) NAMED_UNIT ( * ) SI_UNIT ( .MILLI., .METRE. ) );
#2955 = SURFACE_STYLE_USAGE ( .BOTH. , #3405 ) ;
#2956 =( GEOMETRIC_REPRESENTATION_CONTEXT ( 3 ) GLOBAL_UNCERTAINTY_ASSIGNED_CONTEXT ( ( #2783 ) ) GLOBAL_UNIT_ASSIGNED_CONTEXT ( ( #2236, #849, #4027 ) ) REPRESENTATION_CONTEXT ( 'NONE', 'WORKASPACE' ) );
#2957 = ORIENTED_EDGE ( 'NONE', *, *, #2413, .T. ) ;
#2958 =( NAMED_UNIT ( * ) SI_UNIT ( $, .STERADIAN. ) SOLID_ANGLE_UNIT ( ) );
#2959 = CARTESIAN_POINT ( 'NONE',  ( 11.50000000000000700, 8.900000000000002100, 12.49999999999999800 ) ) ;
#2960 = DIRECTION ( 'NONE',  ( -1.000000000000000000, -0.0000000000000000000, -2.478176394252608900E-015 ) ) ;
#2961 = CARTESIAN_POINT ( 'NONE',  ( 12.50000000000000200, 0.5999999999999998700, -11.50000000000000000 ) ) ;
#2962 = FACE_OUTER_BOUND ( 'NONE', #989, .T. ) ;
#2963 =( GEOMETRIC_REPRESENTATION_CONTEXT ( 3 ) GLOBAL_UNCERTAINTY_ASSIGNED_CONTEXT ( ( #1674 ) ) GLOBAL_UNIT_ASSIGNED_CONTEXT ( ( #1234, #4413, #3012 ) ) REPRESENTATION_CONTEXT ( 'NONE', 'WORKASPACE' ) );
#2964 = UNCERTAINTY_MEASURE_WITH_UNIT (LENGTH_MEASURE( 1.000000000000000100E-005 ), #1069, 'distance_accuracy_value', 'NONE');
#2965 = FILL_AREA_STYLE_COLOUR ( '', #972 ) ;
#2966 = FACE_OUTER_BOUND ( 'NONE', #3817, .T. ) ;
#2967 = COLOUR_RGB ( '',1.000000000000000000, 1.000000000000000000, 1.000000000000000000 ) ;
#2968 =( NAMED_UNIT ( * ) PLANE_ANGLE_UNIT ( ) SI_UNIT ( $, .RADIAN. ) );
#2969 = ORIENTED_EDGE ( 'NONE', *, *, #816, .F. ) ;
#2970 = DIRECTION ( 'NONE',  ( -0.0000000000000000000, -0.0000000000000000000, 1.000000000000000000 ) ) ;
#2971 = ORIENTED_EDGE ( 'NONE', *, *, #2798, .F. ) ;
#2972 = CARTESIAN_POINT ( 'NONE',  ( -10.15999999999999800, -3.399999999999993200, -10.15999999999999800 ) ) ;
#2973 = DIRECTION ( 'NONE',  ( 0.0000000000000000000, 1.000000000000000000, 0.0000000000000000000 ) ) ;
#2974 = ORIENTED_EDGE ( 'NONE', *, *, #1263, .F. ) ;
#2975 =( NAMED_UNIT ( * ) PLANE_ANGLE_UNIT ( ) SI_UNIT ( $, .RADIAN. ) );
#2976 = PRESENTATION_LAYER_ASSIGNMENT (  '', '', ( #1780 ) ) ;
#2977 = DIRECTION ( 'NONE',  ( 0.0000000000000000000, 1.000000000000000000, 0.0000000000000000000 ) ) ;
#2978 = VERTEX_POINT ( 'NONE', #1657 ) ;
#2979 = DIRECTION ( 'NONE',  ( -1.000000000000000000, -0.0000000000000000000, 0.0000000000000000000 ) ) ;
#2980 = DIRECTION ( 'NONE',  ( 1.000000000000000000, -0.0000000000000000000, 9.912705577010424700E-015 ) ) ;
#2981 = PLANE ( 'NONE',  #2182 ) ;
#2982 = LINE ( 'NONE', #2490, #1404 ) ;
#2983 =( LENGTH_UNIT ( ) NAMED_UNIT ( * ) SI_UNIT ( .MILLI., .METRE. ) );
#2984 = COLOUR_RGB ( '',1.000000000000000000, 1.000000000000000000, 1.000000000000000000 ) ;
#2985 = ORIENTED_EDGE ( 'NONE', *, *, #1967, .F. ) ;
#2986 = UNCERTAINTY_MEASURE_WITH_UNIT (LENGTH_MEASURE( 1.000000000000000100E-005 ), #1259, 'distance_accuracy_value', 'NONE');
#2987 = DIRECTION ( 'NONE',  ( -0.0000000000000000000, 1.000000000000000000, 0.0000000000000000000 ) ) ;
#2988 = MECHANICAL_DESIGN_GEOMETRIC_PRESENTATION_REPRESENTATION (  '', ( #2731 ), #2963 ) ;
#2989 =( GEOMETRIC_REPRESENTATION_CONTEXT ( 3 ) GLOBAL_UNCERTAINTY_ASSIGNED_CONTEXT ( ( #1214 ) ) GLOBAL_UNIT_ASSIGNED_CONTEXT ( ( #2529, #1131, #4308 ) ) REPRESENTATION_CONTEXT ( 'NONE', 'WORKASPACE' ) );
#2990 = FILL_AREA_STYLE ('',( #3437 ) ) ;
#2991 = DIRECTION ( 'NONE',  ( 0.0000000000000000000, -1.000000000000000000, -0.0000000000000000000 ) ) ;
#2992 = VECTOR ( 'NONE', #3453, 1000.000000000000000 ) ;
#2993 = COLOUR_RGB ( '',0.7921568627450980000, 0.8196078431372548800, 0.9333333333333333500 ) ;
#2994 = SURFACE_STYLE_FILL_AREA ( #3441 ) ;
#2995 =( NAMED_UNIT ( * ) PLANE_ANGLE_UNIT ( ) SI_UNIT ( $, .RADIAN. ) );
#2996 = MECHANICAL_DESIGN_GEOMETRIC_PRESENTATION_REPRESENTATION (  '', ( #2739 ), #1805 ) ;
#2997 =( NAMED_UNIT ( * ) PLANE_ANGLE_UNIT ( ) SI_UNIT ( $, .RADIAN. ) );
#2998 = CARTESIAN_POINT ( 'NONE',  ( -12.49999999999999800, 0.5999999999999998700, -12.50000000000000000 ) ) ;
#2999 = VERTEX_POINT ( 'NONE', #2961 ) ;
#3000 = SURFACE_STYLE_USAGE ( .BOTH. , #3446 ) ;
#3001 = ORIENTED_EDGE ( 'NONE', *, *, #2658, .T. ) ;
#3002 = DIRECTION ( 'NONE',  ( 0.0000000000000000000, -1.000000000000000000, -0.0000000000000000000 ) ) ;
#3003 = VERTEX_POINT ( 'NONE', #2473 ) ;
#3004 = FILL_AREA_STYLE_COLOUR ( '', #2156 ) ;
#3005 = CARTESIAN_POINT ( 'NONE',  ( 0.0000000000000000000, 9.900000000000000400, 11.50000000000000200 ) ) ;
#3006 = CONICAL_SURFACE ( 'NONE', #768, 0.4999999999881765100, 0.7853981636816653700 ) ;
#3007 = CARTESIAN_POINT ( 'NONE',  ( 11.50000000000000700, 0.5999999999999998700, 12.50000000000000000 ) ) ;
#3008 = MECHANICAL_DESIGN_GEOMETRIC_PRESENTATION_REPRESENTATION (  '', ( #2150 ), #2750 ) ;
#3009 = DIRECTION ( 'NONE',  ( -0.0000000000000000000, -0.0000000000000000000, -1.000000000000000000 ) ) ;
#3010 = CARTESIAN_POINT ( 'NONE',  ( -11.50000000000000000, 8.900000000000002100, -12.50000000000000000 ) ) ;
#3011 =( GEOMETRIC_REPRESENTATION_CONTEXT ( 3 ) GLOBAL_UNCERTAINTY_ASSIGNED_CONTEXT ( ( #935 ) ) GLOBAL_UNIT_ASSIGNED_CONTEXT ( ( #343, #3530, #2116 ) ) REPRESENTATION_CONTEXT ( 'NONE', 'WORKASPACE' ) );
#3012 =( NAMED_UNIT ( * ) SI_UNIT ( $, .STERADIAN. ) SOLID_ANGLE_UNIT ( ) );
#3013 = PRESENTATION_LAYER_ASSIGNMENT (  '', '', ( #2874 ) ) ;
#3014 = ORIENTED_EDGE ( 'NONE', *, *, #4507, .F. ) ;
#3015 = COLOUR_RGB ( '',0.7921568627450980000, 0.8196078431372548800, 0.9333333333333333500 ) ;
#3016 = DIRECTION ( 'NONE',  ( 0.0000000000000000000, 1.000000000000000000, 0.0000000000000000000 ) ) ;
#3017 = VECTOR ( 'NONE', #2568, 1000.000000000000000 ) ;
#3018 = SURFACE_STYLE_USAGE ( .BOTH. , #3469 ) ;
#3019 = ORIENTED_EDGE ( 'NONE', *, *, #1346, .F. ) ;
#3020 = CARTESIAN_POINT ( 'NONE',  ( 10.15999999999999800, 0.0000000000000000000, 10.76000000000000300 ) ) ;
#3021 = AXIS2_PLACEMENT_3D ( 'NONE', #4234, #3760, #3283 ) ;
#3022 = EDGE_CURVE ( 'NONE', #4289, #4353, #2005, .T. ) ;
#3023 = ORIENTED_EDGE ( 'NONE', *, *, #259, .T. ) ;
#3024 = CARTESIAN_POINT ( 'NONE',  ( 12.50000000000000400, 8.900000000000002100, -1.734723475976807500E-015 ) ) ;
#3025 = CIRCLE ( 'NONE', #3310, 0.5000000000000001100 ) ;
#3026 = EDGE_LOOP ( 'NONE', ( #3049, #481, #1697, #1326 ) ) ;
#3027 = CARTESIAN_POINT ( 'NONE',  ( 12.50000000000000500, 10.50000000000000000, 11.50000000000000000 ) ) ;
#3028 = ADVANCED_FACE ( 'NONE', ( #2388 ), #1570, .T. ) ;
#3029 = FILL_AREA_STYLE ('',( #3480 ) ) ;
#3030 = FACE_BOUND ( 'NONE', #2844, .T. ) ;
#3031 = LINE ( 'NONE', #2541, #344 ) ;
#3032 = DIRECTION ( 'NONE',  ( -0.1579858933866498900, 0.0000000000000000000, -0.9874413691408832100 ) ) ;
#3033 = PLANE ( 'NONE',  #4493 ) ;
#3034 = DIRECTION ( 'NONE',  ( -0.1117128965772656000, 0.7071067809855756700, -0.6982264883420953300 ) ) ;
#3035 = MECHANICAL_DESIGN_GEOMETRIC_PRESENTATION_REPRESENTATION (  '', ( #2785 ), #3636 ) ;
#3036 = SURFACE_STYLE_FILL_AREA ( #3486 ) ;
#3037 = ORIENTED_EDGE ( 'NONE', *, *, #1005, .F. ) ;
#3038 = DIRECTION ( 'NONE',  ( -2.822835272196299300E-018, 1.000000000000000000, 1.325528548733347100E-017 ) ) ;
#3039 =( NAMED_UNIT ( * ) SI_UNIT ( $, .STERADIAN. ) SOLID_ANGLE_UNIT ( ) );
#3040 = FACE_BOUND ( 'NONE', #1846, .T. ) ;
#3041 = PRESENTATION_LAYER_ASSIGNMENT (  '', '', ( #2908 ) ) ;
#3042 = COLOUR_RGB ( '',0.7921568627450980000, 0.8196078431372548800, 0.9333333333333333500 ) ;
#3043 = PRESENTATION_LAYER_ASSIGNMENT (  '', '', ( #2909 ) ) ;
#3044 = EDGE_CURVE ( 'NONE', #1405, #3452, #523, .T. ) ;
#3045 = ORIENTED_EDGE ( 'NONE', *, *, #1014, .T. ) ;
#3046 =( GEOMETRIC_REPRESENTATION_CONTEXT ( 3 ) GLOBAL_UNCERTAINTY_ASSIGNED_CONTEXT ( ( #2234 ) ) GLOBAL_UNIT_ASSIGNED_CONTEXT ( ( #4341, #2938, #1516 ) ) REPRESENTATION_CONTEXT ( 'NONE', 'WORKASPACE' ) );
#3047 = CARTESIAN_POINT ( 'NONE',  ( 12.69999999999999900, 0.0000000000000000000, -12.69999999999999900 ) ) ;
#3048 = DIRECTION ( 'NONE',  ( 0.0000000000000000000, -1.000000000000000000, 0.0000000000000000000 ) ) ;
#3049 = ORIENTED_EDGE ( 'NONE', *, *, #3749, .F. ) ;
#3050 = DIRECTION ( 'NONE',  ( 0.0000000000000000000, 1.000000000000000000, 0.0000000000000000000 ) ) ;
#3051 = CIRCLE ( 'NONE', #145, 0.4999999999770361500 ) ;
#3052 = PRESENTATION_LAYER_ASSIGNMENT (  '', '', ( #1845 ) ) ;
#3053 = STYLED_ITEM ( 'NONE', ( #2238 ), #3884 ) ;
#3054 = EDGE_CURVE ( 'NONE', #4406, #4289, #3108, .T. ) ;
#3055 = FILL_AREA_STYLE_COLOUR ( '', #373 ) ;
#3056 = DIRECTION ( 'NONE',  ( 1.000000000000000000, -0.0000000000000000000, -0.0000000000000000000 ) ) ;
#3057 = CARTESIAN_POINT ( 'NONE',  ( 11.50000000000000200, 0.5999999999999998700, -12.50000000000000000 ) ) ;
#3058 = EDGE_CURVE ( 'NONE', #2797, #4101, #1948, .T. ) ;
#3059 = PRESENTATION_LAYER_ASSIGNMENT (  '', '', ( #1266 ) ) ;
#3060 = DIRECTION ( 'NONE',  ( -1.000000000000000000, -0.0000000000000000000, -0.0000000000000000000 ) ) ;
#3061 = FILL_AREA_STYLE ('',( #3992 ) ) ;
#3062 = PRESENTATION_STYLE_ASSIGNMENT (( #3508 ) ) ;
#3063 = CARTESIAN_POINT ( 'NONE',  ( 12.69999999999999900, 0.0000000000000000000, -12.69999999999999900 ) ) ;
#3064 =( NAMED_UNIT ( * ) SI_UNIT ( $, .STERADIAN. ) SOLID_ANGLE_UNIT ( ) );
#3065 = CARTESIAN_POINT ( 'NONE',  ( 0.0000000000000000000, 8.900000000000002100, -12.50000000000000000 ) ) ;
#3066 = COLOUR_RGB ( '',1.000000000000000000, 1.000000000000000000, 1.000000000000000000 ) ;
#3067 = VERTEX_POINT ( 'NONE', #4395 ) ;
#3068 =( GEOMETRIC_REPRESENTATION_CONTEXT ( 3 ) GLOBAL_UNCERTAINTY_ASSIGNED_CONTEXT ( ( #1560 ) ) GLOBAL_UNIT_ASSIGNED_CONTEXT ( ( #456, #3659, #2226 ) ) REPRESENTATION_CONTEXT ( 'NONE', 'WORKASPACE' ) );
#3069 = LINE ( 'NONE', #2571, #3862 ) ;
#3070 =( NAMED_UNIT ( * ) PLANE_ANGLE_UNIT ( ) SI_UNIT ( $, .RADIAN. ) );
#3071 = ADVANCED_FACE ( 'NONE', ( #3949 ), #3716, .T. ) ;
#3072 = VECTOR ( 'NONE', #1578, 1000.000000000000000 ) ;
#3073 = MECHANICAL_DESIGN_GEOMETRIC_PRESENTATION_REPRESENTATION (  '', ( #2812 ), #3046 ) ;
#3074 = ORIENTED_EDGE ( 'NONE', *, *, #4204, .T. ) ;
#3075 = EDGE_CURVE ( 'NONE', #1304, #168, #3696, .T. ) ;
#3076 = MECHANICAL_DESIGN_GEOMETRIC_PRESENTATION_REPRESENTATION (  '', ( #2457 ), #979 ) ;
#3077 = LINE ( 'NONE', #2580, #1043 ) ;
#3078 = LINE ( 'NONE', #2581, #451 ) ;
#3079 = ORIENTED_EDGE ( 'NONE', *, *, #3022, .T. ) ;
#3080 = SURFACE_STYLE_USAGE ( .BOTH. , #3525 ) ;
#3081 = CARTESIAN_POINT ( 'NONE',  ( 12.50000000000000500, 9.485786437631114500, 11.84314575050377400 ) ) ;
#3082 = DIRECTION ( 'NONE',  ( -0.0000000000000000000, -1.000000000000000000, -0.0000000000000000000 ) ) ;
#3083 = LINE ( 'NONE', #2586, #1914 ) ;
#3084 = EDGE_CURVE ( 'NONE', #3573, #220, #3359, .T. ) ;
#3085 = FILL_AREA_STYLE ('',( #3531 ) ) ;
#3086 = ORIENTED_EDGE ( 'NONE', *, *, #3599, .T. ) ;
#3087 = DIRECTION ( 'NONE',  ( 0.0000000000000000000, -1.000000000000000000, -0.0000000000000000000 ) ) ;
#3088 = DIRECTION ( 'NONE',  ( 0.0000000000000000000, -1.000000000000000000, -0.0000000000000000000 ) ) ;
#3089 = UNCERTAINTY_MEASURE_WITH_UNIT (LENGTH_MEASURE( 1.000000000000000100E-005 ), #2954, 'distance_accuracy_value', 'NONE');
#3090 = VECTOR ( 'NONE', #887, 1000.000000000000000 ) ;
#3091 = EDGE_LOOP ( 'NONE', ( #4377, #1596, #4127, #1029 ) ) ;
#3092 = DIRECTION ( 'NONE',  ( 1.000000000000000000, -0.0000000000000000000, 2.478176394252608900E-015 ) ) ;
#3093 = FILL_AREA_STYLE ('',( #3540 ) ) ;
#3094 = CARTESIAN_POINT ( 'NONE',  ( -12.69999999999999900, 0.0000000000000000000, 4.500000000000005300 ) ) ;
#3095 = AXIS2_PLACEMENT_3D ( 'NONE', #3466, #3016, #2523 ) ;
#3096 = ORIENTED_EDGE ( 'NONE', *, *, #3390, .T. ) ;
#3097 =( NAMED_UNIT ( * ) SI_UNIT ( $, .STERADIAN. ) SOLID_ANGLE_UNIT ( ) );
#3098 = CARTESIAN_POINT ( 'NONE',  ( 9.670966281993969500, -3.399999999999993200, -0.1041442396544263500 ) ) ;
#3099 = LINE ( 'NONE', #1205, #1832 ) ;
#3100 = DIRECTION ( 'NONE',  ( 0.0000000000000000000, 1.000000000000000000, 0.0000000000000000000 ) ) ;
#3101 = EDGE_CURVE ( 'NONE', #3833, #4380, #176, .T. ) ;
#3102 = CARTESIAN_POINT ( 'NONE',  ( -11.49999999999999600, 10.50000000000000000, 11.50000000000000200 ) ) ;
#3103 = EDGE_LOOP ( 'NONE', ( #78, #4228, #2872, #3867 ) ) ;
#3104 = MECHANICAL_DESIGN_GEOMETRIC_PRESENTATION_REPRESENTATION (  '', ( #1780 ), #1968 ) ;
#3105 = COLOUR_RGB ( '',0.7921568627450980000, 0.8196078431372548800, 0.9333333333333333500 ) ;
#3106 = EDGE_CURVE ( 'NONE', #3345, #1432, #3583, .T. ) ;
#3107 = EDGE_CURVE ( 'NONE', #4014, #4353, #2161, .T. ) ;
#3108 = LINE ( 'NONE', #2611, #4063 ) ;
#3109 = FILL_AREA_STYLE ('',( #3555 ) ) ;
#3110 = FILL_AREA_STYLE ('',( #3556 ) ) ;
#3111 = COLOUR_RGB ( '',0.7921568627450980000, 0.8196078431372548800, 0.9333333333333333500 ) ;
#3112 = EDGE_LOOP ( 'NONE', ( #730, #1672, #4202, #2846, #460 ) ) ;
#3113 = STYLED_ITEM ( 'NONE', ( #153 ), #982 ) ;
#3114 = EDGE_LOOP ( 'NONE', ( #3180, #263, #197, #3130, #4038 ) ) ;
#3115 = CARTESIAN_POINT ( 'NONE',  ( 10.15999999999999800, 0.5999999999999998700, -0.5999999999999998700 ) ) ;
#3116 = PRESENTATION_STYLE_ASSIGNMENT (( #3562 ) ) ;
#3117 = ORIENTED_EDGE ( 'NONE', *, *, #261, .T. ) ;
#3118 =( NAMED_UNIT ( * ) SI_UNIT ( $, .STERADIAN. ) SOLID_ANGLE_UNIT ( ) );
#3119 = DIRECTION ( 'NONE',  ( 0.9780674360120614800, 0.0000000000000000000, 0.2082884793088472800 ) ) ;
#3120 = ADVANCED_FACE ( 'NONE', ( #4185 ), #1940, .F. ) ;
#3121 = DIRECTION ( 'NONE',  ( -2.822835272196299300E-018, 1.000000000000000000, 1.325528548733347100E-017 ) ) ;
#3122 = EDGE_CURVE ( 'NONE', #842, #3559, #62, .T. ) ;
#3123 = DIRECTION ( 'NONE',  ( 0.0000000000000000000, 1.000000000000000000, 0.0000000000000000000 ) ) ;
#3124 = UNCERTAINTY_MEASURE_WITH_UNIT (LENGTH_MEASURE( 1.000000000000000100E-005 ), #302, 'distance_accuracy_value', 'NONE');
#3125 = SURFACE_SIDE_STYLE ('',( #3568 ) ) ;
#3126 = CARTESIAN_POINT ( 'NONE',  ( -10.15999999999999800, -3.399999999999993200, -10.15999999999999800 ) ) ;
#3127 = SURFACE_STYLE_USAGE ( .BOTH. , #3570 ) ;
#3128 = FACE_OUTER_BOUND ( 'NONE', #1385, .T. ) ;
#3129 = COLOUR_RGB ( '',0.7921568627450980000, 0.8196078431372548800, 0.9333333333333333500 ) ;
#3130 = ORIENTED_EDGE ( 'NONE', *, *, #1974, .F. ) ;
#3131 = VERTEX_POINT ( 'NONE', #2788 ) ;
#3132 = VECTOR ( 'NONE', #1695, 1000.000000000000000 ) ;
#3133 = ADVANCED_FACE ( 'NONE', ( #2421 ), #3497, .T. ) ;
#3135 = MECHANICAL_DESIGN_GEOMETRIC_PRESENTATION_REPRESENTATION (  '', ( #2874 ), #2578 ) ;
#3134 = PRESENTATION_STYLE_ASSIGNMENT (( #3576 ) ) ;
#3136 = EDGE_CURVE ( 'NONE', #2141, #1591, #2300, .T. ) ;
#3137 = LINE ( 'NONE', #2636, #1097 ) ;
#3138 = CARTESIAN_POINT ( 'NONE',  ( 12.69999999999999900, 0.0000000000000000000, -4.499999999999997300 ) ) ;
#3139 = DIRECTION ( 'NONE',  ( 0.0000000000000000000, 1.000000000000000000, 0.0000000000000000000 ) ) ;
#3140 = VERTEX_POINT ( 'NONE', #4327 ) ;
#3141 = DIRECTION ( 'NONE',  ( 0.0000000000000000000, -1.000000000000000000, -0.0000000000000000000 ) ) ;
#3142 = ORIENTED_EDGE ( 'NONE', *, *, #2370, .T. ) ;
#3143 = EDGE_CURVE ( 'NONE', #3131, #1575, #4078, .T. ) ;
#3144 = ORIENTED_EDGE ( 'NONE', *, *, #892, .T. ) ;
#3145 = CIRCLE ( 'NONE', #576, 0.5000000000000000000 ) ;
#3146 = STYLED_ITEM ( 'NONE', ( #1899 ), #3717 ) ;
#3147 = FILL_AREA_STYLE_COLOUR ( '', #837 ) ;
#3148 = EDGE_LOOP ( 'NONE', ( #2235, #3955, #4012 ) ) ;
#3149 = DIRECTION ( 'NONE',  ( -0.0000000000000000000, -1.000000000000000000, -0.0000000000000000000 ) ) ;
#3150 = SURFACE_STYLE_FILL_AREA ( #3596 ) ;
#3151 = CARTESIAN_POINT ( 'NONE',  ( 12.69999999999999900, 0.0000000000000000000, 12.70000000000000300 ) ) ;
#3152 = PRESENTATION_LAYER_ASSIGNMENT (  '', '', ( #3351 ) ) ;
#3153 =( LENGTH_UNIT ( ) NAMED_UNIT ( * ) SI_UNIT ( .MILLI., .METRE. ) );
#3154 = CARTESIAN_POINT ( 'NONE',  ( -11.99999999997703500, 0.0000000000000000000, 4.999999999977040600 ) ) ;
#3155 = EDGE_CURVE ( 'NONE', #3067, #620, #2440, .T. ) ;
#3156 = EDGE_LOOP ( 'NONE', ( #4247, #1289 ) ) ;
#3157 = SURFACE_STYLE_USAGE ( .BOTH. , #3602 ) ;
#3158 = ADVANCED_FACE ( 'NONE', ( #3614, #4325 ), #2209, .F. ) ;
#3159 = FACE_OUTER_BOUND ( 'NONE', #1690, .T. ) ;
#3160 = APPLICATION_CONTEXT ( 'automotive_design' ) ;
#3161 = FACE_OUTER_BOUND ( 'NONE', #2733, .T. ) ;
#3162 = PRESENTATION_STYLE_ASSIGNMENT (( #3605 ) ) ;
#3163 = SURFACE_SIDE_STYLE ('',( #3606 ) ) ;
#3164 = MECHANICAL_DESIGN_GEOMETRIC_PRESENTATION_REPRESENTATION (  '', ( #2908 ), #1181 ) ;
#3165 = EDGE_CURVE ( 'NONE', #421, #3653, #336, .T. ) ;
#3166 = MECHANICAL_DESIGN_GEOMETRIC_PRESENTATION_REPRESENTATION (  '', ( #2909 ), #2445 ) ;
#3167 = EDGE_LOOP ( 'NONE', ( #269, #368, #4445, #3307 ) ) ;
#3168 = CARTESIAN_POINT ( 'NONE',  ( 0.0000000000000000000, 0.5999999999999998700, 0.0000000000000000000 ) ) ;
#3169 =( NAMED_UNIT ( * ) SI_UNIT ( $, .STERADIAN. ) SOLID_ANGLE_UNIT ( ) );
#3170 = ORIENTED_EDGE ( 'NONE', *, *, #1853, .F. ) ;
#3171 = SURFACE_SIDE_STYLE ('',( #3620 ) ) ;
#3172 = LINE ( 'NONE', #2675, #1521 ) ;
#3173 = EDGE_CURVE ( 'NONE', #3345, #1763, #3077, .T. ) ;
#3174 = MECHANICAL_DESIGN_GEOMETRIC_PRESENTATION_REPRESENTATION (  '', ( #1845 ), #3430 ) ;
#3175 = LINE ( 'NONE', #2676, #2452 ) ;
#3176 = DIRECTION ( 'NONE',  ( -1.000000000000000000, 0.0000000000000000000, 1.387778780781446200E-016 ) ) ;
#3177 = VECTOR ( 'NONE', #957, 1000.000000000000000 ) ;
#3178 = SURFACE_STYLE_USAGE ( .BOTH. , #3625 ) ;
#3179 = LINE ( 'NONE', #2680, #2275 ) ;
#3180 = ORIENTED_EDGE ( 'NONE', *, *, #2929, .F. ) ;
#3181 = FILL_AREA_STYLE ('',( #3629 ) ) ;
#3182 = MECHANICAL_DESIGN_GEOMETRIC_PRESENTATION_REPRESENTATION (  '', ( #1266 ), #3650 ) ;
#3183 = ORIENTED_EDGE ( 'NONE', *, *, #60, .T. ) ;
#3184 = ADVANCED_FACE ( 'NONE', ( #804 ), #2831, .T. ) ;
#3185 = FACE_OUTER_BOUND ( 'NONE', #4086, .T. ) ;
#3186 = VERTEX_POINT ( 'NONE', #952 ) ;
#3187 = DIRECTION ( 'NONE',  ( 0.0000000000000000000, -0.0000000000000000000, 1.000000000000000000 ) ) ;
#3188 = UNCERTAINTY_MEASURE_WITH_UNIT (LENGTH_MEASURE( 1.000000000000000100E-005 ), #1696, 'distance_accuracy_value', 'NONE');
#3189 =( GEOMETRIC_REPRESENTATION_CONTEXT ( 3 ) GLOBAL_UNCERTAINTY_ASSIGNED_CONTEXT ( ( #2410 ) ) GLOBAL_UNIT_ASSIGNED_CONTEXT ( ( #2061, #649, #3841 ) ) REPRESENTATION_CONTEXT ( 'NONE', 'WORKASPACE' ) );
#3190 =( LENGTH_UNIT ( ) NAMED_UNIT ( * ) SI_UNIT ( .MILLI., .METRE. ) );
#3191 = SURFACE_STYLE_FILL_AREA ( #3646 ) ;
#3192 = CARTESIAN_POINT ( 'NONE',  ( -10.65372068457044100, -3.399999999999993200, -2.461007053306672400 ) ) ;
#3193 = VECTOR ( 'NONE', #3009, 1000.000000000000000 ) ;
#3194 = PRESENTATION_STYLE_ASSIGNMENT (( #3649 ) ) ;
#3195 = DIRECTION ( 'NONE',  ( 0.0000000000000000000, 1.000000000000000000, 0.0000000000000000000 ) ) ;
#3196 = VERTEX_POINT ( 'NONE', #461 ) ;
#3197 = CARTESIAN_POINT ( 'NONE',  ( -11.99999999997703300, 0.0000000000000000000, 7.000000000022969200 ) ) ;
#3198 = DIRECTION ( 'NONE',  ( 0.0000000000000000000, 0.0000000000000000000, 1.000000000000000000 ) ) ;
#3199 = ORIENTED_EDGE ( 'NONE', *, *, #2287, .F. ) ;
#3200 = SURFACE_STYLE_USAGE ( .BOTH. , #3658 ) ;
#3201 = PLANE ( 'NONE',  #2631 ) ;
#3202 = CARTESIAN_POINT ( 'NONE',  ( -12.49999999999999800, 0.5999999999999998700, -11.50000000000000200 ) ) ;
#3203 = UNCERTAINTY_MEASURE_WITH_UNIT (LENGTH_MEASURE( 1.000000000000000100E-005 ), #3601, 'distance_accuracy_value', 'NONE');
#3204 = FACE_OUTER_BOUND ( 'NONE', #170, .T. ) ;
#3205 = ORIENTED_EDGE ( 'NONE', *, *, #908, .F. ) ;
#3206 = CYLINDRICAL_SURFACE ( 'NONE', #3095, 0.4999999999770361500 ) ;
#3207 = SURFACE_SIDE_STYLE ('',( #3665 ) ) ;
#3208 = ORIENTED_EDGE ( 'NONE', *, *, #2942, .T. ) ;
#3209 = CARTESIAN_POINT ( 'NONE',  ( -12.69999999999999900, 0.5999999999999999800, -7.500000000000000000 ) ) ;
#3210 = SURFACE_SIDE_STYLE ('',( #3669 ) ) ;
#3211 =( NAMED_UNIT ( * ) SI_UNIT ( $, .STERADIAN. ) SOLID_ANGLE_UNIT ( ) );
#3212 = FACE_OUTER_BOUND ( 'NONE', #1969, .T. ) ;
#3213 = DIRECTION ( 'NONE',  ( 0.0000000000000000000, -1.000000000000000000, 0.0000000000000000000 ) ) ;
#3214 = SURFACE_SIDE_STYLE ('',( #3672 ) ) ;
#3215 = SURFACE_SIDE_STYLE ('',( #3675 ) ) ;
#3216 = ORIENTED_EDGE ( 'NONE', *, *, #4072, .T. ) ;
#3217 = ORIENTED_EDGE ( 'NONE', *, *, #1381, .T. ) ;
#3218 = ORIENTED_EDGE ( 'NONE', *, *, #1168, .T. ) ;
#3219 = SURFACE_STYLE_USAGE ( .BOTH. , #3681 ) ;
#3220 = CARTESIAN_POINT ( 'NONE',  ( -12.49999999999999600, 8.900000000000002100, 12.08578643762690800 ) ) ;
#3221 = ORIENTED_EDGE ( 'NONE', *, *, #1756, .T. ) ;
#3222 = CARTESIAN_POINT ( 'NONE',  ( -11.99999999997703300, 0.5999999999999999800, 7.000000000022969200 ) ) ;
#3223 = DIRECTION ( 'NONE',  ( 1.000000000000000000, -0.0000000000000000000, -0.0000000000000000000 ) ) ;
#3224 = CARTESIAN_POINT ( 'NONE',  ( 11.50000000000000700, 0.5999999999999998700, 11.50000000000000000 ) ) ;
#3225 = PRESENTATION_LAYER_ASSIGNMENT (  '', '', ( #3113 ) ) ;
#3226 = ORIENTED_EDGE ( 'NONE', *, *, #2312, .F. ) ;
#3227 = CIRCLE ( 'NONE', #294, 0.9999999999999991100 ) ;
#3228 = UNCERTAINTY_MEASURE_WITH_UNIT (LENGTH_MEASURE( 1.000000000000000100E-005 ), #2738, 'distance_accuracy_value', 'NONE');
#3229 = PRESENTATION_LAYER_ASSIGNMENT (  '', '', ( #2624 ) ) ;
#3230 = CARTESIAN_POINT ( 'NONE',  ( 11.50000000000000700, 8.900000000000000400, 11.50000000000000400 ) ) ;
#3231 = DIRECTION ( 'NONE',  ( 1.000000000000000000, 0.0000000000000000000, -0.0000000000000000000 ) ) ;
#3232 = CARTESIAN_POINT ( 'NONE',  ( 10.15999999999999800, 0.0000000000000000000, -9.559999999999996900 ) ) ;
#3233 = AXIS2_PLACEMENT_3D ( 'NONE', #886, #1009, #514 ) ;
#3234 = COLOUR_RGB ( '',1.000000000000000000, 1.000000000000000000, 1.000000000000000000 ) ;
#3235 = ORIENTED_EDGE ( 'NONE', *, *, #85, .F. ) ;
#3236 = SURFACE_STYLE_FILL_AREA ( #3698 ) ;
#3237 = ORIENTED_EDGE ( 'NONE', *, *, #1355, .T. ) ;
#3238 = SURFACE_STYLE_FILL_AREA ( #3702 ) ;
#3239 = ORIENTED_EDGE ( 'NONE', *, *, #3349, .F. ) ;
#3240 = CARTESIAN_POINT ( 'NONE',  ( 11.50000000000000400, 9.900000000000005700, -12.08578643762690400 ) ) ;
#3241 = ORIENTED_EDGE ( 'NONE', *, *, #3122, .T. ) ;
#3242 = CARTESIAN_POINT ( 'NONE',  ( -10.15999999999999800, -3.400000000025096300, -2.539999999999996900 ) ) ;
#3243 =( LENGTH_UNIT ( ) NAMED_UNIT ( * ) SI_UNIT ( .MILLI., .METRE. ) );
#3244 = DIRECTION ( 'NONE',  ( 1.000000000000000000, 0.0000000000000000000, 0.0000000000000000000 ) ) ;
#3245 = SURFACE_SIDE_STYLE ('',( #3710 ) ) ;
#3246 = COLOUR_RGB ( '',0.7921568627450980000, 0.8196078431372548800, 0.9333333333333333500 ) ;
#3247 =( LENGTH_UNIT ( ) NAMED_UNIT ( * ) SI_UNIT ( .MILLI., .METRE. ) );
#3248 = ADVANCED_FACE ( 'NONE', ( #518, #4217 ), #734, .F. ) ;
#3249 = ORIENTED_EDGE ( 'NONE', *, *, #2815, .F. ) ;
#3250 = FILL_AREA_STYLE_COLOUR ( '', #4049 ) ;
#3251 = CARTESIAN_POINT ( 'NONE',  ( -11.49999999999999600, 0.5999999999999998700, 11.50000000000000200 ) ) ;
#3252 = AXIS2_PLACEMENT_3D ( 'NONE', #1409, #443, #4586 ) ;
#3253 = COLOUR_RGB ( '',0.7921568627450980000, 0.8196078431372548800, 0.9333333333333333500 ) ;
#3254 = CARTESIAN_POINT ( 'NONE',  ( -10.15999999999999800, 0.5999999999999998700, -10.15999999999999800 ) ) ;
#3255 = PRESENTATION_LAYER_ASSIGNMENT (  '', '', ( #2898 ) ) ;
#3256 = EDGE_CURVE ( 'NONE', #3845, #3999, #3731, .T. ) ;
#3257 = FILL_AREA_STYLE_COLOUR ( '', #1609 ) ;
#3258 = DIRECTION ( 'NONE',  ( 0.9874413691408835400, 0.0000000000000000000, -0.1579858933866479500 ) ) ;
#3259 = EDGE_CURVE ( 'NONE', #3628, #2763, #1561, .T. ) ;
#3260 = ORIENTED_EDGE ( 'NONE', *, *, #3155, .F. ) ;
#3261 = LINE ( 'NONE', #2792, #2693 ) ;
#3262 = FACE_OUTER_BOUND ( 'NONE', #4305, .T. ) ;
#3263 = AXIS2_PLACEMENT_3D ( 'NONE', #780, #305, #4437 ) ;
#3264 = CARTESIAN_POINT ( 'NONE',  ( -11.99999999997703500, 0.0000000000000000000, -7.000000000022956700 ) ) ;
#3265 = PRESENTATION_STYLE_ASSIGNMENT (( #3730 ) ) ;
#3266 = SURFACE_STYLE_USAGE ( .BOTH. , #3732 ) ;
#3267 = VERTEX_POINT ( 'NONE', #139 ) ;
#3268 =( NAMED_UNIT ( * ) PLANE_ANGLE_UNIT ( ) SI_UNIT ( $, .RADIAN. ) );
#3269 = UNCERTAINTY_MEASURE_WITH_UNIT (LENGTH_MEASURE( 1.000000000000000100E-005 ), #3830, 'distance_accuracy_value', 'NONE');
#3270 = PRESENTATION_STYLE_ASSIGNMENT (( #3738 ) ) ;
#3271 =( NAMED_UNIT ( * ) PLANE_ANGLE_UNIT ( ) SI_UNIT ( $, .RADIAN. ) );
#3272 = FILL_AREA_STYLE_COLOUR ( '', #759 ) ;
#3273 = CARTESIAN_POINT ( 'NONE',  ( -10.15999999999999800, 0.5999999999999998700, -10.15999999999999800 ) ) ;
#3274 = ORIENTED_EDGE ( 'NONE', *, *, #655, .T. ) ;
#3275 = EDGE_CURVE ( 'NONE', #2856, #129, #2031, .T. ) ;
#3276 = ORIENTED_EDGE ( 'NONE', *, *, #3488, .T. ) ;
#3277 = PRESENTATION_STYLE_ASSIGNMENT (( #3751 ) ) ;
#3278 = ORIENTED_EDGE ( 'NONE', *, *, #3758, .F. ) ;
#3279 = EDGE_CURVE ( 'NONE', #3324, #3704, #3326, .T. ) ;
#3280 = PRESENTATION_STYLE_ASSIGNMENT (( #3754 ) ) ;
#3281 = SURFACE_STYLE_FILL_AREA ( #3757 ) ;
#3282 = DIRECTION ( 'NONE',  ( 0.0000000000000000000, 1.000000000000000000, 0.0000000000000000000 ) ) ;
#3283 = DIRECTION ( 'NONE',  ( 0.0000000000000000000, 0.0000000000000000000, -1.000000000000000000 ) ) ;
#3284 = STYLED_ITEM ( 'NONE', ( #48 ), #2662 ) ;
#3285 = DIRECTION ( 'NONE',  ( 0.0000000000000000000, 0.0000000000000000000, 1.000000000000000000 ) ) ;
#3286 = DIRECTION ( 'NONE',  ( 0.0000000000000000000, 0.0000000000000000000, -1.000000000000000000 ) ) ;
#3287 = ORIENTED_EDGE ( 'NONE', *, *, #2301, .T. ) ;
#3288 =( LENGTH_UNIT ( ) NAMED_UNIT ( * ) SI_UNIT ( .MILLI., .METRE. ) );
#3289 = DIRECTION ( 'NONE',  ( -0.1579858933866498900, 0.0000000000000000000, -0.9874413691408832100 ) ) ;
#3290 = ORIENTED_EDGE ( 'NONE', *, *, #4158, .F. ) ;
#3291 = SURFACE_STYLE_FILL_AREA ( #3773 ) ;
#3292 =( LENGTH_UNIT ( ) NAMED_UNIT ( * ) SI_UNIT ( .MILLI., .METRE. ) );
#3293 = AXIS2_PLACEMENT_3D ( 'NONE', #3709, #3244, #2772 ) ;
#3294 = ORIENTED_EDGE ( 'NONE', *, *, #1007, .T. ) ;
#3295 = STYLED_ITEM ( 'NONE', ( #2679 ), #4112 ) ;
#3296 =( GEOMETRIC_REPRESENTATION_CONTEXT ( 3 ) GLOBAL_UNCERTAINTY_ASSIGNED_CONTEXT ( ( #3616 ) ) GLOBAL_UNIT_ASSIGNED_CONTEXT ( ( #2376, #976, #4156 ) ) REPRESENTATION_CONTEXT ( 'NONE', 'WORKASPACE' ) );
#3297 = STYLED_ITEM ( 'NONE', ( #774 ), #1590 ) ;
#3298 = EDGE_LOOP ( 'NONE', ( #3287, #2436 ) ) ;
#3299 = DIRECTION ( 'NONE',  ( 0.0000000000000000000, 1.000000000000000000, 0.0000000000000000000 ) ) ;
#3300 = CARTESIAN_POINT ( 'NONE',  ( 10.08100705330854300, -3.400000000025096300, 9.666279315441235200 ) ) ;
#3301 = DIRECTION ( 'NONE',  ( 1.000000000000000000, 0.0000000000000000000, 0.0000000000000000000 ) ) ;
#3302 = PRESENTATION_LAYER_ASSIGNMENT (  '', '', ( #2000 ) ) ;
#3303 = SURFACE_STYLE_USAGE ( .BOTH. , #3783 ) ;
#3304 = CARTESIAN_POINT ( 'NONE',  ( -10.15999999999999800, 0.5999999999999998700, -2.539999999999996900 ) ) ;
#3305 = CIRCLE ( 'NONE', #3521, 0.4999999999770361500 ) ;
#3306 = DIRECTION ( 'NONE',  ( 0.0000000000000000000, 1.000000000000000000, 0.0000000000000000000 ) ) ;
#3307 = ORIENTED_EDGE ( 'NONE', *, *, #3496, .T. ) ;
#3308 = CARTESIAN_POINT ( 'NONE',  ( -10.65372068457044100, 9.200000000000004600, -10.08100705330667400 ) ) ;
#3309 = ORIENTED_EDGE ( 'NONE', *, *, #251, .F. ) ;
#3310 = AXIS2_PLACEMENT_3D ( 'NONE', #3877, #3385, #2932 ) ;
#3311 = PRESENTATION_STYLE_ASSIGNMENT (( #3792 ) ) ;
#3312 = ORIENTED_EDGE ( 'NONE', *, *, #2039, .F. ) ;
#3313 = DIRECTION ( 'NONE',  ( 0.0000000000000000000, 1.000000000000000000, 0.0000000000000000000 ) ) ;
#3314 = CARTESIAN_POINT ( 'NONE',  ( -11.49999999999999600, 9.900000000000002100, 12.08578643762690200 ) ) ;
#3315 = SURFACE_STYLE_FILL_AREA ( #3797 ) ;
#3316 = ORIENTED_EDGE ( 'NONE', *, *, #206, .F. ) ;
#3317 = FILL_AREA_STYLE_COLOUR ( '', #1922 ) ;
#3318 = CARTESIAN_POINT ( 'NONE',  ( -12.49999999999999800, 0.5999999999999998700, -12.50000000000000000 ) ) ;
#3319 =( LENGTH_UNIT ( ) NAMED_UNIT ( * ) SI_UNIT ( .MILLI., .METRE. ) );
#3320 = CARTESIAN_POINT ( 'NONE',  ( -10.23899294669145600, -3.400000000025096300, 2.046279315441235500 ) ) ;
#3321 =( GEOMETRIC_REPRESENTATION_CONTEXT ( 3 ) GLOBAL_UNCERTAINTY_ASSIGNED_CONTEXT ( ( #1705 ) ) GLOBAL_UNIT_ASSIGNED_CONTEXT ( ( #561, #3761, #2329 ) ) REPRESENTATION_CONTEXT ( 'NONE', 'WORKASPACE' ) );
#3322 = UNCERTAINTY_MEASURE_WITH_UNIT (LENGTH_MEASURE( 1.000000000000000100E-005 ), #3651, 'distance_accuracy_value', 'NONE');
#3323 = CIRCLE ( 'NONE', #163, 0.4999999999999999400 ) ;
#3324 = VERTEX_POINT ( 'NONE', #1911 ) ;
#3325 = MECHANICAL_DESIGN_GEOMETRIC_PRESENTATION_REPRESENTATION (  '', ( #3113 ), #2114 ) ;
#3326 = LINE ( 'NONE', #2861, #3898 ) ;
#3327 = COLOUR_RGB ( '',0.7921568627450980000, 0.8196078431372548800, 0.9333333333333333500 ) ;
#3328 =( NAMED_UNIT ( * ) PLANE_ANGLE_UNIT ( ) SI_UNIT ( $, .RADIAN. ) );
#3329 = FILL_AREA_STYLE_COLOUR ( '', #1372 ) ;
#3330 = ORIENTED_EDGE ( 'NONE', *, *, #3826, .F. ) ;
#3331 = DIRECTION ( 'NONE',  ( 0.0000000000000000000, 0.0000000000000000000, 1.000000000000000000 ) ) ;
#3332 = ORIENTED_EDGE ( 'NONE', *, *, #3488, .F. ) ;
#3333 = VERTEX_POINT ( 'NONE', #1451 ) ;
#3334 = SURFACE_SIDE_STYLE ('',( #3822 ) ) ;
#3335 = CARTESIAN_POINT ( 'NONE',  ( 12.50000000000000500, 8.900000000000000400, -12.08578643762690800 ) ) ;
#3336 = ORIENTED_EDGE ( 'NONE', *, *, #3463, .T. ) ;
#3337 =( LENGTH_UNIT ( ) NAMED_UNIT ( * ) SI_UNIT ( .MILLI., .METRE. ) );
#3338 = CARTESIAN_POINT ( 'NONE',  ( -10.15999999999999800, 0.0000000000000000000, 2.540000000000002300 ) ) ;
#3339 = CONICAL_SURFACE ( 'NONE', #319, 0.4999999999881766200, 0.7853981636816653700 ) ;
#3340 = CARTESIAN_POINT ( 'NONE',  ( -11.50000000000000000, 9.900000000000000400, 0.0000000000000000000 ) ) ;
#3341 = CARTESIAN_POINT ( 'NONE',  ( -10.15999999999999800, -3.499999999943150800, -2.539999999999996900 ) ) ;
#3342 = CARTESIAN_POINT ( 'NONE',  ( -12.49999999999999800, 9.243145750507622400, -12.08578643762690800 ) ) ;
#3343 = CARTESIAN_POINT ( 'NONE',  ( 11.50000000000000700, 0.0000000000000000000, 5.000000000000001800 ) ) ;
#3344 = VERTEX_POINT ( 'NONE', #985 ) ;
#3345 = VERTEX_POINT ( 'NONE', #492 ) ;
#3346 = EDGE_CURVE ( 'NONE', #1484, #4473, #2668, .T. ) ;
#3347 = CIRCLE ( 'NONE', #1880, 0.4999999999770361500 ) ;
#3348 = AXIS2_PLACEMENT_3D ( 'NONE', #1173, #3395, #2941 ) ;
#3349 = EDGE_CURVE ( 'NONE', #14, #2404, #3374, .T. ) ;
#3350 = CARTESIAN_POINT ( 'NONE',  ( 10.05585576034280500, -3.399999999999993200, 0.4890337180190199600 ) ) ;
#3351 = STYLED_ITEM ( 'NONE', ( #588 ), #4352 ) ;
#3352 = VERTEX_POINT ( 'NONE', #1347 ) ;
#3353 = CARTESIAN_POINT ( 'NONE',  ( 10.05585576034803300, -3.400000000025096300, 0.4890337179944673200 ) ) ;
#3354 = ADVANCED_FACE ( 'NONE', ( #4121 ), #1962, .T. ) ;
#3355 = EDGE_LOOP ( 'NONE', ( #4478, #2687, #1816, #3144 ) ) ;
#3356 = MECHANICAL_DESIGN_GEOMETRIC_PRESENTATION_REPRESENTATION (  '', ( #2898 ), #178 ) ;
#3357 = CARTESIAN_POINT ( 'NONE',  ( 12.00000000000000000, 0.5999999999999998700, 4.500000000000004400 ) ) ;
#3358 = FACE_OUTER_BOUND ( 'NONE', #1330, .T. ) ;
#3359 = CIRCLE ( 'NONE', #4301, 0.4999999999999998900 ) ;
#3360 = ORIENTED_EDGE ( 'NONE', *, *, #892, .F. ) ;
#3361 = EDGE_CURVE ( 'NONE', #1308, #3186, #4499, .T. ) ;
#3362 = FILL_AREA_STYLE ('',( #3852 ) ) ;
#3363 = LINE ( 'NONE', #2910, #829 ) ;
#3364 = AXIS2_PLACEMENT_3D ( 'NONE', #156, #4293, #3829 ) ;
#3365 = FILL_AREA_STYLE ('',( #3855 ) ) ;
#3366 = CARTESIAN_POINT ( 'NONE',  ( -12.69999999999999900, 0.0000000000000000000, -12.69999999999999900 ) ) ;
#3367 = DIRECTION ( 'NONE',  ( -0.0000000000000000000, -1.000000000000000000, -0.0000000000000000000 ) ) ;
#3368 =( NAMED_UNIT ( * ) PLANE_ANGLE_UNIT ( ) SI_UNIT ( $, .RADIAN. ) );
#3369 = VERTEX_POINT ( 'NONE', #2601 ) ;
#3370 =( GEOMETRIC_REPRESENTATION_CONTEXT ( 3 ) GLOBAL_UNCERTAINTY_ASSIGNED_CONTEXT ( ( #2860 ) ) GLOBAL_UNIT_ASSIGNED_CONTEXT ( ( #1859, #436, #3635 ) ) REPRESENTATION_CONTEXT ( 'NONE', 'WORKASPACE' ) );
#3371 = LINE ( 'NONE', #2916, #2417 ) ;
#3372 = SURFACE_STYLE_FILL_AREA ( #3863 ) ;
#3373 = CYLINDRICAL_SURFACE ( 'NONE', #4477, 0.6000000000000015300 ) ;
#3374 = CIRCLE ( 'NONE', #4006, 1.000000000000000900 ) ;
#3375 = ADVANCED_FACE ( 'NONE', ( #2009 ), #844, .T. ) ;
#3376 = ORIENTED_EDGE ( 'NONE', *, *, #1669, .F. ) ;
#3377 = FILL_AREA_STYLE ('',( #3868 ) ) ;
#3378 = DIRECTION ( 'NONE',  ( 0.0000000000000000000, 0.0000000000000000000, 1.000000000000000000 ) ) ;
#3379 = LINE ( 'NONE', #2925, #4360 ) ;
#3380 = AXIS2_PLACEMENT_3D ( 'NONE', #737, #257, #4394 ) ;
#3381 = VERTEX_POINT ( 'NONE', #1907 ) ;
#3382 = FILL_AREA_STYLE_COLOUR ( '', #3443 ) ;
#3383 = DIRECTION ( 'NONE',  ( -0.0000000000000000000, -1.000000000000000000, -0.0000000000000000000 ) ) ;
#3384 = CIRCLE ( 'NONE', #3714, 0.4000000000132787900 ) ;
#3385 = DIRECTION ( 'NONE',  ( -0.0000000000000000000, 1.000000000000000000, -0.0000000000000000000 ) ) ;
#3386 = EDGE_CURVE ( 'NONE', #1284, #3638, #1448, .T. ) ;
#3387 = CARTESIAN_POINT ( 'NONE',  ( -11.50000000000000000, 0.0000000000000000000, -6.999999999999999100 ) ) ;
#3388 = DIRECTION ( 'NONE',  ( 0.0000000000000000000, 1.000000000000000000, 0.0000000000000000000 ) ) ;
#3389 = SURFACE_STYLE_FILL_AREA ( #3882 ) ;
#3390 = EDGE_CURVE ( 'NONE', #3842, #2038, #916, .T. ) ;
#3391 =( NAMED_UNIT ( * ) SI_UNIT ( $, .STERADIAN. ) SOLID_ANGLE_UNIT ( ) );
#3392 = LINE ( 'NONE', #2939, #2448 ) ;
#3393 = FILL_AREA_STYLE_COLOUR ( '', #958 ) ;
#3394 = AXIS2_PLACEMENT_3D ( 'NONE', #3794, #3313, #2847 ) ;
#3395 = DIRECTION ( 'NONE',  ( -0.0000000000000000000, 1.000000000000000000, -0.0000000000000000000 ) ) ;
#3396 = ORIENTED_EDGE ( 'NONE', *, *, #3101, .T. ) ;
#3397 = VECTOR ( 'NONE', #2882, 1000.000000000000000 ) ;
#3398 = DIRECTION ( 'NONE',  ( 1.000000000000000000, 0.0000000000000000000, 0.0000000000000000000 ) ) ;
#3399 = EDGE_CURVE ( 'NONE', #3833, #606, #2742, .T. ) ;
#3400 = DIRECTION ( 'NONE',  ( -0.0000000000000000000, 1.000000000000000000, 0.0000000000000000000 ) ) ;
#3401 = SURFACE_STYLE_FILL_AREA ( #3893 ) ;
#3402 = ORIENTED_EDGE ( 'NONE', *, *, #3746, .F. ) ;
#3403 = EDGE_CURVE ( 'NONE', #2633, #2508, #189, .T. ) ;
#3404 = STYLED_ITEM ( 'NONE', ( #634 ), #1292 ) ;
#3405 = SURFACE_SIDE_STYLE ('',( #3900 ) ) ;
#3406 = ORIENTED_EDGE ( 'NONE', *, *, #636, .F. ) ;
#3407 = CARTESIAN_POINT ( 'NONE',  ( 11.50000000000000700, 9.485786437632603100, 12.50000000000000000 ) ) ;
#3408 = CARTESIAN_POINT ( 'NONE',  ( 12.00000000000000700, 0.5999999999999999800, 7.500000000000002700 ) ) ;
#3409 = DIRECTION ( 'NONE',  ( 0.1472821962041861700, 0.7071067809855756700, -0.6915981166584309600 ) ) ;
#3410 = FACE_OUTER_BOUND ( 'NONE', #3499, .T. ) ;
#3411 = ADVANCED_FACE ( 'NONE', ( #2242 ), #1787, .T. ) ;
#3412 = DIRECTION ( 'NONE',  ( 1.000000000000000000, 0.0000000000000000000, -0.0000000000000000000 ) ) ;
#3413 = UNCERTAINTY_MEASURE_WITH_UNIT (LENGTH_MEASURE( 1.000000000000000100E-005 ), #847, 'distance_accuracy_value', 'NONE');
#3414 = PRESENTATION_LAYER_ASSIGNMENT (  '', '', ( #3297 ) ) ;
#3415 = ORIENTED_EDGE ( 'NONE', *, *, #4448, .F. ) ;
#3416 = MECHANICAL_DESIGN_GEOMETRIC_PRESENTATION_REPRESENTATION (  '', ( #2000 ), #3534 ) ;
#3417 = CARTESIAN_POINT ( 'NONE',  ( -12.69999999999999900, 0.0000000000000000000, -7.500000000000000000 ) ) ;
#3418 = COLOUR_RGB ( '',0.7921568627450980000, 0.8196078431372548800, 0.9333333333333333500 ) ;
#3419 = ORIENTED_EDGE ( 'NONE', *, *, #2080, .T. ) ;
#3420 = CARTESIAN_POINT ( 'NONE',  ( -12.49999999999999800, 0.5999999999999998700, -7.499999999999996400 ) ) ;
#3421 = CARTESIAN_POINT ( 'NONE',  ( -12.00000000000000700, 0.0000000000000000000, -7.499999999999992900 ) ) ;
#3422 = EDGE_LOOP ( 'NONE', ( #146, #489, #783, #4145 ) ) ;
#3423 = CARTESIAN_POINT ( 'NONE',  ( 12.69999999999999900, 0.0000000000000000000, 12.70000000000000300 ) ) ;
#3424 = VERTEX_POINT ( 'NONE', #4295 ) ;
#3425 = CARTESIAN_POINT ( 'NONE',  ( 0.0000000000000000000, 9.900000000000000400, -11.50000000000000200 ) ) ;
#3426 = CARTESIAN_POINT ( 'NONE',  ( -12.00000000000000700, 0.5999999999999999800, -7.499999999999992900 ) ) ;
#3427 = STYLED_ITEM ( 'NONE', ( #685 ), #442 ) ;
#3428 = DIRECTION ( 'NONE',  ( 0.0000000000000000000, 0.0000000000000000000, -1.000000000000000000 ) ) ;
#3429 = CARTESIAN_POINT ( 'NONE',  ( 11.50000000000000400, 9.899999999999998600, -11.50000000000000000 ) ) ;
#3430 =( GEOMETRIC_REPRESENTATION_CONTEXT ( 3 ) GLOBAL_UNCERTAINTY_ASSIGNED_CONTEXT ( ( #4517 ) ) GLOBAL_UNIT_ASSIGNED_CONTEXT ( ( #2880, #1465, #47 ) ) REPRESENTATION_CONTEXT ( 'NONE', 'WORKASPACE' ) );
#3431 = EDGE_CURVE ( 'NONE', #1796, #769, #3832, .T. ) ;
#3432 = AXIS2_PLACEMENT_3D ( 'NONE', #1193, #715, #236 ) ;
#3433 = ORIENTED_EDGE ( 'NONE', *, *, #2787, .F. ) ;
#3434 = CIRCLE ( 'NONE', #279, 0.6000000000000015300 ) ;
#3435 = CARTESIAN_POINT ( 'NONE',  ( -10.15999999999999800, -3.399999999999993200, -2.539999999999996900 ) ) ;
#3436 = ADVANCED_FACE ( 'NONE', ( #2134 ), #3689, .F. ) ;
#3437 = FILL_AREA_STYLE_COLOUR ( '', #4162 ) ;
#3438 = CARTESIAN_POINT ( 'NONE',  ( -10.15999999999999800, 9.200000000000004600, -2.539999999999996900 ) ) ;
#3439 = EDGE_CURVE ( 'NONE', #3140, #359, #3051, .T. ) ;
#3440 = AXIS2_PLACEMENT_3D ( 'NONE', #77, #4216, #3741 ) ;
#3441 = FILL_AREA_STYLE ('',( #3926 ) ) ;
#3442 = LINE ( 'NONE', #2998, #1094 ) ;
#3443 = COLOUR_RGB ( '',0.7921568627450980000, 0.8196078431372548800, 0.9333333333333333500 ) ;
#3444 = FACE_OUTER_BOUND ( 'NONE', #162, .T. ) ;
#3445 = VERTEX_POINT ( 'NONE', #4440 ) ;
#3446 = SURFACE_SIDE_STYLE ('',( #3932 ) ) ;
#3447 = ORIENTED_EDGE ( 'NONE', *, *, #1756, .F. ) ;
#3448 =( GEOMETRIC_REPRESENTATION_CONTEXT ( 3 ) GLOBAL_UNCERTAINTY_ASSIGNED_CONTEXT ( ( #3880 ) ) GLOBAL_UNIT_ASSIGNED_CONTEXT ( ( #2059, #646, #3840 ) ) REPRESENTATION_CONTEXT ( 'NONE', 'WORKASPACE' ) );
#3449 = CARTESIAN_POINT ( 'NONE',  ( -11.50000000000000000, 10.50000000000000000, -12.50000000000000000 ) ) ;
#3450 =( NAMED_UNIT ( * ) SI_UNIT ( $, .STERADIAN. ) SOLID_ANGLE_UNIT ( ) );
#3451 = UNCERTAINTY_MEASURE_WITH_UNIT (LENGTH_MEASURE( 1.000000000000000100E-005 ), #4369, 'distance_accuracy_value', 'NONE');
#3452 = VERTEX_POINT ( 'NONE', #3969 ) ;
#3453 = DIRECTION ( 'NONE',  ( 1.000000000000000000, 0.0000000000000000000, -9.912705577010435800E-015 ) ) ;
#3454 =( LENGTH_UNIT ( ) NAMED_UNIT ( * ) SI_UNIT ( .MILLI., .METRE. ) );
#3455 = ADVANCED_FACE ( 'NONE', ( #379 ), #493, .T. ) ;
#3456 = LINE ( 'NONE', #3005, #2671 ) ;
#3457 = AXIS2_PLACEMENT_3D ( 'NONE', #2447, #4278, #3815 ) ;
#3458 = EDGE_CURVE ( 'NONE', #3333, #3424, #546, .T. ) ;
#3459 = CARTESIAN_POINT ( 'NONE',  ( -10.15999999999999800, 0.5999999999999998700, 1.940000000000002200 ) ) ;
#3460 = CARTESIAN_POINT ( 'NONE',  ( 12.69999999999999900, 0.0000000000000000000, -12.69999999999999900 ) ) ;
#3461 = FACE_OUTER_BOUND ( 'NONE', #1156, .T. ) ;
#3462 = ORIENTED_EDGE ( 'NONE', *, *, #2390, .F. ) ;
#3463 = EDGE_CURVE ( 'NONE', #620, #1763, #1395, .T. ) ;
#3464 =( NAMED_UNIT ( * ) SI_UNIT ( $, .STERADIAN. ) SOLID_ANGLE_UNIT ( ) );
#3465 = EDGE_CURVE ( 'NONE', #1129, #2875, #4573, .T. ) ;
#3466 = CARTESIAN_POINT ( 'NONE',  ( 11.99999999997704200, 0.0000000000000000000, -7.000000000022963900 ) ) ;
#3467 = PRESENTATION_STYLE_ASSIGNMENT (( #3951 ) ) ;
#3468 = PRESENTATION_STYLE_ASSIGNMENT (( #3952 ) ) ;
#3469 = SURFACE_SIDE_STYLE ('',( #3953 ) ) ;
#3470 = ORIENTED_EDGE ( 'NONE', *, *, #1397, .T. ) ;
#3471 = LINE ( 'NONE', #3020, #669 ) ;
#3472 = EDGE_CURVE ( 'NONE', #954, #1223, #3179, .T. ) ;
#3473 = VECTOR ( 'NONE', #4345, 1000.000000000000000 ) ;
#3474 = ORIENTED_EDGE ( 'NONE', *, *, #395, .F. ) ;
#3475 = EDGE_CURVE ( 'NONE', #1856, #769, #1751, .T. ) ;
#3476 = LINE ( 'NONE', #3024, #366 ) ;
#3477 = CIRCLE ( 'NONE', #4354, 0.4999999999770361500 ) ;
#3478 = ORIENTED_EDGE ( 'NONE', *, *, #3256, .T. ) ;
#3479 = CARTESIAN_POINT ( 'NONE',  ( -10.15999999999999800, 0.5999999999999998700, 3.140000000000002300 ) ) ;
#3480 = FILL_AREA_STYLE_COLOUR ( '', #1320 ) ;
#3481 =( NAMED_UNIT ( * ) PLANE_ANGLE_UNIT ( ) SI_UNIT ( $, .RADIAN. ) );
#3482 = FACE_OUTER_BOUND ( 'NONE', #3772, .T. ) ;
#3483 = CARTESIAN_POINT ( 'NONE',  ( -11.50000000000000000, 0.5999999999999998700, -11.50000000000000200 ) ) ;
#3484 = DIRECTION ( 'NONE',  ( 2.141108110448990900E-018, 1.000000000000000000, 1.338232597062403400E-017 ) ) ;
#3485 = CARTESIAN_POINT ( 'NONE',  ( -10.23899294669145600, -3.400000000025096300, -10.65372068455876500 ) ) ;
#3486 = FILL_AREA_STYLE ('',( #308 ) ) ;
#3487 = CYLINDRICAL_SURFACE ( 'NONE', #3853, 0.4999999999999998300 ) ;
#3488 = EDGE_CURVE ( 'NONE', #3352, #2163, #326, .T. ) ;
#3489 = ORIENTED_EDGE ( 'NONE', *, *, #3511, .T. ) ;
#3490 = CARTESIAN_POINT ( 'NONE',  ( 10.15999999999999800, -3.400000000025096300, 1.734723475976807100E-015 ) ) ;
#3491 = FACE_OUTER_BOUND ( 'NONE', #1654, .T. ) ;
#3492 = FACE_OUTER_BOUND ( 'NONE', #1860, .T. ) ;
#3493 = STYLED_ITEM ( 'NONE', ( #2151 ), #2042 ) ;
#3494 = EDGE_LOOP ( 'NONE', ( #453, #718, #1746, #575, #1071 ) ) ;
#3495 =( NAMED_UNIT ( * ) SI_UNIT ( $, .STERADIAN. ) SOLID_ANGLE_UNIT ( ) );
#3496 = EDGE_CURVE ( 'NONE', #2442, #1334, #3512, .T. ) ;
#3497 = PLANE ( 'NONE',  #2663 ) ;
#3498 = CARTESIAN_POINT ( 'NONE',  ( 10.15999999999999800, 9.200000000000004600, -10.15999999999999800 ) ) ;
#3499 = EDGE_LOOP ( 'NONE', ( #2548, #4451, #2244, #1442 ) ) ;
#3500 = CARTESIAN_POINT ( 'NONE',  ( 12.69999999999999900, 0.0000000000000000000, 7.500000000000004400 ) ) ;
#3501 = DIRECTION ( 'NONE',  ( 0.0000000000000000000, 0.0000000000000000000, 1.000000000000000000 ) ) ;
#3502 = CARTESIAN_POINT ( 'NONE',  ( 12.69999999999999900, 0.5999999999999999800, 12.70000000000000300 ) ) ;
#3503 = CARTESIAN_POINT ( 'NONE',  ( 10.08100705330457600, -3.399999999999993200, 9.666279315416447900 ) ) ;
#3504 = PRESENTATION_LAYER_ASSIGNMENT (  '', '', ( #3053 ) ) ;
#3505 = EDGE_CURVE ( 'NONE', #328, #3324, #3745, .T. ) ;
#3506 = CARTESIAN_POINT ( 'NONE',  ( 11.50000000000000400, 8.900000000000002100, -11.50000000000000200 ) ) ;
#3507 = CARTESIAN_POINT ( 'NONE',  ( -11.49999999999999600, 8.900000000000002100, 12.50000000000000000 ) ) ;
#3508 = SURFACE_STYLE_USAGE ( .BOTH. , #3993 ) ;
#3509 = AXIS2_PLACEMENT_3D ( 'NONE', #1413, #2218, #1773 ) ;
#3510 = CARTESIAN_POINT ( 'NONE',  ( -11.50000000000000000, 0.5999999999999998700, -6.999999999999999100 ) ) ;
#3511 = EDGE_CURVE ( 'NONE', #980, #2763, #694, .T. ) ;
#3512 = LINE ( 'NONE', #3065, #3017 ) ;
#3513 = EDGE_LOOP ( 'NONE', ( #697, #338, #2271, #3183 ) ) ;
#3514 = FILL_AREA_STYLE_COLOUR ( '', #2635 ) ;
#3515 = VERTEX_POINT ( 'NONE', #3889 ) ;
#3516 = CYLINDRICAL_SURFACE ( 'NONE', #3394, 0.5999999999999998700 ) ;
#3517 = EDGE_CURVE ( 'NONE', #2297, #4271, #1271, .T. ) ;
#3518 = AXIS2_PLACEMENT_3D ( 'NONE', #3535, #3087, #2590 ) ;
#3519 = VECTOR ( 'NONE', #611, 1000.000000000000000 ) ;
#3520 = FILL_AREA_STYLE_COLOUR ( '', #535 ) ;
#3521 = AXIS2_PLACEMENT_3D ( 'NONE', #2444, #1978, #1508 ) ;
#3522 = CARTESIAN_POINT ( 'NONE',  ( 10.15999999999999800, 0.5999999999999998700, 1.734723475976807100E-015 ) ) ;
#3523 =( GEOMETRIC_REPRESENTATION_CONTEXT ( 3 ) GLOBAL_UNCERTAINTY_ASSIGNED_CONTEXT ( ( #27 ) ) GLOBAL_UNIT_ASSIGNED_CONTEXT ( ( #3288, #1870, #450 ) ) REPRESENTATION_CONTEXT ( 'NONE', 'WORKASPACE' ) );
#3524 = ORIENTED_EDGE ( 'NONE', *, *, #1288, .F. ) ;
#3525 = SURFACE_SIDE_STYLE ('',( #4004 ) ) ;
#3526 = CARTESIAN_POINT ( 'NONE',  ( 12.50000000000000700, 9.485786437626906300, 11.49999999999281600 ) ) ;
#3527 = CARTESIAN_POINT ( 'NONE',  ( -12.00000000000000000, 0.0000000000000000000, 7.500000000000004400 ) ) ;
#3528 = CARTESIAN_POINT ( 'NONE',  ( 12.00000000000000700, 0.5999999999999998700, -4.499999999999990200 ) ) ;
#3529 = PRESENTATION_LAYER_ASSIGNMENT (  '', '', ( #3404 ) ) ;
#3530 =( NAMED_UNIT ( * ) PLANE_ANGLE_UNIT ( ) SI_UNIT ( $, .RADIAN. ) );
#3531 = FILL_AREA_STYLE_COLOUR ( '', #4135 ) ;
#3532 = ORIENTED_EDGE ( 'NONE', *, *, #3640, .F. ) ;
#3533 =( NAMED_UNIT ( * ) SI_UNIT ( $, .STERADIAN. ) SOLID_ANGLE_UNIT ( ) );
#3534 =( GEOMETRIC_REPRESENTATION_CONTEXT ( 3 ) GLOBAL_UNCERTAINTY_ASSIGNED_CONTEXT ( ( #4559 ) ) GLOBAL_UNIT_ASSIGNED_CONTEXT ( ( #3580, #2157, #761 ) ) REPRESENTATION_CONTEXT ( 'NONE', 'WORKASPACE' ) );
#3535 = CARTESIAN_POINT ( 'NONE',  ( -10.15999999999999800, 9.200000000000004600, -2.539999999999996900 ) ) ;
#3536 = CARTESIAN_POINT ( 'NONE',  ( 10.65372068457044100, 9.200000000000004600, 10.08100705330667800 ) ) ;
#3537 = FACE_OUTER_BOUND ( 'NONE', #2927, .T. ) ;
#3538 = VERTEX_POINT ( 'NONE', #1992 ) ;
#3539 = CARTESIAN_POINT ( 'NONE',  ( 12.00000000000000700, 0.5999999999999998700, 7.500000000000002700 ) ) ;
#3540 = FILL_AREA_STYLE_COLOUR ( '', #1678 ) ;
#3541 = PLANE ( 'NONE',  #273 ) ;
#3542 = UNCERTAINTY_MEASURE_WITH_UNIT (LENGTH_MEASURE( 1.000000000000000100E-005 ), #2190, 'distance_accuracy_value', 'NONE');
#3543 = ORIENTED_EDGE ( 'NONE', *, *, #1407, .T. ) ;
#3544 = DIRECTION ( 'NONE',  ( 3.469446951953623300E-015, 0.0000000000000000000, -1.000000000000000000 ) ) ;
#3545 = MECHANICAL_DESIGN_GEOMETRIC_PRESENTATION_REPRESENTATION (  '', ( #3297 ), #4390 ) ;
#3546 = DIRECTION ( 'NONE',  ( 0.9874413691408834300, 0.0000000000000000000, -0.1579858933866487800 ) ) ;
#3547 = CARTESIAN_POINT ( 'NONE',  ( -12.49999999999999800, 10.50000000000000000, -11.50000000000000200 ) ) ;
#3548 =( GEOMETRIC_REPRESENTATION_CONTEXT ( 3 ) GLOBAL_UNCERTAINTY_ASSIGNED_CONTEXT ( ( #2359 ) ) GLOBAL_UNIT_ASSIGNED_CONTEXT ( ( #183, #3368, #1961 ) ) REPRESENTATION_CONTEXT ( 'NONE', 'WORKASPACE' ) );
#3549 = DIRECTION ( 'NONE',  ( 0.0000000000000000000, 1.000000000000000000, 0.0000000000000000000 ) ) ;
#3550 = ORIENTED_EDGE ( 'NONE', *, *, #2695, .T. ) ;
#3551 = STYLED_ITEM ( 'NONE', ( #1817 ), #318 ) ;
#3552 = PRESENTATION_LAYER_ASSIGNMENT (  '', '', ( #2478 ) ) ;
#3553 =( LENGTH_UNIT ( ) NAMED_UNIT ( * ) SI_UNIT ( .MILLI., .METRE. ) );
#3554 = DIRECTION ( 'NONE',  ( 0.0000000000000000000, 0.0000000000000000000, -1.000000000000000000 ) ) ;
#3555 = FILL_AREA_STYLE_COLOUR ( '', #647 ) ;
#3556 = FILL_AREA_STYLE_COLOUR ( '', #613 ) ;
#3557 = ORIENTED_EDGE ( 'NONE', *, *, #2556, .T. ) ;
#3558 = CONICAL_SURFACE ( 'NONE', #21, 0.4999999999881767400, 0.7853981636816653700 ) ;
#3559 = VERTEX_POINT ( 'NONE', #2460 ) ;
#3560 =( GEOMETRIC_REPRESENTATION_CONTEXT ( 3 ) GLOBAL_UNCERTAINTY_ASSIGNED_CONTEXT ( ( #472 ) ) GLOBAL_UNIT_ASSIGNED_CONTEXT ( ( #1861, #438, #3641 ) ) REPRESENTATION_CONTEXT ( 'NONE', 'WORKASPACE' ) );
#3561 = CARTESIAN_POINT ( 'NONE',  ( 10.15999999999999800, 0.0000000000000000000, 10.16000000000000200 ) ) ;
#3562 = SURFACE_STYLE_USAGE ( .BOTH. , #4040 ) ;
#3563 = ORIENTED_EDGE ( 'NONE', *, *, #4194, .F. ) ;
#3564 = DIRECTION ( 'NONE',  ( -0.0000000000000000000, 1.000000000000000000, -0.0000000000000000000 ) ) ;
#3565 = CARTESIAN_POINT ( 'NONE',  ( 10.15999999999999800, -3.499999999943150800, 1.733397947429160000E-015 ) ) ;
#3566 = CARTESIAN_POINT ( 'NONE',  ( -11.99999999997703300, 0.0000000000000000000, -4.999999999977033500 ) ) ;
#3567 = STYLED_ITEM ( 'NONE', ( #1140 ), #4186 ) ;
#3568 = SURFACE_STYLE_FILL_AREA ( #4045 ) ;
#3569 = DIRECTION ( 'NONE',  ( 0.0000000000000000000, -1.000000000000000000, -0.0000000000000000000 ) ) ;
#3570 = SURFACE_SIDE_STYLE ('',( #4048 ) ) ;
#3571 = EDGE_LOOP ( 'NONE', ( #4131, #3532, #3470, #3913 ) ) ;
#3572 = CONICAL_SURFACE ( 'NONE', #1124, 0.4999999999881767400, 0.7853981636816653700 ) ;
#3573 = VERTEX_POINT ( 'NONE', #1520 ) ;
#3574 = MECHANICAL_DESIGN_GEOMETRIC_PRESENTATION_REPRESENTATION (  '', ( #2624 ), #4201 ) ;
#3575 = PRODUCT ( 'ccg15_outline', 'ccg15_outline', '', ( #2438 ) ) ;
#3576 = SURFACE_STYLE_USAGE ( .BOTH. , #4055 ) ;
#3577 = VECTOR ( 'NONE', #3002, 1000.000000000000000 ) ;
#3578 = STYLED_ITEM ( 'NONE', ( #3277 ), #276 ) ;
#3579 =( GEOMETRIC_REPRESENTATION_CONTEXT ( 3 ) GLOBAL_UNCERTAINTY_ASSIGNED_CONTEXT ( ( #564 ) ) GLOBAL_UNIT_ASSIGNED_CONTEXT ( ( #4398, #2997, #1568 ) ) REPRESENTATION_CONTEXT ( 'NONE', 'WORKASPACE' ) );
#3580 =( LENGTH_UNIT ( ) NAMED_UNIT ( * ) SI_UNIT ( .MILLI., .METRE. ) );
#3581 = PLANE ( 'NONE',  #739 ) ;
#3582 = AXIS2_PLACEMENT_3D ( 'NONE', #4506, #4030, #3554 ) ;
#3583 = LINE ( 'NONE', #3138, #1377 ) ;
#3584 = CARTESIAN_POINT ( 'NONE',  ( -11.99999999997703300, 0.0000000000000000000, 7.000000000022969200 ) ) ;
#3585 = CIRCLE ( 'NONE', #1558, 0.5000000000000001100 ) ;
#3586 = EDGE_LOOP ( 'NONE', ( #3142, #2111, #653, #2868, #3962, #4575 ) ) ;
#3587 =( NAMED_UNIT ( * ) PLANE_ANGLE_UNIT ( ) SI_UNIT ( $, .RADIAN. ) );
#3588 = EDGE_CURVE ( 'NONE', #3424, #3333, #2681, .T. ) ;
#3589 = CARTESIAN_POINT ( 'NONE',  ( -9.666279315429557400, 9.200000000000004600, -10.23899294669332200 ) ) ;
#3590 = ORIENTED_EDGE ( 'NONE', *, *, #1620, .T. ) ;
#3591 =( NAMED_UNIT ( * ) PLANE_ANGLE_UNIT ( ) SI_UNIT ( $, .RADIAN. ) );
#3592 = ORIENTED_EDGE ( 'NONE', *, *, #3136, .T. ) ;
#3593 = CARTESIAN_POINT ( 'NONE',  ( 10.15999999999999800, 0.5999999999999998700, 9.560000000000000500 ) ) ;
#3594 = ORIENTED_EDGE ( 'NONE', *, *, #4095, .T. ) ;
#3595 = CARTESIAN_POINT ( 'NONE',  ( 11.99999999997704200, 0.0000000000000000000, -7.000000000022963900 ) ) ;
#3596 = FILL_AREA_STYLE ('',( #4069 ) ) ;
#3597 = AXIS2_PLACEMENT_3D ( 'NONE', #1061, #569, #99 ) ;
#3598 = CIRCLE ( 'NONE', #721, 0.9999999999999991100 ) ;
#3599 = EDGE_CURVE ( 'NONE', #2461, #1829, #3384, .T. ) ;
#3600 = ORIENTED_EDGE ( 'NONE', *, *, #4533, .F. ) ;
#3601 =( LENGTH_UNIT ( ) NAMED_UNIT ( * ) SI_UNIT ( .MILLI., .METRE. ) );
#3602 = SURFACE_SIDE_STYLE ('',( #4076 ) ) ;
#3603 = COLOUR_RGB ( '',0.7921568627450980000, 0.8196078431372548800, 0.9333333333333333500 ) ;
#3604 = AXIS2_PLACEMENT_3D ( 'NONE', #2545, #2079, #1607 ) ;
#3605 = SURFACE_STYLE_USAGE ( .BOTH. , #4081 ) ;
#3606 = SURFACE_STYLE_FILL_AREA ( #4082 ) ;
#3607 =( LENGTH_UNIT ( ) NAMED_UNIT ( * ) SI_UNIT ( .MILLI., .METRE. ) );
#3608 =( LENGTH_UNIT ( ) NAMED_UNIT ( * ) SI_UNIT ( .MILLI., .METRE. ) );
#3609 = VECTOR ( 'NONE', #3997, 1000.000000000000000 ) ;
#3610 = PRESENTATION_LAYER_ASSIGNMENT (  '', '', ( #3493 ) ) ;
#3611 = EDGE_LOOP ( 'NONE', ( #998, #2041 ) ) ;
#3612 = PLANE ( 'NONE',  #1393 ) ;
#3613 = PRESENTATION_STYLE_ASSIGNMENT (( #4087 ) ) ;
#3614 = FACE_BOUND ( 'NONE', #3860, .T. ) ;
#3615 = FACE_OUTER_BOUND ( 'NONE', #1661, .T. ) ;
#3616 = UNCERTAINTY_MEASURE_WITH_UNIT (LENGTH_MEASURE( 1.000000000000000100E-005 ), #2376, 'distance_accuracy_value', 'NONE');
#3617 =( NAMED_UNIT ( * ) SI_UNIT ( $, .STERADIAN. ) SOLID_ANGLE_UNIT ( ) );
#3618 = ADVANCED_FACE ( 'NONE', ( #1581 ), #3541, .T. ) ;
#3619 = ORIENTED_EDGE ( 'NONE', *, *, #1242, .F. ) ;
#3620 = SURFACE_STYLE_FILL_AREA ( #4094 ) ;
#3621 = DIRECTION ( 'NONE',  ( -0.1579858933866480100, 0.0000000000000000000, -0.9874413691408835400 ) ) ;
#3622 =( NAMED_UNIT ( * ) SI_UNIT ( $, .STERADIAN. ) SOLID_ANGLE_UNIT ( ) );
#3623 = DIRECTION ( 'NONE',  ( -1.387778780781445700E-016, 0.0000000000000000000, -1.000000000000000000 ) ) ;
#3624 = DIRECTION ( 'NONE',  ( -1.387778780781445700E-016, 0.0000000000000000000, -1.000000000000000000 ) ) ;
#3625 = SURFACE_SIDE_STYLE ('',( #4099 ) ) ;
#3626 = DIRECTION ( 'NONE',  ( 0.1117128965772655300, 0.7071067809855756700, 0.6982264883420953300 ) ) ;
#3627 = FACE_OUTER_BOUND ( 'NONE', #3114, .T. ) ;
#3628 = VERTEX_POINT ( 'NONE', #1670 ) ;
#3629 = FILL_AREA_STYLE_COLOUR ( '', #2501 ) ;
#3630 = MECHANICAL_DESIGN_GEOMETRIC_PRESENTATION_REPRESENTATION (  '', ( #3053 ), #732 ) ;
#3631 = EDGE_CURVE ( 'NONE', #1559, #1591, #1200, .T. ) ;
#3632 = ORIENTED_EDGE ( 'NONE', *, *, #760, .T. ) ;
#3633 = UNCERTAINTY_MEASURE_WITH_UNIT (LENGTH_MEASURE( 1.000000000000000100E-005 ), #4047, 'distance_accuracy_value', 'NONE');
#3634 = FACE_OUTER_BOUND ( 'NONE', #3422, .T. ) ;
#3635 =( NAMED_UNIT ( * ) SI_UNIT ( $, .STERADIAN. ) SOLID_ANGLE_UNIT ( ) );
#3636 =( GEOMETRIC_REPRESENTATION_CONTEXT ( 3 ) GLOBAL_UNCERTAINTY_ASSIGNED_CONTEXT ( ( #3633 ) ) GLOBAL_UNIT_ASSIGNED_CONTEXT ( ( #4047, #2629, #1232 ) ) REPRESENTATION_CONTEXT ( 'NONE', 'WORKASPACE' ) );
#3637 =( BOUNDED_SURFACE ( )  B_SPLINE_SURFACE ( 3, 3, ( 
 ( #824, #340, #4481, #4005 ),
 ( #3526, #3081, #2584, #2112 ),
 ( #1655, #1187, #707, #229 ),
 ( #4364, #3902, #3407, #2959 ) ),
 .UNSPECIFIED., .F., .F., .F. ) 
 B_SPLINE_SURFACE_WITH_KNOTS ( ( 4, 4 ),
 ( 4, 4 ),
 ( 0.0000000000000000000, 1.000000000000000000 ),
 ( 0.0000000000000000000, 1.000000000000000000 ),
 .UNSPECIFIED. ) 
 GEOMETRIC_REPRESENTATION_ITEM ( )  RATIONAL_B_SPLINE_SURFACE ( (
 ( 1.000000000000000000, 0.8047378541214733600, 0.8047378541214733600, 1.000000000000000000),
 ( 0.8047378541243653800, 0.6476030138583610500, 0.6476030138583610500, 0.8047378541243653800),
 ( 0.8047378541243653800, 0.6476030138583610500, 0.6476030138583610500, 0.8047378541243653800),
 ( 1.000000000000000000, 0.8047378541214733600, 0.8047378541214733600, 1.000000000000000000) ) ) 
 REPRESENTATION_ITEM ( '' )  SURFACE ( )  );
#3638 = VERTEX_POINT ( 'NONE', #3915 ) ;
#3639 = DIRECTION ( 'NONE',  ( 0.0000000000000000000, 1.000000000000000000, 0.0000000000000000000 ) ) ;
#3640 = EDGE_CURVE ( 'NONE', #1474, #55, #4379, .T. ) ;
#3641 =( NAMED_UNIT ( * ) SI_UNIT ( $, .STERADIAN. ) SOLID_ANGLE_UNIT ( ) );
#3642 =( NAMED_UNIT ( * ) PLANE_ANGLE_UNIT ( ) SI_UNIT ( $, .RADIAN. ) );
#3643 = AXIS2_PLACEMENT_3D ( 'NONE', #3151, #2653, #2176 ) ;
#3644 = AXIS2_PLACEMENT_3D ( 'NONE', #1546, #1794, #1332 ) ;
#3645 = VECTOR ( 'NONE', #3809, 1000.000000000000000 ) ;
#3646 = FILL_AREA_STYLE ('',( #4117 ) ) ;
#3647 = AXIS2_PLACEMENT_3D ( 'NONE', #3875, #3383, #2930 ) ;
#3648 = DIRECTION ( 'NONE',  ( 6.505213034913057200E-016, 0.0000000000000000000, 1.000000000000000000 ) ) ;
#3649 = SURFACE_STYLE_USAGE ( .BOTH. , #4122 ) ;
#3650 =( GEOMETRIC_REPRESENTATION_CONTEXT ( 3 ) GLOBAL_UNCERTAINTY_ASSIGNED_CONTEXT ( ( #1638 ) ) GLOBAL_UNIT_ASSIGNED_CONTEXT ( ( #4229, #2810, #1406 ) ) REPRESENTATION_CONTEXT ( 'NONE', 'WORKASPACE' ) );
#3651 =( LENGTH_UNIT ( ) NAMED_UNIT ( * ) SI_UNIT ( .MILLI., .METRE. ) );
#3652 = CARTESIAN_POINT ( 'NONE',  ( 11.50000000000000700, 0.0000000000000000000, -6.999999999999992000 ) ) ;
#3653 = VERTEX_POINT ( 'NONE', #2018 ) ;
#3654 = DIRECTION ( 'NONE',  ( 0.0000000000000000000, 1.000000000000000000, 0.0000000000000000000 ) ) ;
#3655 =( LENGTH_UNIT ( ) NAMED_UNIT ( * ) SI_UNIT ( .MILLI., .METRE. ) );
#3656 = MECHANICAL_DESIGN_GEOMETRIC_PRESENTATION_REPRESENTATION (  '', ( #3404 ), #1315 ) ;
#3657 = ORIENTED_EDGE ( 'NONE', *, *, #2524, .T. ) ;
#3658 = SURFACE_SIDE_STYLE ('',( #4128 ) ) ;
#3659 =( NAMED_UNIT ( * ) PLANE_ANGLE_UNIT ( ) SI_UNIT ( $, .RADIAN. ) );
#3660 = DIRECTION ( 'NONE',  ( 0.0000000000000000000, -0.0000000000000000000, 1.000000000000000000 ) ) ;
#3661 = AXIS2_PLACEMENT_3D ( 'NONE', #692, #212, #4344 ) ;
#3662 = ORIENTED_EDGE ( 'NONE', *, *, #4535, .F. ) ;
#3663 = COLOUR_RGB ( '',0.7921568627450980000, 0.8196078431372548800, 0.9333333333333333500 ) ;
#3664 = UNCERTAINTY_MEASURE_WITH_UNIT (LENGTH_MEASURE( 1.000000000000000100E-005 ), #1309, 'distance_accuracy_value', 'NONE');
#3665 = SURFACE_STYLE_FILL_AREA ( #4134 ) ;
#3666 = ORIENTED_EDGE ( 'NONE', *, *, #3970, .T. ) ;
#3667 = PRESENTATION_STYLE_ASSIGNMENT (( #4138 ) ) ;
#3668 = CARTESIAN_POINT ( 'NONE',  ( 12.69999999999999900, 0.5999999999999999800, 4.500000000000005300 ) ) ;
#3669 = SURFACE_STYLE_FILL_AREA ( #4140 ) ;
#3670 = AXIS2_PLACEMENT_3D ( 'NONE', #296, #4430, #3959 ) ;
#3671 = CARTESIAN_POINT ( 'NONE',  ( 11.50000000000000700, 10.50000000000000000, 11.50000000000000000 ) ) ;
#3672 = SURFACE_STYLE_FILL_AREA ( #4142 ) ;
#3673 = COLOUR_RGB ( '',1.000000000000000000, 1.000000000000000000, 1.000000000000000000 ) ;
#3674 = MECHANICAL_DESIGN_GEOMETRIC_PRESENTATION_REPRESENTATION (  '', ( #2478 ), #1987 ) ;
#3675 = SURFACE_STYLE_FILL_AREA ( #4144 ) ;
#3676 = ORIENTED_EDGE ( 'NONE', *, *, #526, .F. ) ;
#3677 = PRESENTATION_STYLE_ASSIGNMENT (( #4146 ) ) ;
#3678 = EDGE_LOOP ( 'NONE', ( #28, #3799, #2666, #863 ) ) ;
#3679 =( NAMED_UNIT ( * ) SI_UNIT ( $, .STERADIAN. ) SOLID_ANGLE_UNIT ( ) );
#3680 = EDGE_LOOP ( 'NONE', ( #1373, #3921, #16, #2791, #595 ) ) ;
#3681 = SURFACE_SIDE_STYLE ('',( #4152 ) ) ;
#3682 = CARTESIAN_POINT ( 'NONE',  ( -12.49999999999999300, 9.243145750507626000, 12.08578643762690800 ) ) ;
#3683 =( NAMED_UNIT ( * ) PLANE_ANGLE_UNIT ( ) SI_UNIT ( $, .RADIAN. ) );
#3684 = ORIENTED_EDGE ( 'NONE', *, *, #3259, .T. ) ;
#3685 =( LENGTH_UNIT ( ) NAMED_UNIT ( * ) SI_UNIT ( .MILLI., .METRE. ) );
#3686 = CARTESIAN_POINT ( 'NONE',  ( 12.69999999999999900, 0.0000000000000000000, -7.500000000000000000 ) ) ;
#3687 = DIRECTION ( 'NONE',  ( 0.0000000000000000000, 0.0000000000000000000, 1.000000000000000000 ) ) ;
#3688 = CIRCLE ( 'NONE', #4214, 0.4000000000132787900 ) ;
#3689 = CYLINDRICAL_SURFACE ( 'NONE', #3928, 0.4999999999770344300 ) ;
#3690 = ORIENTED_EDGE ( 'NONE', *, *, #1242, .T. ) ;
#3691 = AXIS2_PLACEMENT_3D ( 'NONE', #2650, #2171, #1722 ) ;
#3692 = DIRECTION ( 'NONE',  ( 0.9874413691408843200, 0.0000000000000000000, -0.1579858933866437100 ) ) ;
#3693 =( GEOMETRIC_REPRESENTATION_CONTEXT ( 3 ) GLOBAL_UNCERTAINTY_ASSIGNED_CONTEXT ( ( #3836 ) ) GLOBAL_UNIT_ASSIGNED_CONTEXT ( ( #2068, #656, #3848 ) ) REPRESENTATION_CONTEXT ( 'NONE', 'WORKASPACE' ) );
#3694 = DIRECTION ( 'NONE',  ( 0.0000000000000000000, 0.0000000000000000000, 1.000000000000000000 ) ) ;
#3695 = COLOUR_RGB ( '',1.000000000000000000, 1.000000000000000000, 1.000000000000000000 ) ;
#3696 = LINE ( 'NONE', #3232, #897 ) ;
#3697 = ORIENTED_EDGE ( 'NONE', *, *, #3463, .F. ) ;
#3698 = FILL_AREA_STYLE ('',( #4174 ) ) ;
#3699 = VECTOR ( 'NONE', #1574, 1000.000000000000000 ) ;
#3700 = AXIS2_PLACEMENT_3D ( 'NONE', #2106, #1645, #1177 ) ;
#3701 = ORIENTED_EDGE ( 'NONE', *, *, #1595, .T. ) ;
#3702 = FILL_AREA_STYLE ('',( #4176 ) ) ;
#3703 = AXIS2_PLACEMENT_3D ( 'NONE', #1687, #1216, #738 ) ;
#3704 = VERTEX_POINT ( 'NONE', #2483 ) ;
#3705 = CARTESIAN_POINT ( 'NONE',  ( 11.50000000000000400, 9.485786437626908100, -12.50000000000000000 ) ) ;
#3706 = ORIENTED_EDGE ( 'NONE', *, *, #3472, .F. ) ;
#3707 = CIRCLE ( 'NONE', #225, 0.9999999999999991100 ) ;
#3708 = PRESENTATION_STYLE_ASSIGNMENT (( #4187 ) ) ;
#3709 = CARTESIAN_POINT ( 'NONE',  ( 0.0000000000000000000, 8.900000000000002100, -11.50000000000000200 ) ) ;
#3710 = SURFACE_STYLE_FILL_AREA ( #4188 ) ;
#3711 = ORIENTED_EDGE ( 'NONE', *, *, #2412, .T. ) ;
#3712 = DIRECTION ( 'NONE',  ( -1.000000000000000000, -0.0000000000000000000, -0.0000000000000000000 ) ) ;
#3713 = DIRECTION ( 'NONE',  ( 0.0000000000000000000, -0.0000000000000000000, 1.000000000000000000 ) ) ;
#3714 = AXIS2_PLACEMENT_3D ( 'NONE', #4242, #3769, #3289 ) ;
#3715 = EDGE_CURVE ( 'NONE', #657, #1693, #1550, .T. ) ;
#3716 = CONICAL_SURFACE ( 'NONE', #4421, 0.4999999999881766200, 0.7853981636816653700 ) ;
#3717 = ADVANCED_FACE ( 'NONE', ( #660 ), #1028, .F. ) ;
#3718 =( NAMED_UNIT ( * ) SI_UNIT ( $, .STERADIAN. ) SOLID_ANGLE_UNIT ( ) );
#3719 = CARTESIAN_POINT ( 'NONE',  ( 10.15999999999999800, 0.0000000000000000000, 9.560000000000000500 ) ) ;
#3720 = VECTOR ( 'NONE', #1918, 1000.000000000000000 ) ;
#3721 = DIRECTION ( 'NONE',  ( 6.505213034913020700E-016, -0.0000000000000000000, 1.000000000000000000 ) ) ;
#3722 = DIRECTION ( 'NONE',  ( -0.0000000000000000000, 1.000000000000000000, 0.0000000000000000000 ) ) ;
#3723 = ORIENTED_EDGE ( 'NONE', *, *, #3640, .T. ) ;
#3724 =( LENGTH_UNIT ( ) NAMED_UNIT ( * ) SI_UNIT ( .MILLI., .METRE. ) );
#3725 = AXIS2_PLACEMENT_3D ( 'NONE', #4200, #3722, #3258 ) ;
#3726 = PLANE ( 'NONE',  #2817 ) ;
#3727 = DIRECTION ( 'NONE',  ( 0.0000000000000000000, 1.000000000000000000, 0.0000000000000000000 ) ) ;
#3728 = STYLED_ITEM ( 'NONE', ( #2283 ), #681 ) ;
#3729 =( GEOMETRIC_REPRESENTATION_CONTEXT ( 3 ) GLOBAL_UNCERTAINTY_ASSIGNED_CONTEXT ( ( #679 ) ) GLOBAL_UNIT_ASSIGNED_CONTEXT ( ( #2281, #894, #4071 ) ) REPRESENTATION_CONTEXT ( 'NONE', 'WORKASPACE' ) );
#3730 = SURFACE_STYLE_USAGE ( .BOTH. , #4207 ) ;
#3731 = CIRCLE ( 'NONE', #2207, 0.4999999999999998300 ) ;
#3732 = SURFACE_SIDE_STYLE ('',( #4209 ) ) ;
#3733 = STYLED_ITEM ( 'NONE', ( #2709 ), #2437 ) ;
#3734 = VERTEX_POINT ( 'NONE', #4043 ) ;
#3735 = MECHANICAL_DESIGN_GEOMETRIC_PRESENTATION_REPRESENTATION (  '', ( #3493 ), #4443 ) ;
#3736 = EDGE_CURVE ( 'NONE', #332, #3196, #926, .T. ) ;
#3737 = AXIS2_PLACEMENT_3D ( 'NONE', #2462, #1994, #1524 ) ;
#3738 = SURFACE_STYLE_USAGE ( .BOTH. , #4212 ) ;
#3739 =( LENGTH_UNIT ( ) NAMED_UNIT ( * ) SI_UNIT ( .MILLI., .METRE. ) );
#3740 = LINE ( 'NONE', #3063, #1750 ) ;
#3741 = DIRECTION ( 'NONE',  ( 0.0000000000000000000, 0.0000000000000000000, -1.000000000000000000 ) ) ;
#3742 = ORIENTED_EDGE ( 'NONE', *, *, #3399, .T. ) ;
#3743 = PRESENTATION_STYLE_ASSIGNMENT (( #4220 ) ) ;
#3744 =( NAMED_UNIT ( * ) PLANE_ANGLE_UNIT ( ) SI_UNIT ( $, .RADIAN. ) );
#3745 = CIRCLE ( 'NONE', #2891, 0.6000000000000015300 ) ;
#3746 = EDGE_CURVE ( 'NONE', #1179, #3186, #1701, .T. ) ;
#3747 = ORIENTED_EDGE ( 'NONE', *, *, #3458, .F. ) ;
#3748 = AXIS2_PLACEMENT_3D ( 'NONE', #4549, #175, #4313 ) ;
#3749 = EDGE_CURVE ( 'NONE', #2038, #2381, #272, .T. ) ;
#3750 = PRESENTATION_STYLE_ASSIGNMENT (( #4225 ) ) ;
#3751 = SURFACE_STYLE_USAGE ( .BOTH. , #4226 ) ;
#3752 = AXIS2_PLACEMENT_3D ( 'NONE', #2819, #2333, #1868 ) ;
#3753 = ORIENTED_EDGE ( 'NONE', *, *, #259, .F. ) ;
#3754 = SURFACE_STYLE_USAGE ( .BOTH. , #4231 ) ;
#3755 = COLOUR_RGB ( '',1.000000000000000000, 1.000000000000000000, 1.000000000000000000 ) ;
#3756 = STYLED_ITEM ( 'NONE', ( #2583 ), #4527 ) ;
#3757 = FILL_AREA_STYLE ('',( #4232 ) ) ;
#3758 = EDGE_CURVE ( 'NONE', #925, #954, #3456, .T. ) ;
#3759 = CARTESIAN_POINT ( 'NONE',  ( -10.15999999999999800, 0.0000000000000000000, -10.15999999999999800 ) ) ;
#3760 = DIRECTION ( 'NONE',  ( -0.0000000000000000000, 1.000000000000000000, -0.0000000000000000000 ) ) ;
#3761 =( NAMED_UNIT ( * ) PLANE_ANGLE_UNIT ( ) SI_UNIT ( $, .RADIAN. ) );
#3762 = PRESENTATION_LAYER_ASSIGNMENT (  '', '', ( #3578 ) ) ;
#3763 = ADVANCED_FACE ( 'NONE', ( #1740 ), #2148, .T. ) ;
#3764 = PRESENTATION_LAYER_ASSIGNMENT (  '', '', ( #3284 ) ) ;
#3765 = CYLINDRICAL_SURFACE ( 'NONE', #3518, 0.4999999999999999400 ) ;
#3766 = DIRECTION ( 'NONE',  ( 0.0000000000000000000, 1.000000000000000000, 0.0000000000000000000 ) ) ;
#3767 = DIRECTION ( 'NONE',  ( -0.0000000000000000000, 1.000000000000000000, -0.0000000000000000000 ) ) ;
#3768 = ORIENTED_EDGE ( 'NONE', *, *, #3101, .F. ) ;
#3769 = DIRECTION ( 'NONE',  ( 2.141108110448990900E-018, 1.000000000000000000, 1.338232597062403400E-017 ) ) ;
#3770 = AXIS2_PLACEMENT_3D ( 'NONE', #1806, #841, #358 ) ;
#3771 = VECTOR ( 'NONE', #4331, 1000.000000000000100 ) ;
#3772 = EDGE_LOOP ( 'NONE', ( #3419, #463, #1085, #1715, #4093, #2824 ) ) ;
#3773 = FILL_AREA_STYLE ('',( #4244 ) ) ;
#3774 =( NAMED_UNIT ( * ) PLANE_ANGLE_UNIT ( ) SI_UNIT ( $, .RADIAN. ) );
#3775 =( GEOMETRIC_REPRESENTATION_CONTEXT ( 3 ) GLOBAL_UNCERTAINTY_ASSIGNED_CONTEXT ( ( #4487 ) ) GLOBAL_UNIT_ASSIGNED_CONTEXT ( ( #2317, #929, #4114 ) ) REPRESENTATION_CONTEXT ( 'NONE', 'WORKASPACE' ) );
#3776 = ORIENTED_EDGE ( 'NONE', *, *, #3599, .F. ) ;
#3777 = EDGE_CURVE ( 'NONE', #2019, #3445, #1368, .T. ) ;
#3778 = PRESENTATION_LAYER_ASSIGNMENT (  '', '', ( #3295 ) ) ;
#3779 = EDGE_LOOP ( 'NONE', ( #1541, #2054, #4261, #3205 ) ) ;
#3780 = CARTESIAN_POINT ( 'NONE',  ( -12.69999999999999900, 0.0000000000000000000, -4.499999999999997300 ) ) ;
#3781 = LINE ( 'NONE', #3300, #836 ) ;
#3782 = CARTESIAN_POINT ( 'NONE',  ( -11.50000000000000000, 8.900000000000002100, -11.50000000000000200 ) ) ;
#3783 = SURFACE_SIDE_STYLE ('',( #4253 ) ) ;
#3784 = ADVANCED_FACE ( 'NONE', ( #3627 ), #4105, .T. ) ;
#3785 =( LENGTH_UNIT ( ) NAMED_UNIT ( * ) SI_UNIT ( .MILLI., .METRE. ) );
#3786 = CARTESIAN_POINT ( 'NONE',  ( -9.666279315429557400, -3.399999999999993200, -2.618992946693321900 ) ) ;
#3787 = CARTESIAN_POINT ( 'NONE',  ( 0.0000000000000000000, 0.5999999999999998700, 0.0000000000000000000 ) ) ;
#3788 = ORIENTED_EDGE ( 'NONE', *, *, #334, .T. ) ;
#3789 = LINE ( 'NONE', #3308, #4510 ) ;
#3790 = CIRCLE ( 'NONE', #2380, 0.6000000000000015300 ) ;
#3791 = ORIENTED_EDGE ( 'NONE', *, *, #4457, .F. ) ;
#3792 = SURFACE_STYLE_USAGE ( .BOTH. , #4262 ) ;
#3793 = ORIENTED_EDGE ( 'NONE', *, *, #2942, .F. ) ;
#3794 = CARTESIAN_POINT ( 'NONE',  ( -10.15999999999999800, 0.0000000000000000000, 2.540000000000002300 ) ) ;
#3795 = CARTESIAN_POINT ( 'NONE',  ( -11.49999999999999600, 9.899999999999998600, 11.49999999999999600 ) ) ;
#3796 = CYLINDRICAL_SURFACE ( 'NONE', #3670, 0.6000000000000015300 ) ;
#3797 = FILL_AREA_STYLE ('',( #4265 ) ) ;
#3798 = VECTOR ( 'NONE', #2970, 1000.000000000000000 ) ;
#3799 = ORIENTED_EDGE ( 'NONE', *, *, #1407, .F. ) ;
#3800 = DIRECTION ( 'NONE',  ( 0.0000000000000000000, 0.0000000000000000000, 1.000000000000000000 ) ) ;
#3801 = CARTESIAN_POINT ( 'NONE',  ( -11.50000000000000000, 0.5999999999999998700, -12.50000000000000000 ) ) ;
#3802 = PRESENTATION_STYLE_ASSIGNMENT (( #4269 ) ) ;
#3803 = LINE ( 'NONE', #3320, #2178 ) ;
#3804 = ADVANCED_FACE ( 'NONE', ( #4106 ), #4471, .T. ) ;
#3805 = EDGE_CURVE ( 'NONE', #4502, #396, #3172, .T. ) ;
#3806 = UNCERTAINTY_MEASURE_WITH_UNIT (LENGTH_MEASURE( 1.000000000000000100E-005 ), #480, 'distance_accuracy_value', 'NONE');
#3807 = VERTEX_POINT ( 'NONE', #2212 ) ;
#3808 = CIRCLE ( 'NONE', #2313, 0.6000000000000000900 ) ;
#3809 = DIRECTION ( 'NONE',  ( -1.000000000000000000, -0.0000000000000000000, -0.0000000000000000000 ) ) ;
#3810 = VECTOR ( 'NONE', #2887, 1000.000000000000000 ) ;
#3812 = EDGE_CURVE ( 'NONE', #2249, #1752, #1765, .T. ) ;
#3811 =( GEOMETRIC_REPRESENTATION_CONTEXT ( 3 ) GLOBAL_UNCERTAINTY_ASSIGNED_CONTEXT ( ( #2051 ) ) GLOBAL_UNIT_ASSIGNED_CONTEXT ( ( #4378, #2975, #1549 ) ) REPRESENTATION_CONTEXT ( 'NONE', 'WORKASPACE' ) );
#3813 = AXIS2_PLACEMENT_3D ( 'NONE', #401, #4546, #4068 ) ;
#3814 = EDGE_CURVE ( 'NONE', #359, #2619, #341, .T. ) ;
#3815 = DIRECTION ( 'NONE',  ( -0.1579858933866480100, 0.0000000000000000000, -0.9874413691408835400 ) ) ;
#3816 = CYLINDRICAL_SURFACE ( 'NONE', #3691, 0.9999999999999991100 ) ;
#3817 = EDGE_LOOP ( 'NONE', ( #702, #2570, #494, #1934 ) ) ;
#3818 = DIRECTION ( 'NONE',  ( -1.000000000000000000, 0.0000000000000000000, 0.0000000000000000000 ) ) ;
#3819 = CIRCLE ( 'NONE', #4259, 1.000000000000000900 ) ;
#3820 = ORIENTED_EDGE ( 'NONE', *, *, #3386, .T. ) ;
#3821 = VERTEX_POINT ( 'NONE', #3527 ) ;
#3822 = SURFACE_STYLE_FILL_AREA ( #4287 ) ;
#3823 = CARTESIAN_POINT ( 'NONE',  ( 12.50000000000000400, 8.900000000000003900, -11.50000000000000200 ) ) ;
#3824 = ORIENTED_EDGE ( 'NONE', *, *, #4431, .T. ) ;
#3825 = EDGE_CURVE ( 'NONE', #4402, #2220, #1971, .T. ) ;
#3826 = EDGE_CURVE ( 'NONE', #3515, #1932, #558, .T. ) ;
#3827 = LINE ( 'NONE', #3340, #3397 ) ;
#3828 = PRESENTATION_LAYER_ASSIGNMENT (  '', '', ( #1450 ) ) ;
#3829 = DIRECTION ( 'NONE',  ( 0.0000000000000000000, -0.0000000000000000000, 1.000000000000000000 ) ) ;
#3830 =( LENGTH_UNIT ( ) NAMED_UNIT ( * ) SI_UNIT ( .MILLI., .METRE. ) );
#3831 = CARTESIAN_POINT ( 'NONE',  ( -12.50000000000000000, 8.900000000000000400, -12.08578643762690800 ) ) ;
#3832 = LINE ( 'NONE', #3343, #3810 ) ;
#3833 = VERTEX_POINT ( 'NONE', #230 ) ;
#3834 =( NAMED_UNIT ( * ) PLANE_ANGLE_UNIT ( ) SI_UNIT ( $, .RADIAN. ) );
#3835 = VERTEX_POINT ( 'NONE', #4365 ) ;
#3836 = UNCERTAINTY_MEASURE_WITH_UNIT (LENGTH_MEASURE( 1.000000000000000100E-005 ), #2068, 'distance_accuracy_value', 'NONE');
#3837 = EDGE_CURVE ( 'NONE', #396, #1552, #3903, .T. ) ;
#3838 = CIRCLE ( 'NONE', #507, 0.4999999999770361500 ) ;
#3839 = FILL_AREA_STYLE_COLOUR ( '', #621 ) ;
#3840 =( NAMED_UNIT ( * ) SI_UNIT ( $, .STERADIAN. ) SOLID_ANGLE_UNIT ( ) );
#3841 =( NAMED_UNIT ( * ) SI_UNIT ( $, .STERADIAN. ) SOLID_ANGLE_UNIT ( ) );
#3842 = VERTEX_POINT ( 'NONE', #2471 ) ;
#3843 = LINE ( 'NONE', #3353, #1035 ) ;
#3844 = EDGE_CURVE ( 'NONE', #2999, #1752, #2004, .T. ) ;
#3845 = VERTEX_POINT ( 'NONE', #585 ) ;
#3846 = EDGE_CURVE ( 'NONE', #173, #295, #1291, .T. ) ;
#3847 = CARTESIAN_POINT ( 'NONE',  ( -10.08100705330457600, -3.399999999999993200, -9.666279315416444400 ) ) ;
#3848 =( NAMED_UNIT ( * ) SI_UNIT ( $, .STERADIAN. ) SOLID_ANGLE_UNIT ( ) );
#3849 = AXIS2_PLACEMENT_3D ( 'NONE', #292, #4427, #3956 ) ;
#3850 = ORIENTED_EDGE ( 'NONE', *, *, #1328, .F. ) ;
#3851 = PRESENTATION_STYLE_ASSIGNMENT (( #4312 ) ) ;
#3852 = FILL_AREA_STYLE_COLOUR ( '', #3755 ) ;
#3853 = AXIS2_PLACEMENT_3D ( 'NONE', #3498, #3048, #2553 ) ;
#3854 = CARTESIAN_POINT ( 'NONE',  ( 11.99999999997704200, 0.5999999999999999800, -7.000000000022963900 ) ) ;
#3855 = FILL_AREA_STYLE_COLOUR ( '', #138 ) ;
#3856 = CARTESIAN_POINT ( 'NONE',  ( -11.49999999999999800, 8.900000000000002100, 1.595945597898662100E-015 ) ) ;
#3857 = CARTESIAN_POINT ( 'NONE',  ( 10.15999999999999800, 0.5999999999999998700, 10.16000000000000200 ) ) ;
#3858 = PRESENTATION_LAYER_ASSIGNMENT (  '', '', ( #3728 ) ) ;
#3859 = EDGE_CURVE ( 'NONE', #1334, #173, #1988, .T. ) ;
#3860 = EDGE_LOOP ( 'NONE', ( #1119, #3701 ) ) ;
#3861 = FILL_AREA_STYLE_COLOUR ( '', #497 ) ;
#3862 = VECTOR ( 'NONE', #2105, 1000.000000000000000 ) ;
#3863 = FILL_AREA_STYLE ('',( #4322 ) ) ;
#3864 = AXIS2_PLACEMENT_3D ( 'NONE', #194, #3870, #3378 ) ;
#3865 = PRESENTATION_LAYER_ASSIGNMENT (  '', '', ( #3427 ) ) ;
#3866 = AXIS2_PLACEMENT_3D ( 'NONE', #3891, #3398, #2947 ) ;
#3867 = ORIENTED_EDGE ( 'NONE', *, *, #3431, .T. ) ;
#3868 = FILL_AREA_STYLE_COLOUR ( '', #3673 ) ;
#3869 = EDGE_CURVE ( 'NONE', #43, #2797, #1884, .T. ) ;
#3870 = DIRECTION ( 'NONE',  ( -0.0000000000000000000, -1.000000000000000000, -0.0000000000000000000 ) ) ;
#3871 = DIRECTION ( 'NONE',  ( 0.0000000000000000000, -1.000000000000000000, -0.0000000000000000000 ) ) ;
#3872 =( GEOMETRIC_REPRESENTATION_CONTEXT ( 3 ) GLOBAL_UNCERTAINTY_ASSIGNED_CONTEXT ( ( #1910 ) ) GLOBAL_UNIT_ASSIGNED_CONTEXT ( ( #3879, #2449, #1054 ) ) REPRESENTATION_CONTEXT ( 'NONE', 'WORKASPACE' ) );
#3873 = VERTEX_POINT ( 'NONE', #466 ) ;
#3874 = PLANE ( 'NONE',  #2931 ) ;
#3875 = CARTESIAN_POINT ( 'NONE',  ( 10.15999999999999800, 0.5999999999999998700, -10.15999999999999800 ) ) ;
#3876 = VECTOR ( 'NONE', #402, 1000.000000000000000 ) ;
#3877 = CARTESIAN_POINT ( 'NONE',  ( 10.15999999999999800, -3.399999999999993200, 1.734723475976807100E-015 ) ) ;
#3878 = LINE ( 'NONE', #3387, #2865 ) ;
#3879 =( LENGTH_UNIT ( ) NAMED_UNIT ( * ) SI_UNIT ( .MILLI., .METRE. ) );
#3880 = UNCERTAINTY_MEASURE_WITH_UNIT (LENGTH_MEASURE( 1.000000000000000100E-005 ), #2059, 'distance_accuracy_value', 'NONE');
#3881 = CARTESIAN_POINT ( 'NONE',  ( -12.00000000000000000, 0.0000000000000000000, 7.500000000000004400 ) ) ;
#3882 = FILL_AREA_STYLE ('',( #4337 ) ) ;
#3883 = DIRECTION ( 'NONE',  ( 0.0000000000000000000, -0.0000000000000000000, 1.000000000000000000 ) ) ;
#3884 = ADVANCED_FACE ( 'NONE', ( #2801 ), #2352, .T. ) ;
#3885 = VECTOR ( 'NONE', #1298, 1000.000000000000000 ) ;
#3886 = PRESENTATION_STYLE_ASSIGNMENT (( #4340 ) ) ;
#3887 = FILL_AREA_STYLE_COLOUR ( '', #4299 ) ;
#3888 = CARTESIAN_POINT ( 'NONE',  ( -10.15999999999999800, 0.0000000000000000000, -3.139999999999997000 ) ) ;
#3889 = CARTESIAN_POINT ( 'NONE',  ( 10.15999999999999800, 0.0000000000000000000, 10.76000000000000300 ) ) ;
#3890 = ORIENTED_EDGE ( 'NONE', *, *, #2519, .F. ) ;
#3891 = CARTESIAN_POINT ( 'NONE',  ( 12.69999999999999900, 0.0000000000000000000, -4.499999999999997300 ) ) ;
#3892 = CARTESIAN_POINT ( 'NONE',  ( -10.15999999999999800, -3.399999999999993200, 2.540000000000002300 ) ) ;
#3893 = FILL_AREA_STYLE ('',( #4351 ) ) ;
#3894 = MECHANICAL_DESIGN_GEOMETRIC_PRESENTATION_REPRESENTATION (  '', ( #3578 ), #3370 ) ;
#3895 = MECHANICAL_DESIGN_GEOMETRIC_PRESENTATION_REPRESENTATION (  '', ( #3284 ), #89 ) ;
#3896 = STYLED_ITEM ( 'NONE', ( #447 ), #2201 ) ;
#3897 = ORIENTED_EDGE ( 'NONE', *, *, #4472, .F. ) ;
#3898 = VECTOR ( 'NONE', #2383, 1000.000000000000000 ) ;
#3899 = FACE_OUTER_BOUND ( 'NONE', #2485, .T. ) ;
#3900 = SURFACE_STYLE_FILL_AREA ( #4359 ) ;
#3901 = ORIENTED_EDGE ( 'NONE', *, *, #3279, .T. ) ;
#3902 = CARTESIAN_POINT ( 'NONE',  ( 11.50000000000000700, 9.900000000007183900, 12.08578643762033700 ) ) ;
#3903 = LINE ( 'NONE', #3408, #2435 ) ;
#3904 = CARTESIAN_POINT ( 'NONE',  ( 10.26414423965196400, -3.400000000025096300, -0.4890337179944638200 ) ) ;
#3905 = DIRECTION ( 'NONE',  ( 0.0000000000000000000, -0.0000000000000000000, 1.000000000000000000 ) ) ;
#3906 = MECHANICAL_DESIGN_GEOMETRIC_PRESENTATION_REPRESENTATION (  '', ( #3295 ), #1909 ) ;
#3907 = ORIENTED_EDGE ( 'NONE', *, *, #2159, .F. ) ;
#3908 = LINE ( 'NONE', #3417, #3798 ) ;
#3909 = VERTEX_POINT ( 'NONE', #3988 ) ;
#3910 =( GEOMETRIC_REPRESENTATION_CONTEXT ( 3 ) GLOBAL_UNCERTAINTY_ASSIGNED_CONTEXT ( ( #1120 ) ) GLOBAL_UNIT_ASSIGNED_CONTEXT ( ( #3153, #1729, #306 ) ) REPRESENTATION_CONTEXT ( 'NONE', 'WORKASPACE' ) );
#3911 = CARTESIAN_POINT ( 'NONE',  ( -10.23899294669542000, -3.399999999999993200, 2.046279315416447400 ) ) ;
#3912 = CARTESIAN_POINT ( 'NONE',  ( 9.666279315429557400, 0.5999999999999998700, 10.23899294669332600 ) ) ;
#3913 = ORIENTED_EDGE ( 'NONE', *, *, #3805, .T. ) ;
#3914 =( LENGTH_UNIT ( ) NAMED_UNIT ( * ) SI_UNIT ( .MILLI., .METRE. ) );
#3915 = CARTESIAN_POINT ( 'NONE',  ( 10.26414423965719400, -3.399999999999993200, -10.64903371801901800 ) ) ;
#3916 = VERTEX_POINT ( 'NONE', #3503 ) ;
#3917 = LINE ( 'NONE', #3425, #1398 ) ;
#3918 = LINE ( 'NONE', #3426, #1985 ) ;
#3919 = DIRECTION ( 'NONE',  ( -0.0000000000000000000, 1.000000000000000000, -0.0000000000000000000 ) ) ;
#3920 = CARTESIAN_POINT ( 'NONE',  ( 12.69999999999999900, 0.5999999999999999800, -12.69999999999999900 ) ) ;
#3921 = ORIENTED_EDGE ( 'NONE', *, *, #3805, .F. ) ;
#3922 = PRESENTATION_LAYER_ASSIGNMENT (  '', '', ( #3551 ) ) ;
#3923 = DIRECTION ( 'NONE',  ( 0.0000000000000000000, -0.0000000000000000000, 1.000000000000000000 ) ) ;
#3924 =( GEOMETRIC_REPRESENTATION_CONTEXT ( 3 ) GLOBAL_UNCERTAINTY_ASSIGNED_CONTEXT ( ( #4532 ) ) GLOBAL_UNIT_ASSIGNED_CONTEXT ( ( #856, #4035, #2616 ) ) REPRESENTATION_CONTEXT ( 'NONE', 'WORKASPACE' ) );
#3925 = PLANE ( 'NONE',  #2224 ) ;
#3926 = FILL_AREA_STYLE_COLOUR ( '', #1257 ) ;
#3927 = DIRECTION ( 'NONE',  ( -1.000000000000000000, 0.0000000000000000000, -0.0000000000000000000 ) ) ;
#3928 = AXIS2_PLACEMENT_3D ( 'NONE', #3154, #2655, #2179 ) ;
#3929 = FILL_AREA_STYLE ('',( #4401 ) ) ;
#3930 = VERTEX_POINT ( 'NONE', #3057 ) ;
#3931 = COLOUR_RGB ( '',0.7921568627450980000, 0.8196078431372548800, 0.9333333333333333500 ) ;
#3932 = SURFACE_STYLE_FILL_AREA ( #4403 ) ;
#3933 = ORIENTED_EDGE ( 'NONE', *, *, #3869, .F. ) ;
#3934 = LINE ( 'NONE', #3449, #3577 ) ;
#3935 = STYLED_ITEM ( 'NONE', ( #4182 ), #4169 ) ;
#3936 = ORIENTED_EDGE ( 'NONE', *, *, #4132, .T. ) ;
#3937 = CARTESIAN_POINT ( 'NONE',  ( 12.00000000000000700, 0.5999999999999998700, -4.499999999999990200 ) ) ;
#3938 = DIRECTION ( 'NONE',  ( 0.0000000000000000000, 1.000000000000000000, 0.0000000000000000000 ) ) ;
#3939 = UNCERTAINTY_MEASURE_WITH_UNIT (LENGTH_MEASURE( 1.000000000000000100E-005 ), #2245, 'distance_accuracy_value', 'NONE');
#3940 = CARTESIAN_POINT ( 'NONE',  ( 11.50000000000000700, 0.0000000000000000000, -6.999999999999992000 ) ) ;
#3941 =( NAMED_UNIT ( * ) PLANE_ANGLE_UNIT ( ) SI_UNIT ( $, .RADIAN. ) );
#3942 = LINE ( 'NONE', #3460, #3193 ) ;
#3943 = MECHANICAL_DESIGN_GEOMETRIC_PRESENTATION_REPRESENTATION (  '', ( #2656 ), #2183 ) ;
#3944 = EDGE_LOOP ( 'NONE', ( #677, #554, #4109, #3592, #4003 ) ) ;
#3945 = CIRCLE ( 'NONE', #76, 0.4999999999999999400 ) ;
#3946 = EDGE_CURVE ( 'NONE', #148, #3344, #2562, .T. ) ;
#3947 = CYLINDRICAL_SURFACE ( 'NONE', #3233, 0.4999999999999998900 ) ;
#3948 = MECHANICAL_DESIGN_GEOMETRIC_PRESENTATION_REPRESENTATION (  '', ( #1450 ), #4053 ) ;
#3949 = FACE_OUTER_BOUND ( 'NONE', #118, .T. ) ;
#3950 = MECHANICAL_DESIGN_GEOMETRIC_PRESENTATION_REPRESENTATION (  '', ( #3427 ), #3872 ) ;
#3951 = SURFACE_STYLE_USAGE ( .BOTH. , #4420 ) ;
#3952 = SURFACE_STYLE_USAGE ( .BOTH. , #4424 ) ;
#3953 = SURFACE_STYLE_FILL_AREA ( #4425 ) ;
#3954 = CIRCLE ( 'NONE', #4410, 0.4000000000132787900 ) ;
#3955 = ORIENTED_EDGE ( 'NONE', *, *, #2556, .F. ) ;
#3956 = DIRECTION ( 'NONE',  ( 0.0000000000000000000, -0.0000000000000000000, 1.000000000000000000 ) ) ;
#3957 = PRESENTATION_STYLE_ASSIGNMENT (( #4428 ) ) ;
#3958 = ORIENTED_EDGE ( 'NONE', *, *, #1136, .F. ) ;
#3959 = DIRECTION ( 'NONE',  ( 0.0000000000000000000, 0.0000000000000000000, 1.000000000000000000 ) ) ;
#3960 = STYLED_ITEM ( 'NONE', ( #452 ), #3618 ) ;
#3961 =( LENGTH_UNIT ( ) NAMED_UNIT ( * ) SI_UNIT ( .MILLI., .METRE. ) );
#3962 = ORIENTED_EDGE ( 'NONE', *, *, #3946, .T. ) ;
#3963 = LINE ( 'NONE', #3027, #147 ) ;
#3964 = PLANE ( 'NONE',  #384 ) ;
#3965 = DIRECTION ( 'NONE',  ( 0.0000000000000000000, -1.000000000000000000, -0.0000000000000000000 ) ) ;
#3966 = CARTESIAN_POINT ( 'NONE',  ( -10.15999999999999800, -3.499999999943150800, 2.540000000000002300 ) ) ;
#3967 = LINE ( 'NONE', #3485, #188 ) ;
#3968 = CIRCLE ( 'NONE', #3752, 0.5999999999999998700 ) ;
#3969 = CARTESIAN_POINT ( 'NONE',  ( 10.65372068457044100, 0.5999999999999998700, 10.08100705330667800 ) ) ;
#3970 = EDGE_CURVE ( 'NONE', #2875, #2202, #1488, .T. ) ;
#3971 = VECTOR ( 'NONE', #36, 1000.000000000000000 ) ;
#3972 = ORIENTED_EDGE ( 'NONE', *, *, #4184, .F. ) ;
#3973 = STYLED_ITEM ( 'NONE', ( #2525 ), #213 ) ;
#3974 = STYLED_ITEM ( 'NONE', ( #416 ), #234 ) ;
#3975 = ORIENTED_EDGE ( 'NONE', *, *, #1370, .F. ) ;
#3976 = MECHANICAL_DESIGN_GEOMETRIC_PRESENTATION_REPRESENTATION (  '', ( #3728 ), #2945 ) ;
#3977 = STYLED_ITEM ( 'NONE', ( #4348 ), #2426 ) ;
#3978 =( NAMED_UNIT ( * ) PLANE_ANGLE_UNIT ( ) SI_UNIT ( $, .RADIAN. ) );
#3979 = AXIS2_PLACEMENT_3D ( 'NONE', #1761, #1293, #818 ) ;
#3980 = PRESENTATION_LAYER_ASSIGNMENT (  '', '', ( #2422 ) ) ;
#3981 =( GEOMETRIC_REPRESENTATION_CONTEXT ( 3 ) GLOBAL_UNCERTAINTY_ASSIGNED_CONTEXT ( ( #3939 ) ) GLOBAL_UNIT_ASSIGNED_CONTEXT ( ( #2245, #858, #4037 ) ) REPRESENTATION_CONTEXT ( 'NONE', 'WORKASPACE' ) );
#3982 = ORIENTED_EDGE ( 'NONE', *, *, #1653, .T. ) ;
#3983 = CARTESIAN_POINT ( 'NONE',  ( 12.50000000000000400, 8.900000000000002100, -11.50000000000000000 ) ) ;
#3984 =( NAMED_UNIT ( * ) SI_UNIT ( $, .STERADIAN. ) SOLID_ANGLE_UNIT ( ) );
#3985 = DIRECTION ( 'NONE',  ( 0.0000000000000000000, 1.000000000000000000, 0.0000000000000000000 ) ) ;
#3986 = ADVANCED_FACE ( 'NONE', ( #2192 ), #445, .T. ) ;
#3987 = LINE ( 'NONE', #3502, #2408 ) ;
#3988 = CARTESIAN_POINT ( 'NONE',  ( -12.49999999999999500, 0.5999999999999998700, 7.500000000000003600 ) ) ;
#3989 =( NAMED_UNIT ( * ) PLANE_ANGLE_UNIT ( ) SI_UNIT ( $, .RADIAN. ) );
#3990 = STYLED_ITEM ( 'NONE', ( #1723 ), #3784 ) ;
#3991 = DIRECTION ( 'NONE',  ( 0.0000000000000000000, 0.0000000000000000000, 1.000000000000000000 ) ) ;
#3992 = FILL_AREA_STYLE_COLOUR ( '', #3327 ) ;
#3993 = SURFACE_SIDE_STYLE ('',( #4461 ) ) ;
#3994 = CARTESIAN_POINT ( 'NONE',  ( -12.69999999999999900, 0.0000000000000000000, -4.499999999999997300 ) ) ;
#3995 = DIRECTION ( 'NONE',  ( 0.0000000000000000000, 1.000000000000000000, 0.0000000000000000000 ) ) ;
#3996 = ORIENTED_EDGE ( 'NONE', *, *, #902, .F. ) ;
#3997 = DIRECTION ( 'NONE',  ( 0.0000000000000000000, 1.000000000000000000, 0.0000000000000000000 ) ) ;
#3998 = AXIS2_PLACEMENT_3D ( 'NONE', #2135, #1685, #1215 ) ;
#3999 = VERTEX_POINT ( 'NONE', #3192 ) ;
#4000 = DIRECTION ( 'NONE',  ( 6.505213034913058200E-016, -0.0000000000000000000, 1.000000000000000000 ) ) ;
#4001 = DIRECTION ( 'NONE',  ( 0.0000000000000000000, 0.0000000000000000000, 1.000000000000000000 ) ) ;
#4002 = PRESENTATION_LAYER_ASSIGNMENT (  '', '', ( #3896 ) ) ;
#4003 = ORIENTED_EDGE ( 'NONE', *, *, #3631, .F. ) ;
#4004 = SURFACE_STYLE_FILL_AREA ( #4479 ) ;
#4005 = CARTESIAN_POINT ( 'NONE',  ( 12.50000000000000700, 8.900000000000003900, 11.50000000000000200 ) ) ;
#4006 = AXIS2_PLACEMENT_3D ( 'NONE', #3230, #2748, #2262 ) ;
#4007 = DIRECTION ( 'NONE',  ( 3.469446951953623300E-015, -0.0000000000000000000, -1.000000000000000000 ) ) ;
#4008 = FACE_OUTER_BOUND ( 'NONE', #4372, .T. ) ;
#4009 = DIRECTION ( 'NONE',  ( 0.0000000000000000000, 0.0000000000000000000, -1.000000000000000000 ) ) ;
#4010 = UNCERTAINTY_MEASURE_WITH_UNIT (LENGTH_MEASURE( 1.000000000000000100E-005 ), #1849, 'distance_accuracy_value', 'NONE');
#4011 = DIRECTION ( 'NONE',  ( 0.0000000000000000000, 0.0000000000000000000, 1.000000000000000000 ) ) ;
#4012 = ORIENTED_EDGE ( 'NONE', *, *, #4581, .T. ) ;
#4013 = LINE ( 'NONE', #3536, #333 ) ;
#4014 = VERTEX_POINT ( 'NONE', #2701 ) ;
#4015 = LINE ( 'NONE', #3539, #467 ) ;
#4016 = DIRECTION ( 'NONE',  ( 0.0000000000000000000, -1.000000000000000000, 0.0000000000000000000 ) ) ;
#4017 = ORIENTED_EDGE ( 'NONE', *, *, #1136, .T. ) ;
#4018 = DIRECTION ( 'NONE',  ( 1.000000000000000000, -0.0000000000000000000, 3.469446951953623300E-015 ) ) ;
#4019 = DIRECTION ( 'NONE',  ( -0.0000000000000000000, 1.000000000000000000, 0.0000000000000000000 ) ) ;
#4020 = CARTESIAN_POINT ( 'NONE',  ( 10.22319435735675500, -3.499999999943150800, 10.55497654766946700 ) ) ;
#4021 = CARTESIAN_POINT ( 'NONE',  ( -12.69999999999999900, 0.0000000000000000000, -12.69999999999999900 ) ) ;
#4022 = AXIS2_PLACEMENT_3D ( 'NONE', #3304, #2838, #2355 ) ;
#4023 = EDGE_LOOP ( 'NONE', ( #2268, #1993, #107 ) ) ;
#4024 = CIRCLE ( 'NONE', #580, 0.4999999999770353100 ) ;
#4025 =( NAMED_UNIT ( * ) PLANE_ANGLE_UNIT ( ) SI_UNIT ( $, .RADIAN. ) );
#4026 = MECHANICAL_DESIGN_GEOMETRIC_PRESENTATION_REPRESENTATION (  '', ( #3551 ), #4571 ) ;
#4027 =( NAMED_UNIT ( * ) SI_UNIT ( $, .STERADIAN. ) SOLID_ANGLE_UNIT ( ) );
#4028 =( NAMED_UNIT ( * ) PLANE_ANGLE_UNIT ( ) SI_UNIT ( $, .RADIAN. ) );
#4029 = AXIS2_PLACEMENT_3D ( 'NONE', #2476, #594, #120 ) ;
#4030 = DIRECTION ( 'NONE',  ( -0.0000000000000000000, 1.000000000000000000, -0.0000000000000000000 ) ) ;
#4031 = CARTESIAN_POINT ( 'NONE',  ( -11.50000000000000000, 9.899999999999998600, -11.50000000000000000 ) ) ;
#4032 = DIRECTION ( 'NONE',  ( 0.0000000000000000000, 1.000000000000000000, 0.0000000000000000000 ) ) ;
#4033 =( NAMED_UNIT ( * ) PLANE_ANGLE_UNIT ( ) SI_UNIT ( $, .RADIAN. ) );
#4034 = CIRCLE ( 'NONE', #1376, 0.4999999999999998900 ) ;
#4035 =( NAMED_UNIT ( * ) PLANE_ANGLE_UNIT ( ) SI_UNIT ( $, .RADIAN. ) );
#4036 = ORIENTED_EDGE ( 'NONE', *, *, #3403, .F. ) ;
#4037 =( NAMED_UNIT ( * ) SI_UNIT ( $, .STERADIAN. ) SOLID_ANGLE_UNIT ( ) );
#4038 = ORIENTED_EDGE ( 'NONE', *, *, #3346, .F. ) ;
#4039 = DIRECTION ( 'NONE',  ( 0.0000000000000000000, 0.0000000000000000000, 1.000000000000000000 ) ) ;
#4040 = SURFACE_SIDE_STYLE ('',( #4516 ) ) ;
#4041 = ORIENTED_EDGE ( 'NONE', *, *, #3107, .T. ) ;
#4042 = CARTESIAN_POINT ( 'NONE',  ( 10.15999999999999800, -3.399999999999993200, 1.734723475976807100E-015 ) ) ;
#4043 = CARTESIAN_POINT ( 'NONE',  ( 10.64903371800602900, -3.399999999999993200, -10.05585576034557100 ) ) ;
#4044 = STYLED_ITEM ( 'NONE', ( #52 ), #3436 ) ;
#4045 = FILL_AREA_STYLE ('',( #4523 ) ) ;
#4046 = CARTESIAN_POINT ( 'NONE',  ( -9.666279315429557400, 9.200000000000004600, 2.461007053306677700 ) ) ;
#4047 =( LENGTH_UNIT ( ) NAMED_UNIT ( * ) SI_UNIT ( .MILLI., .METRE. ) );
#4048 = SURFACE_STYLE_FILL_AREA ( #4526 ) ;
#4049 = COLOUR_RGB ( '',1.000000000000000000, 1.000000000000000000, 1.000000000000000000 ) ;
#4050 = PRESENTATION_LAYER_ASSIGNMENT (  '', '', ( #3935 ) ) ;
#4051 = ORIENTED_EDGE ( 'NONE', *, *, #967, .F. ) ;
#4052 = EDGE_LOOP ( 'NONE', ( #3933, #3972, #187, #794, #3216 ) ) ;
#4053 =( GEOMETRIC_REPRESENTATION_CONTEXT ( 3 ) GLOBAL_UNCERTAINTY_ASSIGNED_CONTEXT ( ( #2454 ) ) GLOBAL_UNIT_ASSIGNED_CONTEXT ( ( #2686, #1287, #4470 ) ) REPRESENTATION_CONTEXT ( 'NONE', 'WORKASPACE' ) );
#4054 = FACE_BOUND ( 'NONE', #815, .T. ) ;
#4055 = SURFACE_SIDE_STYLE ('',( #4531 ) ) ;
#4056 = DIRECTION ( 'NONE',  ( -0.0000000000000000000, 1.000000000000000000, 0.0000000000000000000 ) ) ;
#4057 = CIRCLE ( 'NONE', #1504, 0.6000000000000015300 ) ;
#4058 = FILL_AREA_STYLE_COLOUR ( '', #905 ) ;
#4059 = PLANE ( 'NONE',  #282 ) ;
#4060 = VECTOR ( 'NONE', #149, 1000.000000000000000 ) ;
#4061 = VERTEX_POINT ( 'NONE', #2216 ) ;
#4062 = LINE ( 'NONE', #3589, #1165 ) ;
#4063 = VECTOR ( 'NONE', #2137, 1000.000000000000000 ) ;
#4064 = ORIENTED_EDGE ( 'NONE', *, *, #2780, .T. ) ;
#4065 = ORIENTED_EDGE ( 'NONE', *, *, #3814, .T. ) ;
#4066 = CARTESIAN_POINT ( 'NONE',  ( 12.50000000000000500, 0.5999999999999998700, 7.500000000000003600 ) ) ;
#4067 = ORIENTED_EDGE ( 'NONE', *, *, #3058, .F. ) ;
#4068 = DIRECTION ( 'NONE',  ( 0.0000000000000000000, 0.0000000000000000000, 1.000000000000000000 ) ) ;
#4069 = FILL_AREA_STYLE_COLOUR ( '', #3066 ) ;
#4070 = COLOUR_RGB ( '',0.7921568627450980000, 0.8196078431372548800, 0.9333333333333333500 ) ;
#4071 =( NAMED_UNIT ( * ) SI_UNIT ( $, .STERADIAN. ) SOLID_ANGLE_UNIT ( ) );
#4072 = EDGE_CURVE ( 'NONE', #3638, #2797, #241, .T. ) ;
#4073 =( NAMED_UNIT ( * ) PLANE_ANGLE_UNIT ( ) SI_UNIT ( $, .RADIAN. ) );
#4074 = PRESENTATION_LAYER_ASSIGNMENT (  '', '', ( #3960 ) ) ;
#4075 = ORIENTED_EDGE ( 'NONE', *, *, #4457, .T. ) ;
#4076 = SURFACE_STYLE_FILL_AREA ( #4554 ) ;
#4077 = EDGE_CURVE ( 'NONE', #3628, #148, #2008, .T. ) ;
#4078 = CIRCLE ( 'NONE', #3864, 0.6000000000000015300 ) ;
#4079 = STYLED_ITEM ( 'NONE', ( #1813 ), #4463 ) ;
#4080 = ADVANCED_FACE ( 'NONE', ( #4107, #1058 ), #4256, .F. ) ;
#4081 = SURFACE_SIDE_STYLE ('',( #4557 ) ) ;
#4082 = FILL_AREA_STYLE ('',( #4558 ) ) ;
#4083 = VECTOR ( 'NONE', #1241, 1000.000000000000000 ) ;
#4084 = PRESENTATION_LAYER_ASSIGNMENT (  '', '', ( #3974 ) ) ;
#4085 =( GEOMETRIC_REPRESENTATION_CONTEXT ( 3 ) GLOBAL_UNCERTAINTY_ASSIGNED_CONTEXT ( ( #1792 ) ) GLOBAL_UNIT_ASSIGNED_CONTEXT ( ( #1127, #4303, #2897 ) ) REPRESENTATION_CONTEXT ( 'NONE', 'WORKASPACE' ) );
#4086 = EDGE_LOOP ( 'NONE', ( #3563, #250, #2285, #3723 ) ) ;
#4087 = SURFACE_STYLE_USAGE ( .BOTH. , #4561 ) ;
#4088 = PRESENTATION_LAYER_ASSIGNMENT (  '', '', ( #3977 ) ) ;
#4089 = PRESENTATION_STYLE_ASSIGNMENT (( #4563 ) ) ;
#4090 = VECTOR ( 'NONE', #1502, 1000.000000000000000 ) ;
#4091 = COLOUR_RGB ( '',0.7921568627450980000, 0.8196078431372548800, 0.9333333333333333500 ) ;
#4092 = MECHANICAL_DESIGN_GEOMETRIC_PRESENTATION_REPRESENTATION (  '', ( #2422 ), #434 ) ;
#4093 = ORIENTED_EDGE ( 'NONE', *, *, #3475, .T. ) ;
#4094 = FILL_AREA_STYLE ('',( #4567 ) ) ;
#4095 = EDGE_CURVE ( 'NONE', #4181, #2856, #2358, .T. ) ;
#4096 = DIRECTION ( 'NONE',  ( 2.141108110448990900E-018, 1.000000000000000000, 1.338232597062403400E-017 ) ) ;
#4097 = DIRECTION ( 'NONE',  ( 1.000000000000000000, 0.0000000000000000000, -1.387778780781445700E-016 ) ) ;
#4098 =( LENGTH_UNIT ( ) NAMED_UNIT ( * ) SI_UNIT ( .MILLI., .METRE. ) );
#4099 = SURFACE_STYLE_FILL_AREA ( #3929 ) ;
#4100 = CARTESIAN_POINT ( 'NONE',  ( 10.23899294669145600, -3.400000000025096300, 10.65372068455876900 ) ) ;
#4101 = VERTEX_POINT ( 'NONE', #470 ) ;
#4102 =( NAMED_UNIT ( * ) SI_UNIT ( $, .STERADIAN. ) SOLID_ANGLE_UNIT ( ) );
#4103 = DIRECTION ( 'NONE',  ( 0.0000000000000000000, 0.0000000000000000000, 1.000000000000000000 ) ) ;
#4104 = PRESENTATION_STYLE_ASSIGNMENT (( #4577 ) ) ;
#4105 = CONICAL_SURFACE ( 'NONE', #3748, 0.4999999999881766200, 0.7853981636816653700 ) ;
#4106 = FACE_OUTER_BOUND ( 'NONE', #2088, .T. ) ;
#4107 = FACE_BOUND ( 'NONE', #714, .T. ) ;
#4108 = ADVANCED_FACE ( 'NONE', ( #1178 ), #2587, .F. ) ;
#4109 = ORIENTED_EDGE ( 'NONE', *, *, #951, .T. ) ;
#4110 = UNCERTAINTY_MEASURE_WITH_UNIT (LENGTH_MEASURE( 1.000000000000000100E-005 ), #390, 'distance_accuracy_value', 'NONE');
#4111 = VECTOR ( 'NONE', #4591, 1000.000000000000000 ) ;
#4112 = ADVANCED_FACE ( 'NONE', ( #2339 ), #1172, .F. ) ;
#4113 = CYLINDRICAL_SURFACE ( 'NONE', #2561, 0.6000000000000015300 ) ;
#4114 =( NAMED_UNIT ( * ) SI_UNIT ( $, .STERADIAN. ) SOLID_ANGLE_UNIT ( ) );
#4115 = VERTEX_POINT ( 'NONE', #3888 ) ;
#4116 = CARTESIAN_POINT ( 'NONE',  ( 0.0000000000000000000, 0.5999999999999998700, 0.0000000000000000000 ) ) ;
#4117 = FILL_AREA_STYLE_COLOUR ( '', #3111 ) ;
#4118 = MECHANICAL_DESIGN_GEOMETRIC_PRESENTATION_REPRESENTATION (  '', ( #3896 ), #1034 ) ;
#4119 = DIRECTION ( 'NONE',  ( -1.000000000000000000, 0.0000000000000000000, 6.505213034913057200E-016 ) ) ;
#4120 = ADVANCED_FACE ( 'NONE', ( #3410 ), #4, .F. ) ;
#4121 = FACE_OUTER_BOUND ( 'NONE', #2108, .T. ) ;
#4122 = SURFACE_SIDE_STYLE ('',( #4589 ) ) ;
#4123 =( GEOMETRIC_REPRESENTATION_CONTEXT ( 3 ) GLOBAL_UNCERTAINTY_ASSIGNED_CONTEXT ( ( #778 ) ) GLOBAL_UNIT_ASSIGNED_CONTEXT ( ( #1335, #4519, #3118 ) ) REPRESENTATION_CONTEXT ( 'NONE', 'WORKASPACE' ) );
#4124 = LINE ( 'NONE', #3652, #4342 ) ;
#4125 = VERTEX_POINT ( 'NONE', #2706 ) ;
#4126 = CARTESIAN_POINT ( 'NONE',  ( 11.99999999997703500, 0.0000000000000000000, 7.000000000022967400 ) ) ;
#4127 = ORIENTED_EDGE ( 'NONE', *, *, #1834, .F. ) ;
#4128 = SURFACE_STYLE_FILL_AREA ( #4595 ) ;
#4129 = DIRECTION ( 'NONE',  ( 0.0000000000000000000, 1.000000000000000000, 0.0000000000000000000 ) ) ;
#4130 = STYLED_ITEM ( 'NONE', ( #538 ), #1317 ) ;
#4131 = ORIENTED_EDGE ( 'NONE', *, *, #1379, .F. ) ;
#4132 = EDGE_CURVE ( 'NONE', #1600, #2832, #2222, .T. ) ;
#4133 =( GEOMETRIC_REPRESENTATION_CONTEXT ( 3 ) GLOBAL_UNCERTAINTY_ASSIGNED_CONTEXT ( ( #652 ) ) GLOBAL_UNIT_ASSIGNED_CONTEXT ( ( #1739, #313, #3495 ) ) REPRESENTATION_CONTEXT ( 'NONE', 'WORKASPACE' ) );
#4134 = FILL_AREA_STYLE ('',( #3 ) ) ;
#4135 = COLOUR_RGB ( '',0.7921568627450980000, 0.8196078431372548800, 0.9333333333333333500 ) ;
#4136 = AXIS2_PLACEMENT_3D ( 'NONE', #1888, #961, #468 ) ;
#4137 = ORIENTED_EDGE ( 'NONE', *, *, #1346, .T. ) ;
#4138 = SURFACE_STYLE_USAGE ( .BOTH. , #6 ) ;
#4139 = CARTESIAN_POINT ( 'NONE',  ( 11.50000000000000700, 0.0000000000000000000, 5.000000000000001800 ) ) ;
#4140 = FILL_AREA_STYLE ('',( #8 ) ) ;
#4141 = EDGE_CURVE ( 'NONE', #3807, #3734, #352, .T. ) ;
#4142 = FILL_AREA_STYLE ('',( #11 ) ) ;
#4143 = ADVANCED_FACE ( 'NONE', ( #3537 ), #4397, .T. ) ;
#4144 = FILL_AREA_STYLE ('',( #13 ) ) ;
#4145 = ORIENTED_EDGE ( 'NONE', *, *, #3075, .F. ) ;
#4146 = SURFACE_STYLE_USAGE ( .BOTH. , #15 ) ;
#4147 = VECTOR ( 'NONE', #1080, 1000.000000000000000 ) ;
#4148 = CIRCLE ( 'NONE', #2280, 0.4999999999770353100 ) ;
#4149 = ORIENTED_EDGE ( 'NONE', *, *, #4508, .T. ) ;
#4150 = STYLED_ITEM ( 'NONE', ( #4386 ), #3375 ) ;
#4151 = ORIENTED_EDGE ( 'NONE', *, *, #3275, .F. ) ;
#4152 = SURFACE_STYLE_FILL_AREA ( #19 ) ;
#4153 = CARTESIAN_POINT ( 'NONE',  ( -12.49999999999999300, 9.485786437626908100, 11.84314575050762000 ) ) ;
#4154 = ORIENTED_EDGE ( 'NONE', *, *, #1737, .T. ) ;
#4155 = PRESENTATION_STYLE_ASSIGNMENT (( #24 ) ) ;
#4156 =( NAMED_UNIT ( * ) SI_UNIT ( $, .STERADIAN. ) SOLID_ANGLE_UNIT ( ) );
#4157 = LINE ( 'NONE', #3686, #2539 ) ;
#4158 = EDGE_CURVE ( 'NONE', #2303, #3704, #3790, .T. ) ;
#4159 = DIRECTION ( 'NONE',  ( 0.0000000000000000000, 1.000000000000000000, 0.0000000000000000000 ) ) ;
#4160 = EDGE_CURVE ( 'NONE', #4584, #3003, #4505, .T. ) ;
#4161 = ORIENTED_EDGE ( 'NONE', *, *, #1026, .T. ) ;
#4162 = COLOUR_RGB ( '',0.7921568627450980000, 0.8196078431372548800, 0.9333333333333333500 ) ;
#4163 = PRESENTATION_LAYER_ASSIGNMENT (  '', '', ( #4044 ) ) ;
#4164 = VECTOR ( 'NONE', #889, 1000.000000000000000 ) ;
#4165 = DIRECTION ( 'NONE',  ( -0.0000000000000000000, 1.000000000000000000, 0.0000000000000000000 ) ) ;
#4166 = MECHANICAL_DESIGN_GEOMETRIC_PRESENTATION_REPRESENTATION (  '', ( #3935 ), #4408 ) ;
#4167 = ADVANCED_FACE ( 'NONE', ( #2496 ), #2248, .F. ) ;
#4168 = CARTESIAN_POINT ( 'NONE',  ( -12.49999999999999800, 10.50000000000000000, -12.50000000000000000 ) ) ;
#4169 = ADVANCED_FACE ( 'NONE', ( #1438 ), #3816, .T. ) ;
#4170 = DIRECTION ( 'NONE',  ( -0.1579858933866480100, 0.0000000000000000000, -0.9874413691408835400 ) ) ;
#4171 =( LENGTH_UNIT ( ) NAMED_UNIT ( * ) SI_UNIT ( .MILLI., .METRE. ) );
#4172 = UNCERTAINTY_MEASURE_WITH_UNIT (LENGTH_MEASURE( 1.000000000000000100E-005 ), #1279, 'distance_accuracy_value', 'NONE');
#4173 = ORIENTED_EDGE ( 'NONE', *, *, #1620, .F. ) ;
#4174 = FILL_AREA_STYLE_COLOUR ( '', #4513 ) ;
#4175 = ORIENTED_EDGE ( 'NONE', *, *, #3275, .T. ) ;
#4176 = FILL_AREA_STYLE_COLOUR ( '', #2857 ) ;
#4177 = EDGE_LOOP ( 'NONE', ( #857, #2554, #4154, #1344, #4553 ) ) ;
#4178 =( NAMED_UNIT ( * ) PLANE_ANGLE_UNIT ( ) SI_UNIT ( $, .RADIAN. ) );
#4179 = CARTESIAN_POINT ( 'NONE',  ( 11.50000000000000400, 8.900000000000002100, -12.50000000000000000 ) ) ;
#4180 = STYLED_ITEM ( 'NONE', ( #2393 ), #2367 ) ;
#4181 = VERTEX_POINT ( 'NONE', #1253 ) ;
#4182 = PRESENTATION_STYLE_ASSIGNMENT (( #46 ) ) ;
#4184 = EDGE_CURVE ( 'NONE', #3807, #43, #600, .T. ) ;
#4183 =( GEOMETRIC_REPRESENTATION_CONTEXT ( 3 ) GLOBAL_UNCERTAINTY_ASSIGNED_CONTEXT ( ( #2325 ) ) GLOBAL_UNIT_ASSIGNED_CONTEXT ( ( #3724, #2298, #910 ) ) REPRESENTATION_CONTEXT ( 'NONE', 'WORKASPACE' ) );
#4185 = FACE_OUTER_BOUND ( 'NONE', #471, .T. ) ;
#4186 = ADVANCED_FACE ( 'NONE', ( #3444 ), #3964, .F. ) ;
#4187 = SURFACE_STYLE_USAGE ( .BOTH. , #50 ) ;
#4188 = FILL_AREA_STYLE ('',( #51 ) ) ;
#4189 = ORIENTED_EDGE ( 'NONE', *, *, #2689, .T. ) ;
#4190 = UNCERTAINTY_MEASURE_WITH_UNIT (LENGTH_MEASURE( 1.000000000000000100E-005 ), #1938, 'distance_accuracy_value', 'NONE');
#4191 = CARTESIAN_POINT ( 'NONE',  ( -12.69999999999999900, 0.5999999999999999800, 7.500000000000004400 ) ) ;
#4192 = DIRECTION ( 'NONE',  ( 0.0000000000000000000, 1.000000000000000000, 0.0000000000000000000 ) ) ;
#4193 = ADVANCED_FACE ( 'NONE', ( #1118 ), #1269, .T. ) ;
#4194 = EDGE_CURVE ( 'NONE', #4353, #55, #3987, .T. ) ;
#4195 = COLOUR_RGB ( '',1.000000000000000000, 1.000000000000000000, 1.000000000000000000 ) ;
#4196 = MECHANICAL_DESIGN_GEOMETRIC_PRESENTATION_REPRESENTATION (  '', ( #3960 ), #1542 ) ;
#4197 = CARTESIAN_POINT ( 'NONE',  ( -10.09680564264324300, -3.499999999943150800, 2.934976547669467800 ) ) ;
#4198 = CARTESIAN_POINT ( 'NONE',  ( -11.50000000000000000, 0.5999999999999999800, -4.999999999999997300 ) ) ;
#4199 = APPLICATION_CONTEXT ( 'automotive_design' ) ;
#4200 = CARTESIAN_POINT ( 'NONE',  ( -10.15999999999999800, -3.399999999999993200, 2.540000000000002300 ) ) ;
#4201 =( GEOMETRIC_REPRESENTATION_CONTEXT ( 3 ) GLOBAL_UNCERTAINTY_ASSIGNED_CONTEXT ( ( #2926 ) ) GLOBAL_UNIT_ASSIGNED_CONTEXT ( ( #2670, #1267, #4453 ) ) REPRESENTATION_CONTEXT ( 'NONE', 'WORKASPACE' ) );
#4202 = ORIENTED_EDGE ( 'NONE', *, *, #1853, .T. ) ;
#4203 = DIRECTION ( 'NONE',  ( 0.9780674360120599200, 0.0000000000000000000, 0.2082884793088546100 ) ) ;
#4204 = EDGE_CURVE ( 'NONE', #1829, #2461, #2026, .T. ) ;
#4205 = CARTESIAN_POINT ( 'NONE',  ( 12.00000000000000000, 0.0000000000000000000, 4.500000000000005300 ) ) ;
#4206 = AXIS2_PLACEMENT_3D ( 'NONE', #764, #1019, #525 ) ;
#4207 = SURFACE_SIDE_STYLE ('',( #69 ) ) ;
#4208 = MECHANICAL_DESIGN_GEOMETRIC_PRESENTATION_REPRESENTATION (  '', ( #3974 ), #788 ) ;
#4209 = SURFACE_STYLE_FILL_AREA ( #70 ) ;
#4210 = ORIENTED_EDGE ( 'NONE', *, *, #1707, .T. ) ;
#4211 =( NAMED_UNIT ( * ) SI_UNIT ( $, .STERADIAN. ) SOLID_ANGLE_UNIT ( ) );
#4212 = SURFACE_SIDE_STYLE ('',( #73 ) ) ;
#4213 = MECHANICAL_DESIGN_GEOMETRIC_PRESENTATION_REPRESENTATION (  '', ( #3977 ), #196 ) ;
#4214 = AXIS2_PLACEMENT_3D ( 'NONE', #3341, #2883, #2398 ) ;
#4215 = DIRECTION ( 'NONE',  ( 0.2082884793088558600, 0.0000000000000000000, -0.9780674360120595900 ) ) ;
#4216 = DIRECTION ( 'NONE',  ( 0.0000000000000000000, -1.000000000000000000, 0.0000000000000000000 ) ) ;
#4217 = FACE_OUTER_BOUND ( 'NONE', #3298, .T. ) ;
#4218 = EDGE_CURVE ( 'NONE', #1304, #2019, #3434, .T. ) ;
#4219 = ORIENTED_EDGE ( 'NONE', *, *, #3439, .F. ) ;
#4220 = SURFACE_STYLE_USAGE ( .BOTH. , #79 ) ;
#4221 =( GEOMETRIC_REPRESENTATION_CONTEXT ( 3 ) GLOBAL_UNCERTAINTY_ASSIGNED_CONTEXT ( ( #3203 ) ) GLOBAL_UNIT_ASSIGNED_CONTEXT ( ( #3601, #2181, #784 ) ) REPRESENTATION_CONTEXT ( 'NONE', 'WORKASPACE' ) );
#4222 = ORIENTED_EDGE ( 'NONE', *, *, #608, .T. ) ;
#4223 = EDGE_CURVE ( 'NONE', #3821, #4512, #4335, .T. ) ;
#4224 = PRESENTATION_LAYER_ASSIGNMENT (  '', '', ( #3990 ) ) ;
#4225 = SURFACE_STYLE_USAGE ( .BOTH. , #87 ) ;
#4226 = SURFACE_SIDE_STYLE ('',( #88 ) ) ;
#4227 = AXIS2_PLACEMENT_3D ( 'NONE', #3787, #3306, #2839 ) ;
#4228 = ORIENTED_EDGE ( 'NONE', *, *, #172, .F. ) ;
#4229 =( LENGTH_UNIT ( ) NAMED_UNIT ( * ) SI_UNIT ( .MILLI., .METRE. ) );
#4230 = UNCERTAINTY_MEASURE_WITH_UNIT (LENGTH_MEASURE( 1.000000000000000100E-005 ), #2864, 'distance_accuracy_value', 'NONE');
#4231 = SURFACE_SIDE_STYLE ('',( #91 ) ) ;
#4232 = FILL_AREA_STYLE_COLOUR ( '', #4435 ) ;
#4233 = FACE_OUTER_BOUND ( 'NONE', #1226, .T. ) ;
#4234 = CARTESIAN_POINT ( 'NONE',  ( 10.15999999999999800, 0.5999999999999998700, 10.16000000000000200 ) ) ;
#4235 = PRESENTATION_LAYER_ASSIGNMENT (  '', '', ( #3756 ) ) ;
#4236 = EDGE_CURVE ( 'NONE', #1129, #3267, #255, .T. ) ;
#4237 =( NAMED_UNIT ( * ) SI_UNIT ( $, .STERADIAN. ) SOLID_ANGLE_UNIT ( ) );
#4238 = CARTESIAN_POINT ( 'NONE',  ( -10.15999999999999800, 0.0000000000000000000, -2.539999999999996900 ) ) ;
#4239 = CARTESIAN_POINT ( 'NONE',  ( 10.15999999999999800, 0.5999999999999998700, -10.15999999999999800 ) ) ;
#4240 = ORIENTED_EDGE ( 'NONE', *, *, #2764, .F. ) ;
#4241 =( LENGTH_UNIT ( ) NAMED_UNIT ( * ) SI_UNIT ( .MILLI., .METRE. ) );
#4242 = CARTESIAN_POINT ( 'NONE',  ( -10.15999999999999800, -3.499999999943150800, -10.15999999999999800 ) ) ;
#4243 = ORIENTED_EDGE ( 'NONE', *, *, #2348, .T. ) ;
#4244 = FILL_AREA_STYLE_COLOUR ( '', #2153 ) ;
#4245 = STYLED_ITEM ( 'NONE', ( #3134 ), #3354 ) ;
#4246 = STYLED_ITEM ( 'NONE', ( #3280 ), #1717 ) ;
#4247 = ORIENTED_EDGE ( 'NONE', *, *, #3826, .T. ) ;
#4248 = FACE_OUTER_BOUND ( 'NONE', #2084, .T. ) ;
#4249 = ORIENTED_EDGE ( 'NONE', *, *, #771, .F. ) ;
#4250 = LINE ( 'NONE', #3780, #570 ) ;
#4251 = LINE ( 'NONE', #465, #1313 ) ;
#4252 = DIRECTION ( 'NONE',  ( -1.000000000000000000, 0.0000000000000000000, 0.0000000000000000000 ) ) ;
#4253 = SURFACE_STYLE_FILL_AREA ( #115 ) ;
#4254 = UNCERTAINTY_MEASURE_WITH_UNIT (LENGTH_MEASURE( 1.000000000000000100E-005 ), #3243, 'distance_accuracy_value', 'NONE');
#4255 = DIRECTION ( 'NONE',  ( 0.9874413691408834300, 0.0000000000000000000, -0.1579858933866487800 ) ) ;
#4256 = PLANE ( 'NONE',  #4227 ) ;
#4257 = CYLINDRICAL_SURFACE ( 'NONE', #968, 0.4999999999999998900 ) ;
#4258 = ORIENTED_EDGE ( 'NONE', *, *, #4300, .F. ) ;
#4259 = AXIS2_PLACEMENT_3D ( 'NONE', #645, #165, #4302 ) ;
#4260 = CARTESIAN_POINT ( 'NONE',  ( -11.99999999997703300, 0.0000000000000000000, 7.000000000022969200 ) ) ;
#4261 = ORIENTED_EDGE ( 'NONE', *, *, #4508, .F. ) ;
#4262 = SURFACE_SIDE_STYLE ('',( #123 ) ) ;
#4263 = PRESENTATION_STYLE_ASSIGNMENT (( #124 ) ) ;
#4264 = ORIENTED_EDGE ( 'NONE', *, *, #1126, .F. ) ;
#4265 = FILL_AREA_STYLE_COLOUR ( '', #2316 ) ;
#4266 = ORIENTED_EDGE ( 'NONE', *, *, #3505, .F. ) ;
#4267 = DIRECTION ( 'NONE',  ( 0.0000000000000000000, 1.000000000000000000, 0.0000000000000000000 ) ) ;
#4268 = CARTESIAN_POINT ( 'NONE',  ( 12.50000000000000400, 0.5999999999999998700, 4.500000000000007100 ) ) ;
#4269 = SURFACE_STYLE_USAGE ( .BOTH. , #133 ) ;
#4270 = DIRECTION ( 'NONE',  ( 0.2082884793088561100, 0.0000000000000000000, -0.9780674360120595900 ) ) ;
#4271 = VERTEX_POINT ( 'NONE', #1514 ) ;
#4272 = UNCERTAINTY_MEASURE_WITH_UNIT (LENGTH_MEASURE( 1.000000000000000100E-005 ), #4098, 'distance_accuracy_value', 'NONE');
#4273 = COLOUR_RGB ( '',1.000000000000000000, 1.000000000000000000, 1.000000000000000000 ) ;
#4274 = CARTESIAN_POINT ( 'NONE',  ( -12.69999999999999900, 0.5999999999999999800, -4.499999999999997300 ) ) ;
#4275 =( LENGTH_UNIT ( ) NAMED_UNIT ( * ) SI_UNIT ( .MILLI., .METRE. ) );
#4276 = PRESENTATION_STYLE_ASSIGNMENT (( #140 ) ) ;
#4277 = MECHANICAL_DESIGN_GEOMETRIC_PRESENTATION_REPRESENTATION (  '', ( #4044 ), #950 ) ;
#4278 = DIRECTION ( 'NONE',  ( 2.141108110448990900E-018, 1.000000000000000000, 1.338232597062403400E-017 ) ) ;
#4279 = VERTEX_POINT ( 'NONE', #1055 ) ;
#4280 = CARTESIAN_POINT ( 'NONE',  ( 0.0000000000000000000, 8.900000000000002100, 11.50000000000000200 ) ) ;
#4281 = AXIS2_PLACEMENT_3D ( 'NONE', #3595, #3149, #2648 ) ;
#4282 = PRESENTATION_STYLE_ASSIGNMENT (( #143 ) ) ;
#4283 = ORIENTED_EDGE ( 'NONE', *, *, #579, .T. ) ;
#4284 = CIRCLE ( 'NONE', #314, 0.6000000000000015300 ) ;
#4285 =( NAMED_UNIT ( * ) PLANE_ANGLE_UNIT ( ) SI_UNIT ( $, .RADIAN. ) );
#4286 = ORIENTED_EDGE ( 'NONE', *, *, #2737, .T. ) ;
#4287 = FILL_AREA_STYLE ('',( #267 ) ) ;
#4288 = CARTESIAN_POINT ( 'NONE',  ( 12.50000000000000500, 8.900000000000003900, -11.50000000000000400 ) ) ;
#4289 = VERTEX_POINT ( 'NONE', #559 ) ;
#4290 = PRESENTATION_STYLE_ASSIGNMENT (( #154 ) ) ;
#4291 = PRESENTATION_LAYER_ASSIGNMENT (  '', '', ( #2656 ) ) ;
#4292 = PLANE ( 'NONE',  #3643 ) ;
#4293 = DIRECTION ( 'NONE',  ( 0.0000000000000000000, 1.000000000000000000, 0.0000000000000000000 ) ) ;
#4294 = CARTESIAN_POINT ( 'NONE',  ( -12.08578643762690400, 9.900000000000002100, -11.50000000000000000 ) ) ;
#4295 = CARTESIAN_POINT ( 'NONE',  ( -9.666279315429557400, 0.5999999999999998700, -10.23899294669332200 ) ) ;
#4296 = VERTEX_POINT ( 'NONE', #95 ) ;
#4297 = PRESENTATION_LAYER_ASSIGNMENT (  '', '', ( #4180 ) ) ;
#4298 = ORIENTED_EDGE ( 'NONE', *, *, #526, .T. ) ;
#4299 = COLOUR_RGB ( '',0.7921568627450980000, 0.8196078431372548800, 0.9333333333333333500 ) ;
#4300 = EDGE_CURVE ( 'NONE', #3452, #1405, #1686, .T. ) ;
#4301 = AXIS2_PLACEMENT_3D ( 'NONE', #2267, #1811, #1353 ) ;
#4302 = DIRECTION ( 'NONE',  ( 1.000000000000000000, 0.0000000000000000000, 0.0000000000000000000 ) ) ;
#4303 =( NAMED_UNIT ( * ) PLANE_ANGLE_UNIT ( ) SI_UNIT ( $, .RADIAN. ) );
#4304 = CIRCLE ( 'NONE', #86, 0.6000000000000015300 ) ;
#4305 = EDGE_LOOP ( 'NONE', ( #1821, #995 ) ) ;
#4306 = CARTESIAN_POINT ( 'NONE',  ( -9.666279315429557400, -3.399999999999993200, 2.461007053306677700 ) ) ;
#4307 = EDGE_CURVE ( 'NONE', #3344, #4512, #4148, .T. ) ;
#4308 =( NAMED_UNIT ( * ) SI_UNIT ( $, .STERADIAN. ) SOLID_ANGLE_UNIT ( ) );
#4309 = VERTEX_POINT ( 'NONE', #934 ) ;
#4310 = DIRECTION ( 'NONE',  ( 0.0000000000000000000, 1.000000000000000000, 0.0000000000000000000 ) ) ;
#4311 = ORIENTED_EDGE ( 'NONE', *, *, #1708, .F. ) ;
#4312 = SURFACE_STYLE_USAGE ( .BOTH. , #174 ) ;
#4313 = DIRECTION ( 'NONE',  ( -0.1579858933866480100, 0.0000000000000000000, -0.9874413691408835400 ) ) ;
#4314 = PRESENTATION_LAYER_ASSIGNMENT (  '', '', ( #4079 ) ) ;
#4315 = DIRECTION ( 'NONE',  ( 0.0000000000000000000, 0.0000000000000000000, 1.000000000000000000 ) ) ;
#4316 = PLANE ( 'NONE',  #676 ) ;
#4317 = DIRECTION ( 'NONE',  ( 0.0000000000000000000, 0.0000000000000000000, 1.000000000000000000 ) ) ;
#4318 = DIRECTION ( 'NONE',  ( 0.9874413691408833200, 0.0000000000000000000, -0.1579858933866496500 ) ) ;
#4319 = PRESENTATION_LAYER_ASSIGNMENT (  '', '', ( #3973 ) ) ;
#4320 = ORIENTED_EDGE ( 'NONE', *, *, #3346, .T. ) ;
#4321 = DIRECTION ( 'NONE',  ( -1.000000000000000000, -0.0000000000000000000, 9.912705577010435800E-015 ) ) ;
#4322 = FILL_AREA_STYLE_COLOUR ( '', #1447 ) ;
#4323 = ORIENTED_EDGE ( 'NONE', *, *, #3749, .T. ) ;
#4324 = EDGE_CURVE ( 'NONE', #4466, #2381, #2379, .T. ) ;
#4325 = FACE_OUTER_BOUND ( 'NONE', #706, .T. ) ;
#4326 = DIRECTION ( 'NONE',  ( 1.000000000000000000, 0.0000000000000000000, -0.0000000000000000000 ) ) ;
#4327 = CARTESIAN_POINT ( 'NONE',  ( 12.00000000000000700, 0.0000000000000000000, -4.499999999999990200 ) ) ;
#4328 = CARTESIAN_POINT ( 'NONE',  ( 9.666279315429557400, 9.200000000000004600, 10.23899294669332600 ) ) ;
#4329 = ORIENTED_EDGE ( 'NONE', *, *, #1260, .F. ) ;
#4330 = DIRECTION ( 'NONE',  ( 0.0000000000000000000, 0.0000000000000000000, 1.000000000000000000 ) ) ;
#4331 = DIRECTION ( 'NONE',  ( -0.1117128965772656000, 0.7071067809855756700, -0.6982264883420953300 ) ) ;
#4332 = DIRECTION ( 'NONE',  ( 0.0000000000000000000, 0.0000000000000000000, -1.000000000000000000 ) ) ;
#4333 = CARTESIAN_POINT ( 'NONE',  ( -10.65372068457044100, 0.5999999999999998700, -2.461007053306672400 ) ) ;
#4334 = ADVANCED_FACE ( 'NONE', ( #2526 ), #232, .T. ) ;
#4335 = LINE ( 'NONE', #3881, #2777 ) ;
#4336 = MECHANICAL_DESIGN_GEOMETRIC_PRESENTATION_REPRESENTATION (  '', ( #3990 ), #1433 ) ;
#4337 = FILL_AREA_STYLE_COLOUR ( '', #1314 ) ;
#4338 = VECTOR ( 'NONE', #1631, 1000.000000000000000 ) ;
#4339 = DIRECTION ( 'NONE',  ( 0.0000000000000000000, 1.000000000000000000, 0.0000000000000000000 ) ) ;
#4340 = SURFACE_STYLE_USAGE ( .BOTH. , #208 ) ;
#4341 =( LENGTH_UNIT ( ) NAMED_UNIT ( * ) SI_UNIT ( .MILLI., .METRE. ) );
#4342 = VECTOR ( 'NONE', #3195, 1000.000000000000000 ) ;
#4343 = DIRECTION ( 'NONE',  ( 0.0000000000000000000, 0.0000000000000000000, 1.000000000000000000 ) ) ;
#4344 = DIRECTION ( 'NONE',  ( -0.9874413691408832100, 0.0000000000000000000, 0.1579858933866496500 ) ) ;
#4345 = DIRECTION ( 'NONE',  ( 1.000000000000000000, -0.0000000000000000000, -0.0000000000000000000 ) ) ;
#4346 = MECHANICAL_DESIGN_GEOMETRIC_PRESENTATION_REPRESENTATION (  '', ( #3756 ), #1658 ) ;
#4347 = ORIENTED_EDGE ( 'NONE', *, *, #2689, .F. ) ;
#4348 = PRESENTATION_STYLE_ASSIGNMENT (( #216 ) ) ;
#4349 = PLANE ( 'NONE',  #3866 ) ;
#4350 = DIRECTION ( 'NONE',  ( 0.0000000000000000000, 1.000000000000000000, 0.0000000000000000000 ) ) ;
#4351 = FILL_AREA_STYLE_COLOUR ( '', #770 ) ;
#4352 = ADVANCED_FACE ( 'NONE', ( #1121 ), #1473, .T. ) ;
#4353 = VERTEX_POINT ( 'NONE', #2240 ) ;
#4354 = AXIS2_PLACEMENT_3D ( 'NONE', #337, #4476, #4001 ) ;
#4355 = AXIS2_PLACEMENT_3D ( 'NONE', #1747, #1272, #806 ) ;
#4356 = VECTOR ( 'NONE', #4007, 1000.000000000000000 ) ;
#4357 = PRESENTATION_STYLE_ASSIGNMENT (( #223 ) ) ;
#4358 = PRESENTATION_LAYER_ASSIGNMENT (  '', '', ( #4246 ) ) ;
#4359 = FILL_AREA_STYLE ('',( #704 ) ) ;
#4360 = VECTOR ( 'NONE', #2441, 1000.000000000000000 ) ;
#4361 =( GEOMETRIC_REPRESENTATION_CONTEXT ( 3 ) GLOBAL_UNCERTAINTY_ASSIGNED_CONTEXT ( ( #3413 ) ) GLOBAL_UNIT_ASSIGNED_CONTEXT ( ( #847, #4025, #2607 ) ) REPRESENTATION_CONTEXT ( 'NONE', 'WORKASPACE' ) );
#4362 = ORIENTED_EDGE ( 'NONE', *, *, #579, .F. ) ;
#4363 =( NAMED_UNIT ( * ) PLANE_ANGLE_UNIT ( ) SI_UNIT ( $, .RADIAN. ) );
#4364 = CARTESIAN_POINT ( 'NONE',  ( 11.50000000000000700, 9.899999999999998600, 11.49999999998773600 ) ) ;
#4365 = CARTESIAN_POINT ( 'NONE',  ( -12.69999999999999900, 0.0000000000000000000, -7.500000000000000000 ) ) ;
#4366 = LINE ( 'NONE', #3904, #2512 ) ;
#4367 = FACE_OUTER_BOUND ( 'NONE', #3571, .T. ) ;
#4368 = CARTESIAN_POINT ( 'NONE',  ( 12.69999999999999900, 0.0000000000000000000, -7.500000000000000000 ) ) ;
#4369 =( LENGTH_UNIT ( ) NAMED_UNIT ( * ) SI_UNIT ( .MILLI., .METRE. ) );
#4370 = ORIENTED_EDGE ( 'NONE', *, *, #1515, .T. ) ;
#4371 = CARTESIAN_POINT ( 'NONE',  ( -12.49999999999999600, 0.5999999999999998700, 4.500000000000007100 ) ) ;
#4372 = EDGE_LOOP ( 'NONE', ( #3037, #316, #2729 ) ) ;
#4373 = CIRCLE ( 'NONE', #548, 0.5999999999999998700 ) ;
#4374 = CARTESIAN_POINT ( 'NONE',  ( -10.15999999999999800, 0.5999999999999998700, -3.139999999999997000 ) ) ;
#4375 = LINE ( 'NONE', #3421, #820 ) ;
#4376 = AXIS2_PLACEMENT_3D ( 'NONE', #4042, #3564, #3119 ) ;
#4377 = ORIENTED_EDGE ( 'NONE', *, *, #2326, .F. ) ;
#4378 =( LENGTH_UNIT ( ) NAMED_UNIT ( * ) SI_UNIT ( .MILLI., .METRE. ) );
#4379 = LINE ( 'NONE', #3423, #530 ) ;
#4380 = VERTEX_POINT ( 'NONE', #1788 ) ;
#4381 = CARTESIAN_POINT ( 'NONE',  ( 11.50000000000000400, 8.900000000000002100, -12.50000000000000000 ) ) ;
#4382 = CARTESIAN_POINT ( 'NONE',  ( 10.15999999999999800, -3.399999999999993200, 10.16000000000000200 ) ) ;
#4383 = CARTESIAN_POINT ( 'NONE',  ( 10.15999999999999800, 0.0000000000000000000, -10.76000000000000000 ) ) ;
#4384 = DIRECTION ( 'NONE',  ( 1.000000000000000000, 0.0000000000000000000, -0.0000000000000000000 ) ) ;
#4385 = UNCERTAINTY_MEASURE_WITH_UNIT (LENGTH_MEASURE( 1.000000000000000100E-005 ), #855, 'distance_accuracy_value', 'NONE');
#4386 = PRESENTATION_STYLE_ASSIGNMENT (( #248 ) ) ;
#4387 = VECTOR ( 'NONE', #1125, 1000.000000000000000 ) ;
#4388 = ORIENTED_EDGE ( 'NONE', *, *, #4525, .F. ) ;
#4389 = COLOUR_RGB ( '',0.7921568627450980000, 0.8196078431372548800, 0.9333333333333333500 ) ;
#4390 =( GEOMETRIC_REPRESENTATION_CONTEXT ( 3 ) GLOBAL_UNCERTAINTY_ASSIGNED_CONTEXT ( ( #700 ) ) GLOBAL_UNIT_ASSIGNED_CONTEXT ( ( #3961, #2534, #1137 ) ) REPRESENTATION_CONTEXT ( 'NONE', 'WORKASPACE' ) );
#4392 = AXIS2_PLACEMENT_3D ( 'NONE', #4260, #1892, #1624 ) ;
#4391 = DIRECTION ( 'NONE',  ( 0.0000000000000000000, 1.000000000000000000, 0.0000000000000000000 ) ) ;
#4393 = DIRECTION ( 'NONE',  ( 0.9780674360120592500, 0.0000000000000000000, 0.2082884793088574700 ) ) ;
#4394 = DIRECTION ( 'NONE',  ( 0.0000000000000000000, -0.0000000000000000000, 1.000000000000000000 ) ) ;
#4395 = CARTESIAN_POINT ( 'NONE',  ( 12.50000000000000400, 0.5999999999999998700, -4.499999999999993800 ) ) ;
#4396 =( LENGTH_UNIT ( ) NAMED_UNIT ( * ) SI_UNIT ( .MILLI., .METRE. ) );
#4397 =( BOUNDED_SURFACE ( )  B_SPLINE_SURFACE ( 3, 3, ( 
 ( #3795, #3314, #2848, #2366 ),
 ( #1898, #1441, #971, #479 ),
 ( #20, #4153, #3682, #3220 ),
 ( #2735, #2250, #1797, #1336 ) ),
 .UNSPECIFIED., .F., .F., .T. ) 
 B_SPLINE_SURFACE_WITH_KNOTS ( ( 4, 4 ),
 ( 4, 4 ),
 ( 0.0000000000000000000, 1.000000000000000000 ),
 ( 0.0000000000000000000, 1.000000000000000000 ),
 .UNSPECIFIED. ) 
 GEOMETRIC_REPRESENTATION_ITEM ( )  RATIONAL_B_SPLINE_SURFACE ( (
 ( 1.000000000000000000, 0.8047378541243630500, 0.8047378541243630500, 1.000000000000000000),
 ( 0.8047378541243653800, 0.6476030138606865300, 0.6476030138606865300, 0.8047378541243653800),
 ( 0.8047378541243653800, 0.6476030138606865300, 0.6476030138606865300, 0.8047378541243653800),
 ( 1.000000000000000000, 0.8047378541243630500, 0.8047378541243630500, 1.000000000000000000) ) ) 
 REPRESENTATION_ITEM ( '' )  SURFACE ( )  );
#4398 =( LENGTH_UNIT ( ) NAMED_UNIT ( * ) SI_UNIT ( .MILLI., .METRE. ) );
#4399 = DIRECTION ( 'NONE',  ( 0.0000000000000000000, 0.0000000000000000000, -1.000000000000000000 ) ) ;
#4400 = COLOUR_RGB ( '',0.7921568627450980000, 0.8196078431372548800, 0.9333333333333333500 ) ;
#4401 = FILL_AREA_STYLE_COLOUR ( '', #2714 ) ;
#4402 = VERTEX_POINT ( 'NONE', #1323 ) ;
#4403 = FILL_AREA_STYLE ('',( #264 ) ) ;
#4404 = ORIENTED_EDGE ( 'NONE', *, *, #3746, .T. ) ;
#4405 = CARTESIAN_POINT ( 'NONE',  ( -12.69999999999999900, 0.0000000000000000000, 4.500000000000005300 ) ) ;
#4406 = VERTEX_POINT ( 'NONE', #854 ) ;
#4407 = LINE ( 'NONE', #3937, #2992 ) ;
#4408 =( GEOMETRIC_REPRESENTATION_CONTEXT ( 3 ) GLOBAL_UNCERTAINTY_ASSIGNED_CONTEXT ( ( #1364 ) ) GLOBAL_UNIT_ASSIGNED_CONTEXT ( ( #2769, #1367, #4547 ) ) REPRESENTATION_CONTEXT ( 'NONE', 'WORKASPACE' ) );
#4409 = CARTESIAN_POINT ( 'NONE',  ( -10.15999999999999800, 0.0000000000000000000, -10.75999999999999800 ) ) ;
#4410 = AXIS2_PLACEMENT_3D ( 'NONE', #776, #299, #4433 ) ;
#4411 = DIRECTION ( 'NONE',  ( 0.0000000000000000000, 0.0000000000000000000, 1.000000000000000000 ) ) ;
#4412 = CARTESIAN_POINT ( 'NONE',  ( 10.24331539172630700, -3.499999999943150800, -10.55122697441781000 ) ) ;
#4413 =( NAMED_UNIT ( * ) PLANE_ANGLE_UNIT ( ) SI_UNIT ( $, .RADIAN. ) );
#4414 = CIRCLE ( 'NONE', #1726, 0.5000000000000000000 ) ;
#4415 = ORIENTED_EDGE ( 'NONE', *, *, #1604, .T. ) ;
#4416 = UNCERTAINTY_MEASURE_WITH_UNIT (LENGTH_MEASURE( 1.000000000000000100E-005 ), #1429, 'distance_accuracy_value', 'NONE');
#4417 = VECTOR ( 'NONE', #1487, 1000.000000000000000 ) ;
#4418 = MECHANICAL_DESIGN_GEOMETRIC_PRESENTATION_REPRESENTATION (  '', ( #4180 ), #1614 ) ;
#4419 = AXIS2_PLACEMENT_3D ( 'NONE', #1340, #869, #375 ) ;
#4420 = SURFACE_SIDE_STYLE ('',( #285 ) ) ;
#4421 = AXIS2_PLACEMENT_3D ( 'NONE', #258, #33, #4170 ) ;
#4422 = CIRCLE ( 'NONE', #2936, 0.4000000000132787900 ) ;
#4423 = FACE_BOUND ( 'NONE', #2360, .T. ) ;
#4424 = SURFACE_SIDE_STYLE ('',( #287 ) ) ;
#4425 = FILL_AREA_STYLE ('',( #288 ) ) ;
#4426 = ORIENTED_EDGE ( 'NONE', *, *, #4160, .F. ) ;
#4427 = DIRECTION ( 'NONE',  ( 0.0000000000000000000, 1.000000000000000000, 0.0000000000000000000 ) ) ;
#4428 = SURFACE_STYLE_USAGE ( .BOTH. , #293 ) ;
#4429 = ORIENTED_EDGE ( 'NONE', *, *, #2524, .F. ) ;
#4430 = DIRECTION ( 'NONE',  ( 0.0000000000000000000, 1.000000000000000000, 0.0000000000000000000 ) ) ;
#4431 = EDGE_CURVE ( 'NONE', #2535, #3559, #364, .T. ) ;
#4432 = ORIENTED_EDGE ( 'NONE', *, *, #4194, .T. ) ;
#4433 = DIRECTION ( 'NONE',  ( -0.1579858933866498900, 0.0000000000000000000, -0.9874413691408832100 ) ) ;
#4434 = DIRECTION ( 'NONE',  ( -3.469446951953611000E-015, 0.0000000000000000000, -1.000000000000000000 ) ) ;
#4435 = COLOUR_RGB ( '',0.7921568627450980000, 0.8196078431372548800, 0.9333333333333333500 ) ;
#4436 = CARTESIAN_POINT ( 'NONE',  ( -10.65372068457044100, 9.200000000000004600, 2.618992946693327300 ) ) ;
#4437 = DIRECTION ( 'NONE',  ( 0.0000000000000000000, 0.0000000000000000000, -1.000000000000000000 ) ) ;
#4438 = ADVANCED_FACE ( 'NONE', ( #2060 ), #2284, .T. ) ;
#4439 = DIRECTION ( 'NONE',  ( -0.1579858933866480100, 0.0000000000000000000, -0.9874413691408835400 ) ) ;
#4440 = CARTESIAN_POINT ( 'NONE',  ( 10.15999999999999800, 0.5999999999999998700, -10.76000000000000000 ) ) ;
#4441 = ORIENTED_EDGE ( 'NONE', *, *, #1126, .T. ) ;
#4442 =( NAMED_UNIT ( * ) PLANE_ANGLE_UNIT ( ) SI_UNIT ( $, .RADIAN. ) );
#4443 =( GEOMETRIC_REPRESENTATION_CONTEXT ( 3 ) GLOBAL_UNCERTAINTY_ASSIGNED_CONTEXT ( ( #2804 ) ) GLOBAL_UNIT_ASSIGNED_CONTEXT ( ( #755, #3941, #2514 ) ) REPRESENTATION_CONTEXT ( 'NONE', 'WORKASPACE' ) );
#4444 = MECHANICAL_DESIGN_GEOMETRIC_PRESENTATION_REPRESENTATION (  '', ( #4079 ), #2885 ) ;
#4445 = ORIENTED_EDGE ( 'NONE', *, *, #2747, .T. ) ;
#4446 = MECHANICAL_DESIGN_GEOMETRIC_PRESENTATION_REPRESENTATION (  '', ( #3973 ), #4085 ) ;
#4447 = COLOUR_RGB ( '',0.7921568627450980000, 0.8196078431372548800, 0.9333333333333333500 ) ;
#4448 = EDGE_CURVE ( 'NONE', #4014, #1474, #2869, .T. ) ;
#4449 = PRESENTATION_LAYER_ASSIGNMENT (  '', '', ( #423 ) ) ;
#4450 = AXIS2_PLACEMENT_3D ( 'NONE', #2177, #1728, #1255 ) ;
#4451 = ORIENTED_EDGE ( 'NONE', *, *, #3715, .F. ) ;
#4452 = CARTESIAN_POINT ( 'NONE',  ( -12.69999999999999900, 0.5999999999999999800, -4.499999999999997300 ) ) ;
#4453 =( NAMED_UNIT ( * ) SI_UNIT ( $, .STERADIAN. ) SOLID_ANGLE_UNIT ( ) );
#4454 = CARTESIAN_POINT ( 'NONE',  ( 10.15999999999999800, 0.0000000000000000000, -10.15999999999999800 ) ) ;
#4455 = COLOUR_RGB ( '',0.7921568627450980000, 0.8196078431372548800, 0.9333333333333333500 ) ;
#4456 = DIRECTION ( 'NONE',  ( 3.469446951953609100E-015, 0.0000000000000000000, -1.000000000000000000 ) ) ;
#4457 = EDGE_CURVE ( 'NONE', #4115, #2220, #990, .T. ) ;
#4458 = DIRECTION ( 'NONE',  ( -0.0000000000000000000, -1.000000000000000000, -0.0000000000000000000 ) ) ;
#4459 =( GEOMETRIC_REPRESENTATION_CONTEXT ( 3 ) GLOBAL_UNCERTAINTY_ASSIGNED_CONTEXT ( ( #2986 ) ) GLOBAL_UNIT_ASSIGNED_CONTEXT ( ( #1259, #4442, #3039 ) ) REPRESENTATION_CONTEXT ( 'NONE', 'WORKASPACE' ) );
#4460 = DIRECTION ( 'NONE',  ( 0.0000000000000000000, 1.000000000000000000, 0.0000000000000000000 ) ) ;
#4461 = SURFACE_STYLE_FILL_AREA ( #325 ) ;
#4462 =( NAMED_UNIT ( * ) PLANE_ANGLE_UNIT ( ) SI_UNIT ( $, .RADIAN. ) );
#4463 = ADVANCED_FACE ( 'NONE', ( #3482 ), #1457, .F. ) ;
#4464 = CARTESIAN_POINT ( 'NONE',  ( -11.49999999999999600, 10.50000000000000000, 12.50000000000000000 ) ) ;
#4465 = EDGE_CURVE ( 'NONE', #3515, #3131, #3471, .T. ) ;
#4466 = VERTEX_POINT ( 'NONE', #1592 ) ;
#4467 = CARTESIAN_POINT ( 'NONE',  ( 12.00000000000000700, 0.0000000000000000000, -4.499999999999990200 ) ) ;
#4468 =( LENGTH_UNIT ( ) NAMED_UNIT ( * ) SI_UNIT ( .MILLI., .METRE. ) );
#4469 = AXIS2_PLACEMENT_3D ( 'NONE', #1166, #687, #204 ) ;
#4470 =( NAMED_UNIT ( * ) SI_UNIT ( $, .STERADIAN. ) SOLID_ANGLE_UNIT ( ) );
#4471 = CONICAL_SURFACE ( 'NONE', #330, 0.4999999999881766200, 0.7853981636816653700 ) ;
#4472 = EDGE_CURVE ( 'NONE', #129, #2273, #1130, .T. ) ;
#4473 = VERTEX_POINT ( 'NONE', #4306 ) ;
#4474 = EDGE_CURVE ( 'NONE', #332, #4584, #3843, .T. ) ;
#4475 = CARTESIAN_POINT ( 'NONE',  ( -11.50000000000000000, 0.0000000000000000000, 6.999999999999994700 ) ) ;
#4476 = DIRECTION ( 'NONE',  ( -0.0000000000000000000, -1.000000000000000000, -0.0000000000000000000 ) ) ;
#4477 = AXIS2_PLACEMENT_3D ( 'NONE', #1762, #1294, #819 ) ;
#4478 = ORIENTED_EDGE ( 'NONE', *, *, #2107, .F. ) ;
#4479 = FILL_AREA_STYLE ('',( #339 ) ) ;
#4480 = ADVANCED_FACE ( 'NONE', ( #312, #1151 ), #3612, .F. ) ;
#4481 = CARTESIAN_POINT ( 'NONE',  ( 12.50000000000000900, 8.900000000000003900, 11.50000000000000000 ) ) ;
#4482 = CARTESIAN_POINT ( 'NONE',  ( 11.50000000000000700, 0.0000000000000000000, -6.999999999999992000 ) ) ;
#4483 = DIRECTION ( 'NONE',  ( 0.0000000000000000000, -1.000000000000000000, 0.0000000000000000000 ) ) ;
#4484 = PRESENTATION_LAYER_ASSIGNMENT (  '', '', ( #4245 ) ) ;
#4485 = MECHANICAL_DESIGN_GEOMETRIC_PRESENTATION_REPRESENTATION (  '', ( #4246 ), #3560 ) ;
#4486 = DIRECTION ( 'NONE',  ( -0.0000000000000000000, -1.000000000000000000, -0.0000000000000000000 ) ) ;
#4487 = UNCERTAINTY_MEASURE_WITH_UNIT (LENGTH_MEASURE( 1.000000000000000100E-005 ), #2317, 'distance_accuracy_value', 'NONE');
#4488 = EDGE_CURVE ( 'NONE', #2915, #1600, #2035, .T. ) ;
#4489 = DIRECTION ( 'NONE',  ( -0.0000000000000000000, -0.0000000000000000000, -1.000000000000000000 ) ) ;
#4490 = VERTEX_POINT ( 'NONE', #4452 ) ;
#4491 = FILL_AREA_STYLE_COLOUR ( '', #1464 ) ;
#4492 = CARTESIAN_POINT ( 'NONE',  ( 10.64903371800602900, 9.200000000000004600, -10.05585576034557100 ) ) ;
#4493 = AXIS2_PLACEMENT_3D ( 'NONE', #2544, #2078, #1606 ) ;
#4494 = VERTEX_POINT ( 'NONE', #3983 ) ;
#4495 =( NAMED_UNIT ( * ) PLANE_ANGLE_UNIT ( ) SI_UNIT ( $, .RADIAN. ) );
#4496 = CARTESIAN_POINT ( 'NONE',  ( 11.50000000000000700, 0.0000000000000000000, -6.999999999999992000 ) ) ;
#4497 = CARTESIAN_POINT ( 'NONE',  ( 10.15999999999999800, -3.399999999999993200, 10.16000000000000200 ) ) ;
#4498 = DIRECTION ( 'NONE',  ( -0.0000000000000000000, -0.0000000000000000000, -1.000000000000000000 ) ) ;
#4499 = LINE ( 'NONE', #4021, #590 ) ;
#4500 = AXIS2_PLACEMENT_3D ( 'NONE', #4126, #3654, #3198 ) ;
#4501 = PRODUCT_DEFINITION_SHAPE ( 'NONE', 'NONE',  #1348 ) ;
#4502 = VERTEX_POINT ( 'NONE', #3500 ) ;
#4503 = EDGE_CURVE ( 'NONE', #2978, #4115, #3808, .T. ) ;
#4504 = AXIS2_PLACEMENT_3D ( 'NONE', #260, #4399, #3927 ) ;
#4505 = CIRCLE ( 'NONE', #4376, 0.5000000000000004400 ) ;
#4506 = CARTESIAN_POINT ( 'NONE',  ( 10.15999999999999800, 0.5999999999999998700, 10.16000000000000200 ) ) ;
#4507 = EDGE_CURVE ( 'NONE', #4296, #3628, #1622, .T. ) ;
#4508 = EDGE_CURVE ( 'NONE', #1008, #2577, #2743, .T. ) ;
#4509 = CARTESIAN_POINT ( 'NONE',  ( -11.49999999999999800, 0.0000000000000000000, -4.999999999999997300 ) ) ;
#4510 = VECTOR ( 'NONE', #2842, 1000.000000000000000 ) ;
#4511 = ADVANCED_FACE ( 'NONE', ( #536 ), #3874, .F. ) ;
#4512 = VERTEX_POINT ( 'NONE', #2697 ) ;
#4513 = COLOUR_RGB ( '',0.7921568627450980000, 0.8196078431372548800, 0.9333333333333333500 ) ;
#4514 = ORIENTED_EDGE ( 'NONE', *, *, #4488, .T. ) ;
#4515 = DIRECTION ( 'NONE',  ( -0.0000000000000000000, -1.000000000000000000, -0.0000000000000000000 ) ) ;
#4516 = SURFACE_STYLE_FILL_AREA ( #370 ) ;
#4517 = UNCERTAINTY_MEASURE_WITH_UNIT (LENGTH_MEASURE( 1.000000000000000100E-005 ), #2880, 'distance_accuracy_value', 'NONE');
#4518 = ORIENTED_EDGE ( 'NONE', *, *, #4184, .T. ) ;
#4519 =( NAMED_UNIT ( * ) PLANE_ANGLE_UNIT ( ) SI_UNIT ( $, .RADIAN. ) );
#4520 = DIRECTION ( 'NONE',  ( 0.0000000000000000000, 0.0000000000000000000, 1.000000000000000000 ) ) ;
#4521 =( GEOMETRIC_REPRESENTATION_CONTEXT ( 3 ) GLOBAL_UNCERTAINTY_ASSIGNED_CONTEXT ( ( #281 ) ) GLOBAL_UNIT_ASSIGNED_CONTEXT ( ( #4241, #2821, #1415 ) ) REPRESENTATION_CONTEXT ( 'NONE', 'WORKASPACE' ) );
#4522 = DIRECTION ( 'NONE',  ( 0.0000000000000000000, 0.0000000000000000000, 1.000000000000000000 ) ) ;
#4523 = FILL_AREA_STYLE_COLOUR ( '', #2993 ) ;
#4524 = LINE ( 'NONE', #4046, #2579 ) ;
#4525 = EDGE_CURVE ( 'NONE', #620, #1552, #2211, .T. ) ;
#4526 = FILL_AREA_STYLE ('',( #377 ) ) ;
#4527 = ADVANCED_FACE ( 'NONE', ( #3634 ), #4113, .F. ) ;
#4528 = ORIENTED_EDGE ( 'NONE', *, *, #327, .T. ) ;
#4529 = VERTEX_POINT ( 'NONE', #112 ) ;
#4530 = FACE_OUTER_BOUND ( 'NONE', #2391, .T. ) ;
#4531 = SURFACE_STYLE_FILL_AREA ( #383 ) ;
#4532 = UNCERTAINTY_MEASURE_WITH_UNIT (LENGTH_MEASURE( 1.000000000000000100E-005 ), #856, 'distance_accuracy_value', 'NONE');
#4533 = EDGE_CURVE ( 'NONE', #833, #4490, #4250, .T. ) ;
#4534 = CARTESIAN_POINT ( 'NONE',  ( 11.50000000000000200, 10.50000000000000000, -12.50000000000000000 ) ) ;
#4535 = EDGE_CURVE ( 'NONE', #2461, #350, #2350, .T. ) ;
#4536 = DIRECTION ( 'NONE',  ( 0.0000000000000000000, 0.0000000000000000000, -1.000000000000000000 ) ) ;
#4537 = ORIENTED_EDGE ( 'NONE', *, *, #2056, .T. ) ;
#4538 = CARTESIAN_POINT ( 'NONE',  ( 11.99999999997704200, 0.0000000000000000000, 4.999999999977040600 ) ) ;
#4539 = FACE_OUTER_BOUND ( 'NONE', #2767, .T. ) ;
#4540 = ORIENTED_EDGE ( 'NONE', *, *, #4574, .T. ) ;
#4541 = PRESENTATION_LAYER_ASSIGNMENT (  '', '', ( #2040 ) ) ;
#4542 = EDGE_LOOP ( 'NONE', ( #4560, #1924, #3001, #1095 ) ) ;
#4543 = FACE_OUTER_BOUND ( 'NONE', #84, .T. ) ;
#4544 = CARTESIAN_POINT ( 'NONE',  ( -10.65372068457044100, -3.399999999999993200, 2.618992946693327300 ) ) ;
#4545 = ORIENTED_EDGE ( 'NONE', *, *, #4535, .T. ) ;
#4546 = DIRECTION ( 'NONE',  ( 0.0000000000000000000, 1.000000000000000000, 0.0000000000000000000 ) ) ;
#4547 =( NAMED_UNIT ( * ) SI_UNIT ( $, .STERADIAN. ) SOLID_ANGLE_UNIT ( ) );
#4548 = ADVANCED_FACE ( 'NONE', ( #335 ), #826, .F. ) ;
#4549 = CARTESIAN_POINT ( 'NONE',  ( -10.15999999999999800, -3.400000000025096300, 2.540000000000002300 ) ) ;
#4550 = COLOUR_RGB ( '',1.000000000000000000, 1.000000000000000000, 1.000000000000000000 ) ;
#4551 = UNCERTAINTY_MEASURE_WITH_UNIT (LENGTH_MEASURE( 1.000000000000000100E-005 ), #1389, 'distance_accuracy_value', 'NONE');
#4552 = PRESENTATION_STYLE_ASSIGNMENT (( #405 ) ) ;
#4553 = ORIENTED_EDGE ( 'NONE', *, *, #3970, .F. ) ;
#4554 = FILL_AREA_STYLE ('',( #409 ) ) ;
#4555 = EDGE_CURVE ( 'NONE', #3734, #3638, #1702, .T. ) ;
#4556 = ADVANCED_FACE ( 'NONE', ( #1876 ), #3925, .F. ) ;
#4557 = SURFACE_STYLE_FILL_AREA ( #413 ) ;
#4558 = FILL_AREA_STYLE_COLOUR ( '', #475 ) ;
#4559 = UNCERTAINTY_MEASURE_WITH_UNIT (LENGTH_MEASURE( 1.000000000000000100E-005 ), #3580, 'distance_accuracy_value', 'NONE');
#4560 = ORIENTED_EDGE ( 'NONE', *, *, #3472, .T. ) ;
#4561 = SURFACE_SIDE_STYLE ('',( #418 ) ) ;
#4562 = ADVANCED_FACE ( 'NONE', ( #2966 ), #3206, .F. ) ;
#4563 = SURFACE_STYLE_USAGE ( .BOTH. , #419 ) ;
#4564 =( NAMED_UNIT ( * ) PLANE_ANGLE_UNIT ( ) SI_UNIT ( $, .RADIAN. ) );
#4565 = ORIENTED_EDGE ( 'NONE', *, *, #4465, .T. ) ;
#4566 = PRESENTATION_LAYER_ASSIGNMENT (  '', '', ( #2071 ) ) ;
#4567 = FILL_AREA_STYLE_COLOUR ( '', #2172 ) ;
#4568 = CARTESIAN_POINT ( 'NONE',  ( 10.15999999999999800, -3.400000000025096300, 10.16000000000000200 ) ) ;
#4569 = UNCERTAINTY_MEASURE_WITH_UNIT (LENGTH_MEASURE( 1.000000000000000100E-005 ), #2946, 'distance_accuracy_value', 'NONE');
#4570 = STYLED_ITEM ( 'NONE', ( #3750 ), #3158 ) ;
#4571 =( GEOMETRIC_REPRESENTATION_CONTEXT ( 3 ) GLOBAL_UNCERTAINTY_ASSIGNED_CONTEXT ( ( #347 ) ) GLOBAL_UNIT_ASSIGNED_CONTEXT ( ( #394, #3591, #2167 ) ) REPRESENTATION_CONTEXT ( 'NONE', 'WORKASPACE' ) );
#4572 = CARTESIAN_POINT ( 'NONE',  ( -12.49999999999999800, 10.50000000000000000, -12.50000000000000000 ) ) ;
#4573 = LINE ( 'NONE', #4100, #2160 ) ;
#4574 = EDGE_CURVE ( 'NONE', #3653, #3344, #2058, .T. ) ;
#4575 = ORIENTED_EDGE ( 'NONE', *, *, #4307, .T. ) ;
#4576 = DIRECTION ( 'NONE',  ( 0.0000000000000000000, 1.000000000000000000, 0.0000000000000000000 ) ) ;
#4577 = SURFACE_STYLE_USAGE ( .BOTH. , #2439 ) ;
#4578 = ORIENTED_EDGE ( 'NONE', *, *, #1989, .F. ) ;
#4579 = AXIS2_PLACEMENT_3D ( 'NONE', #4587, #4119, #3648 ) ;
#4580 = UNCERTAINTY_MEASURE_WITH_UNIT (LENGTH_MEASURE( 1.000000000000000100E-005 ), #3319, 'distance_accuracy_value', 'NONE');
#4581 = EDGE_CURVE ( 'NONE', #4494, #2442, #3819, .T. ) ;
#4582 = VECTOR ( 'NONE', #4489, 1000.000000000000000 ) ;
#4583 =( GEOMETRIC_REPRESENTATION_CONTEXT ( 3 ) GLOBAL_UNCERTAINTY_ASSIGNED_CONTEXT ( ( #1920 ) ) GLOBAL_UNIT_ASSIGNED_CONTEXT ( ( #439, #3642, #2214 ) ) REPRESENTATION_CONTEXT ( 'NONE', 'WORKASPACE' ) );
#4584 = VERTEX_POINT ( 'NONE', #3350 ) ;
#4585 = PRESENTATION_STYLE_ASSIGNMENT (( #441 ) ) ;
#4586 = DIRECTION ( 'NONE',  ( 0.0000000000000000000, 0.0000000000000000000, 1.000000000000000000 ) ) ;
#4587 = CARTESIAN_POINT ( 'NONE',  ( -11.50000000000000000, 0.0000000000000000000, 6.999999999999994700 ) ) ;
#4588 = AXIS2_PLACEMENT_3D ( 'NONE', #2841, #2361, #1891 ) ;
#4589 = SURFACE_STYLE_FILL_AREA ( #446 ) ;
#4590 = AXIS2_PLACEMENT_3D ( 'NONE', #661, #177, #4315 ) ;
#4591 = DIRECTION ( 'NONE',  ( -0.0000000000000000000, -1.000000000000000000, -0.0000000000000000000 ) ) ;
#4592 = ORIENTED_EDGE ( 'NONE', *, *, #2287, .T. ) ;
#4593 = MECHANICAL_DESIGN_GEOMETRIC_PRESENTATION_REPRESENTATION (  '', ( #4245 ), #2345 ) ;
#4594 = ORIENTED_EDGE ( 'NONE', *, *, #2798, .T. ) ;
#4595 = FILL_AREA_STYLE ('',( #454 ) ) ;
#4596 = CARTESIAN_POINT ( 'NONE',  ( 0.0000000000000000000, 0.5999999999999998700, 0.0000000000000000000 ) ) ;
ENDSEC;
END-ISO-10303-21;
