ISO-10303-21;
HEADER;
FILE_DESCRIPTION (( 'STEP AP214' ),
    '1' );
FILE_NAME ('IM23TS.STEP',
    '2024-09-02T12:03:17',
    ( '' ),
    ( '' ),
    'SwSTEP 2.0',
    'SolidWorks 2016',
    '' );
FILE_SCHEMA (( 'AUTOMOTIVE_DESIGN' ));
ENDSEC;

DATA;
#1 = EDGE_CURVE ( 'NONE', #1320, #2588, #1448, .T. ) ;
#2 = VECTOR ( 'NONE', #2739, 1000.000000000000000 ) ;
#3 = VECTOR ( 'NONE', #865, 1000.000000000000000 ) ;
#4 = DIRECTION ( 'NONE',  ( -1.000000000000000000, 0.0000000000000000000, -0.0000000000000000000 ) ) ;
#5 = ORIENTED_EDGE ( 'NONE', *, *, #1174, .F. ) ;
#6 = LINE ( 'NONE', #265, #2719 ) ;
#7 = VERTEX_POINT ( 'NONE', #2648 ) ;
#8 = CARTESIAN_POINT ( 'NONE',  ( 2.080000000000000100, 3.000000000000000400, -4.400000000000000400 ) ) ;
#9 = LINE ( 'NONE', #1609, #1650 ) ;
#10 = VERTEX_POINT ( 'NONE', #82 ) ;
#11 = VERTEX_POINT ( 'NONE', #2223 ) ;
#12 = ORIENTED_EDGE ( 'NONE', *, *, #461, .F. ) ;
#13 = ORIENTED_EDGE ( 'NONE', *, *, #1219, .F. ) ;
#14 = ADVANCED_FACE ( 'NONE', ( #1957 ), #1333, .T. ) ;
#15 = CARTESIAN_POINT ( 'NONE',  ( 3.600000000000000500, -2.439999999999999900, 4.200000000000000200 ) ) ;
#16 = ORIENTED_EDGE ( 'NONE', *, *, #501, .F. ) ;
#17 = CARTESIAN_POINT ( 'NONE',  ( 0.0000000000000000000, 2.439999999999999900, 4.200000000000000200 ) ) ;
#18 = CARTESIAN_POINT ( 'NONE',  ( -0.4000000000000000200, 2.439999999999999900, 4.200000000000000200 ) ) ;
#19 = EDGE_CURVE ( 'NONE', #495, #1583, #2022, .T. ) ;
#20 = ORIENTED_EDGE ( 'NONE', *, *, #153, .F. ) ;
#21 = CARTESIAN_POINT ( 'NONE',  ( 1.850000000000000100, 1.300000000000000300, -0.02582505045333000800 ) ) ;
#22 = VERTEX_POINT ( 'NONE', #728 ) ;
#23 = EDGE_CURVE ( 'NONE', #237, #771, #259, .T. ) ;
#24 = CARTESIAN_POINT ( 'NONE',  ( -0.8000000000000000400, 2.439999999999999900, -0.1999999999999996500 ) ) ;
#25 = ORIENTED_EDGE ( 'NONE', *, *, #171, .F. ) ;
#26 = ADVANCED_FACE ( 'NONE', ( #324, #1895 ), #336, .T. ) ;
#27 = DIRECTION ( 'NONE',  ( 1.000000000000000000, 0.0000000000000000000, 0.0000000000000000000 ) ) ;
#28 = LINE ( 'NONE', #1589, #2234 ) ;
#29 = LINE ( 'NONE', #809, #97 ) ;
#30 = VERTEX_POINT ( 'NONE', #1834 ) ;
#31 = CARTESIAN_POINT ( 'NONE',  ( -3.600000000000000500, -2.439999999999999900, 4.200000000000000200 ) ) ;
#32 = EDGE_CURVE ( 'NONE', #1775, #1131, #1319, .T. ) ;
#33 = CARTESIAN_POINT ( 'NONE',  ( 1.399999999999999900, -2.439999999999999900, 4.200000000000000200 ) ) ;
#34 = CARTESIAN_POINT ( 'NONE',  ( -0.4000000000000000200, 2.640000000000000100, 4.200000000000000200 ) ) ;
#35 = VECTOR ( 'NONE', #2037, 1000.000000000000000 ) ;
#36 = EDGE_CURVE ( 'NONE', #1451, #460, #1388, .T. ) ;
#37 = DIRECTION ( 'NONE',  ( 0.0000000000000000000, 0.0000000000000000000, -1.000000000000000000 ) ) ;
#38 = LINE ( 'NONE', #2472, #2178 ) ;
#39 = VERTEX_POINT ( 'NONE', #2462 ) ;
#40 = ORIENTED_EDGE ( 'NONE', *, *, #1039, .T. ) ;
#41 = LINE ( 'NONE', #1556, #1610 ) ;
#42 = ORIENTED_EDGE ( 'NONE', *, *, #2258, .F. ) ;
#43 = LINE ( 'NONE', #1859, #622 ) ;
#44 = VERTEX_POINT ( 'NONE', #870 ) ;
#45 = DIRECTION ( 'NONE',  ( 0.0000000000000000000, -0.0000000000000000000, -1.000000000000000000 ) ) ;
#46 = LINE ( 'NONE', #1072, #1321 ) ;
#47 = VERTEX_POINT ( 'NONE', #1207 ) ;
#48 = AXIS2_PLACEMENT_3D ( 'NONE', #214, #1277, #2542 ) ;
#49 = CARTESIAN_POINT ( 'NONE',  ( -5.000000000000000000, -3.000000000000000400, -4.650000000000000400 ) ) ;
#50 = VERTEX_POINT ( 'NONE', #2161 ) ;
#51 = ORIENTED_EDGE ( 'NONE', *, *, #389, .F. ) ;
#52 = ADVANCED_FACE ( 'NONE', ( #759 ), #2679, .T. ) ;
#53 = VERTEX_POINT ( 'NONE', #121 ) ;
#54 = DIRECTION ( 'NONE',  ( -1.000000000000000000, 0.0000000000000000000, -0.0000000000000000000 ) ) ;
#55 = EDGE_CURVE ( 'NONE', #1379, #2362, #1825, .T. ) ;
#56 = DIRECTION ( 'NONE',  ( 1.000000000000000000, -0.0000000000000000000, 0.0000000000000000000 ) ) ;
#57 = CARTESIAN_POINT ( 'NONE',  ( 1.399999999999999900, 2.640000000000000100, 4.200000000000000200 ) ) ;
#58 = FACE_OUTER_BOUND ( 'NONE', #2386, .T. ) ;
#59 = PLANE ( 'NONE',  #180 ) ;
#60 = EDGE_CURVE ( 'NONE', #2283, #1148, #1258, .T. ) ;
#61 = VECTOR ( 'NONE', #1703, 1000.000000000000000 ) ;
#62 = CARTESIAN_POINT ( 'NONE',  ( 4.730000000000000400, -0.6445517328096001000, 0.7500000000000000000 ) ) ;
#63 = CARTESIAN_POINT ( 'NONE',  ( 0.0000000000000000000, 0.0000000000000000000, 0.0000000000000000000 ) ) ;
#64 = AXIS2_PLACEMENT_3D ( 'NONE', #2379, #2194, #2177 ) ;
#65 = LINE ( 'NONE', #2024, #2266 ) ;
#66 = CARTESIAN_POINT ( 'NONE',  ( 1.399999999999999900, 2.439999999999999900, 4.200000000000000200 ) ) ;
#67 = DIRECTION ( 'NONE',  ( -1.000000000000000000, 0.0000000000000000000, 0.0000000000000000000 ) ) ;
#68 = DIRECTION ( 'NONE',  ( 0.0000000000000000000, 0.0000000000000000000, -1.000000000000000000 ) ) ;
#69 = ADVANCED_FACE ( 'NONE', ( #689 ), #1626, .T. ) ;
#70 = DIRECTION ( 'NONE',  ( 0.0000000000000000000, 0.0000000000000000000, -1.000000000000000000 ) ) ;
#71 = DIRECTION ( 'NONE',  ( -0.0000000000000000000, -1.000000000000000000, 0.0000000000000000000 ) ) ;
#72 = ORIENTED_EDGE ( 'NONE', *, *, #1156, .T. ) ;
#73 = VECTOR ( 'NONE', #1506, 1000.000000000000100 ) ;
#74 = FILL_AREA_STYLE ('',( #710 ) ) ;
#75 = VECTOR ( 'NONE', #2301, 1000.000000000000000 ) ;
#76 = DIRECTION ( 'NONE',  ( 0.0000000000000000000, 0.0000000000000000000, 1.000000000000000000 ) ) ;
#77 = EDGE_CURVE ( 'NONE', #787, #1588, #1197, .T. ) ;
#78 = FACE_OUTER_BOUND ( 'NONE', #2054, .T. ) ;
#79 = ORIENTED_EDGE ( 'NONE', *, *, #746, .T. ) ;
#80 = EDGE_CURVE ( 'NONE', #493, #2637, #2313, .T. ) ;
#81 = LINE ( 'NONE', #2334, #1794 ) ;
#82 = CARTESIAN_POINT ( 'NONE',  ( 2.799999999999999800, 1.300000000000006300, 0.3715767664977103200 ) ) ;
#83 = ORIENTED_EDGE ( 'NONE', *, *, #938, .T. ) ;
#84 = FACE_OUTER_BOUND ( 'NONE', #2248, .T. ) ;
#85 = ORIENTED_EDGE ( 'NONE', *, *, #2365, .T. ) ;
#86 = AXIS2_PLACEMENT_3D ( 'NONE', #1297, #1087, #2358 ) ;
#87 = ORIENTED_EDGE ( 'NONE', *, *, #564, .T. ) ;
#88 = ADVANCED_FACE ( 'NONE', ( #1688 ), #2480, .F. ) ;
#89 = ORIENTED_EDGE ( 'NONE', *, *, #1123, .T. ) ;
#90 = DIRECTION ( 'NONE',  ( 0.0000000000000000000, -1.000000000000000000, -0.0000000000000000000 ) ) ;
#91 = CARTESIAN_POINT ( 'NONE',  ( 4.000000000000000000, -2.439999999999999900, 4.200000000000000200 ) ) ;
#92 = ORIENTED_EDGE ( 'NONE', *, *, #2641, .F. ) ;
#93 = DIRECTION ( 'NONE',  ( -0.0000000000000000000, -0.0000000000000000000, 1.000000000000000000 ) ) ;
#94 = EDGE_LOOP ( 'NONE', ( #2322, #321, #2556, #2754 ) ) ;
#95 = EDGE_CURVE ( 'NONE', #1959, #53, #43, .T. ) ;
#96 = LINE ( 'NONE', #1427, #2295 ) ;
#97 = VECTOR ( 'NONE', #1221, 1000.000000000000000 ) ;
#98 = AXIS2_PLACEMENT_3D ( 'NONE', #1421, #141, #1639 ) ;
#99 = AXIS2_PLACEMENT_3D ( 'NONE', #62, #777, #311 ) ;
#100 = PLANE ( 'NONE',  #2158 ) ;
#101 = CARTESIAN_POINT ( 'NONE',  ( -4.730000000000000400, 3.000000000000000000, 0.0000000000000000000 ) ) ;
#102 = ORIENTED_EDGE ( 'NONE', *, *, #1998, .T. ) ;
#103 = VECTOR ( 'NONE', #300, 1000.000000000000000 ) ;
#104 = EDGE_LOOP ( 'NONE', ( #631, #1482, #13, #343 ) ) ;
#105 = EDGE_CURVE ( 'NONE', #1234, #2087, #550, .T. ) ;
#106 = ORIENTED_EDGE ( 'NONE', *, *, #1693, .F. ) ;
#107 = FACE_OUTER_BOUND ( 'NONE', #2722, .T. ) ;
#108 = ORIENTED_EDGE ( 'NONE', *, *, #1156, .F. ) ;
#109 = VECTOR ( 'NONE', #2469, 1000.000000000000000 ) ;
#110 = ORIENTED_EDGE ( 'NONE', *, *, #2709, .F. ) ;
#111 = LINE ( 'NONE', #2558, #2316 ) ;
#112 = EDGE_LOOP ( 'NONE', ( #2697, #960, #1896, #557, #2341, #2213, #2681, #402 ) ) ;
#113 = VERTEX_POINT ( 'NONE', #2066 ) ;
#114 = VERTEX_POINT ( 'NONE', #2272 ) ;
#115 = AXIS2_PLACEMENT_3D ( 'NONE', #1103, #657, #1936 ) ;
#116 = ORIENTED_EDGE ( 'NONE', *, *, #602, .T. ) ;
#117 = ORIENTED_EDGE ( 'NONE', *, *, #2212, .T. ) ;
#118 = CARTESIAN_POINT ( 'NONE',  ( 4.730000000000000400, 2.730000000000000400, -0.2000000000000000100 ) ) ;
#119 = DIRECTION ( 'NONE',  ( -0.0000000000000000000, -0.0000000000000000000, -1.000000000000000000 ) ) ;
#120 = ORIENTED_EDGE ( 'NONE', *, *, #1, .T. ) ;
#121 = CARTESIAN_POINT ( 'NONE',  ( 1.800000000000000300, -2.439999999999999900, 4.200000000000000200 ) ) ;
#122 = CARTESIAN_POINT ( 'NONE',  ( -0.4000000000000000800, -2.640000000000000100, -0.1999999999999997300 ) ) ;
#123 =( NAMED_UNIT ( * ) PLANE_ANGLE_UNIT ( ) SI_UNIT ( $, .RADIAN. ) );
#124 = EDGE_CURVE ( 'NONE', #1492, #2019, #2751, .T. ) ;
#125 = LINE ( 'NONE', #17, #1774 ) ;
#126 = ORIENTED_EDGE ( 'NONE', *, *, #1387, .T. ) ;
#127 = ORIENTED_EDGE ( 'NONE', *, *, #1960, .F. ) ;
#128 = DIRECTION ( 'NONE',  ( 0.0000000000000000000, -1.000000000000000000, 0.0000000000000000000 ) ) ;
#129 = LINE ( 'NONE', #1445, #641 ) ;
#130 = CARTESIAN_POINT ( 'NONE',  ( 4.168320137979000300, -1.300000000000000300, -0.02582505045333000100 ) ) ;
#131 = EDGE_CURVE ( 'NONE', #707, #323, #1613, .T. ) ;
#132 = DIRECTION ( 'NONE',  ( -0.0000000000000000000, -1.000000000000000000, 0.0000000000000000000 ) ) ;
#133 = DIRECTION ( 'NONE',  ( -1.000000000000000000, 0.0000000000000000000, 0.0000000000000000000 ) ) ;
#134 = AXIS2_PLACEMENT_3D ( 'NONE', #1405, #556, #1839 ) ;
#135 = CARTESIAN_POINT ( 'NONE',  ( -3.600000000000000500, -2.640000000000000100, -0.1999999999999996500 ) ) ;
#136 = DIRECTION ( 'NONE',  ( 0.0000000000000000000, -0.0000000000000000000, -1.000000000000000000 ) ) ;
#137 = PRODUCT_DEFINITION ( 'UNKNOWN', '', #296, #138 ) ;
#138 = PRODUCT_DEFINITION_CONTEXT ( 'detailed design', #1169, 'design' ) ;
#139 = DIRECTION ( 'NONE',  ( 0.0000000000000000000, 0.0000000000000000000, -1.000000000000000000 ) ) ;
#140 = FACE_OUTER_BOUND ( 'NONE', #2163, .T. ) ;
#141 = DIRECTION ( 'NONE',  ( -1.000000000000000000, 0.0000000000000000000, 0.0000000000000000000 ) ) ;
#142 = CARTESIAN_POINT ( 'NONE',  ( -5.000000000000000000, 1.199999999999999700, -4.650000000000000400 ) ) ;
#143 = FILL_AREA_STYLE_COLOUR ( '', #1378 ) ;
#144 = UNCERTAINTY_MEASURE_WITH_UNIT (LENGTH_MEASURE( 1.000000000000000100E-005 ), #720, 'distance_accuracy_value', 'NONE');
#145 = FACE_BOUND ( 'NONE', #2575, .T. ) ;
#146 = ORIENTED_EDGE ( 'NONE', *, *, #2620, .T. ) ;
#147 = LINE ( 'NONE', #629, #2351 ) ;
#148 = VERTEX_POINT ( 'NONE', #2072 ) ;
#149 = DIRECTION ( 'NONE',  ( -1.000000000000000000, -1.301042606982602000E-014, 0.0000000000000000000 ) ) ;
#150 = DIRECTION ( 'NONE',  ( 0.0000000000000000000, 0.0000000000000000000, 1.000000000000000000 ) ) ;
#151 = LINE ( 'NONE', #794, #731 ) ;
#152 = ORIENTED_EDGE ( 'NONE', *, *, #2728, .F. ) ;
#153 = EDGE_CURVE ( 'NONE', #1606, #1193, #2115, .T. ) ;
#154 = ORIENTED_EDGE ( 'NONE', *, *, #1039, .F. ) ;
#155 = DIRECTION ( 'NONE',  ( -0.0000000000000000000, -0.0000000000000000000, 1.000000000000000000 ) ) ;
#156 = EDGE_LOOP ( 'NONE', ( #598, #258, #2727, #222, #79, #1689, #240, #2723, #1206, #255, #2320, #492, #363, #563, #1955, #2520, #102, #146, #2125, #2409 ) ) ;
#157 = EDGE_CURVE ( 'NONE', #2107, #1168, #2685, .T. ) ;
#158 = EDGE_LOOP ( 'NONE', ( #2149, #2778, #1220, #1058, #1498, #2481, #896 ) ) ;
#159 = CARTESIAN_POINT ( 'NONE',  ( -2.799999999999999400, -0.6445517328095996500, 0.7500000000000001100 ) ) ;
#160 = DIRECTION ( 'NONE',  ( 1.000000000000000000, 0.0000000000000000000, 0.0000000000000000000 ) ) ;
#161 = CARTESIAN_POINT ( 'NONE',  ( 3.600000000000000100, 2.439999999999999900, -0.1999999999999997300 ) ) ;
#162 = AXIS2_PLACEMENT_3D ( 'NONE', #600, #1871, #150 ) ;
#163 = ORIENTED_EDGE ( 'NONE', *, *, #1219, .T. ) ;
#164 = DIRECTION ( 'NONE',  ( -0.0000000000000000000, -0.0000000000000000000, 1.000000000000000000 ) ) ;
#165 = CARTESIAN_POINT ( 'NONE',  ( 3.600000000000000500, 2.439999999999999900, -0.1999999999999996500 ) ) ;
#166 = ORIENTED_EDGE ( 'NONE', *, *, #2757, .F. ) ;
#167 = CARTESIAN_POINT ( 'NONE',  ( -1.850000000000000100, -1.300000000000007400, 0.3715767664977119300 ) ) ;
#168 = CARTESIAN_POINT ( 'NONE',  ( 3.600000000000000500, 2.640000000000000100, 4.200000000000000200 ) ) ;
#169 = VECTOR ( 'NONE', #1026, 1000.000000000000000 ) ;
#170 = DIRECTION ( 'NONE',  ( -1.000000000000000000, 0.0000000000000000000, 0.0000000000000000000 ) ) ;
#171 = EDGE_CURVE ( 'NONE', #995, #262, #991, .T. ) ;
#172 = LINE ( 'NONE', #1659, #1186 ) ;
#173 = DIRECTION ( 'NONE',  ( 1.000000000000000000, 0.0000000000000000000, 0.0000000000000000000 ) ) ;
#174 = EDGE_CURVE ( 'NONE', #1583, #508, #1129, .T. ) ;
#175 = PLANE ( 'NONE',  #2244 ) ;
#176 = DIRECTION ( 'NONE',  ( -0.0000000000000000000, 1.000000000000000000, 0.0000000000000000000 ) ) ;
#177 = ORIENTED_EDGE ( 'NONE', *, *, #2062, .T. ) ;
#178 = CARTESIAN_POINT ( 'NONE',  ( -4.400000000000000400, 2.500000000000000000, -4.639999999999999700 ) ) ;
#179 = CARTESIAN_POINT ( 'NONE',  ( -2.799999999999999800, -0.6445517328096001000, 0.7500000000000000000 ) ) ;
#180 = AXIS2_PLACEMENT_3D ( 'NONE', #2045, #2636, #1780 ) ;
#181 = CARTESIAN_POINT ( 'NONE',  ( -5.000000000000000000, -2.290000000000000000, -0.2000000000000000100 ) ) ;
#182 = CIRCLE ( 'NONE', #955, 0.5500000000000001600 ) ;
#183 = ORIENTED_EDGE ( 'NONE', *, *, #662, .T. ) ;
#184 = LINE ( 'NONE', #1725, #1897 ) ;
#185 = ORIENTED_EDGE ( 'NONE', *, *, #2167, .T. ) ;
#186 = VECTOR ( 'NONE', #90, 1000.000000000000000 ) ;
#187 = CARTESIAN_POINT ( 'NONE',  ( 4.000000000000000000, 2.640000000000000100, -0.1999999999999996500 ) ) ;
#188 = ORIENTED_EDGE ( 'NONE', *, *, #1080, .F. ) ;
#189 = VECTOR ( 'NONE', #894, 1000.000000000000000 ) ;
#190 = EDGE_LOOP ( 'NONE', ( #230, #854, #740, #620, #1476, #2731, #1518, #2229 ) ) ;
#191 = PLANE ( 'NONE',  #1045 ) ;
#192 = LINE ( 'NONE', #1295, #2394 ) ;
#193 = EDGE_LOOP ( 'NONE', ( #1847, #590, #25, #1727 ) ) ;
#194 = ORIENTED_EDGE ( 'NONE', *, *, #1850, .F. ) ;
#195 = VERTEX_POINT ( 'NONE', #167 ) ;
#196 = EDGE_CURVE ( 'NONE', #2315, #1795, #356, .T. ) ;
#197 = CARTESIAN_POINT ( 'NONE',  ( 5.000000000000000000, 3.000000000000000400, -4.400000000000000400 ) ) ;
#198 = CARTESIAN_POINT ( 'NONE',  ( 3.600000000000000500, -2.640000000000000100, 4.200000000000000200 ) ) ;
#199 = EDGE_LOOP ( 'NONE', ( #2243, #110, #1953, #898 ) ) ;
#200 = AXIS2_PLACEMENT_3D ( 'NONE', #509, #723, #67 ) ;
#201 = CARTESIAN_POINT ( 'NONE',  ( 5.000000000000000000, 1.200000000000000000, -4.400000000000000400 ) ) ;
#202 = ORIENTED_EDGE ( 'NONE', *, *, #2507, .T. ) ;
#203 = AXIS2_PLACEMENT_3D ( 'NONE', #1243, #1017, #431 ) ;
#204 = CARTESIAN_POINT ( 'NONE',  ( 4.000000000000000000, 2.640000000000000100, 4.200000000000000200 ) ) ;
#205 = VECTOR ( 'NONE', #1106, 1000.000000000000000 ) ;
#206 = FACE_OUTER_BOUND ( 'NONE', #1535, .T. ) ;
#207 = CARTESIAN_POINT ( 'NONE',  ( -4.400000000000000400, -2.500000000000000000, -4.639999999999999700 ) ) ;
#208 = EDGE_CURVE ( 'NONE', #859, #1735, #2048, .T. ) ;
#209 = ADVANCED_FACE ( 'NONE', ( #1986 ), #1666, .F. ) ;
#210 = DIRECTION ( 'NONE',  ( 0.0000000000000000000, -0.8660254037844289400, -0.5000000000000167600 ) ) ;
#211 = EDGE_CURVE ( 'NONE', #954, #1685, #292, .T. ) ;
#212 = PLANE ( 'NONE',  #592 ) ;
#213 = DIRECTION ( 'NONE',  ( -0.0000000000000000000, -1.000000000000000000, -0.0000000000000000000 ) ) ;
#214 = CARTESIAN_POINT ( 'NONE',  ( -4.400000000000000400, -2.399999999999999900, -4.639999999999999700 ) ) ;
#215 = CARTESIAN_POINT ( 'NONE',  ( 2.879999999999999900, 2.000000000000000000, -4.400000000000000400 ) ) ;
#216 = EDGE_CURVE ( 'NONE', #1851, #1234, #853, .T. ) ;
#217 = VERTEX_POINT ( 'NONE', #2522 ) ;
#218 = VECTOR ( 'NONE', #1961, 1000.000000000000000 ) ;
#219 = CARTESIAN_POINT ( 'NONE',  ( -0.8000000000000000400, -2.439999999999999900, 4.200000000000000200 ) ) ;
#220 = DIRECTION ( 'NONE',  ( 1.000000000000000000, 0.0000000000000000000, 0.0000000000000000000 ) ) ;
#221 = AXIS2_PLACEMENT_3D ( 'NONE', #1534, #1526, #1510 ) ;
#222 = ORIENTED_EDGE ( 'NONE', *, *, #811, .T. ) ;
#223 = LINE ( 'NONE', #2090, #2473 ) ;
#224 = FACE_BOUND ( 'NONE', #815, .T. ) ;
#225 = ORIENTED_EDGE ( 'NONE', *, *, #580, .F. ) ;
#226 = CARTESIAN_POINT ( 'NONE',  ( 5.000000000000000000, -3.000000000000000000, -4.650000000000000400 ) ) ;
#227 = VECTOR ( 'NONE', #420, 1000.000000000000000 ) ;
#228 = ADVANCED_FACE ( 'NONE', ( #1355 ), #607, .F. ) ;
#229 = LINE ( 'NONE', #1875, #2424 ) ;
#230 = ORIENTED_EDGE ( 'NONE', *, *, #2327, .T. ) ;
#231 = ORIENTED_EDGE ( 'NONE', *, *, #236, .F. ) ;
#232 = DIRECTION ( 'NONE',  ( 0.0000000000000000000, 0.0000000000000000000, 1.000000000000000000 ) ) ;
#233 = CARTESIAN_POINT ( 'NONE',  ( 1.800000000000000300, 2.439999999999999900, -0.1999999999999996500 ) ) ;
#234 = ORIENTED_EDGE ( 'NONE', *, *, #769, .T. ) ;
#235 = CARTESIAN_POINT ( 'NONE',  ( 1.800000000000000300, 2.439999999999999900, 4.200000000000000200 ) ) ;
#236 = EDGE_CURVE ( 'NONE', #764, #758, #2478, .T. ) ;
#237 = VERTEX_POINT ( 'NONE', #2094 ) ;
#238 = ADVANCED_FACE ( 'NONE', ( #1857 ), #2530, .F. ) ;
#239 = CARTESIAN_POINT ( 'NONE',  ( -4.400000000000000400, -2.500000000000000000, -4.650000000000000400 ) ) ;
#240 = ORIENTED_EDGE ( 'NONE', *, *, #312, .T. ) ;
#241 = LINE ( 'NONE', #2726, #801 ) ;
#242 = CARTESIAN_POINT ( 'NONE',  ( -3.600000000000000500, 2.640000000000000100, 4.200000000000000200 ) ) ;
#243 = LINE ( 'NONE', #2482, #2501 ) ;
#244 = CARTESIAN_POINT ( 'NONE',  ( -4.500000000000000900, -2.399999999999999900, -4.650000000000000400 ) ) ;
#245 = CARTESIAN_POINT ( 'NONE',  ( -3.600000000000000500, -2.439999999999999900, -0.1999999999999997300 ) ) ;
#246 = CARTESIAN_POINT ( 'NONE',  ( -0.8000000000000001600, 2.640000000000000100, -0.1999999999999997300 ) ) ;
#247 = EDGE_CURVE ( 'NONE', #237, #1728, #788, .T. ) ;
#248 = CARTESIAN_POINT ( 'NONE',  ( 2.799999999999999800, -1.300000000000000300, -0.02582505045333000400 ) ) ;
#249 = CARTESIAN_POINT ( 'NONE',  ( -0.4000000000000000200, 2.640000000000000100, 4.200000000000000200 ) ) ;
#250 = EDGE_LOOP ( 'NONE', ( #328, #1251, #1354, #2432 ) ) ;
#251 = VECTOR ( 'NONE', #274, 1000.000000000000100 ) ;
#252 = DIRECTION ( 'NONE',  ( 0.0000000000000000000, 0.0000000000000000000, 1.000000000000000000 ) ) ;
#253 = ORIENTED_EDGE ( 'NONE', *, *, #157, .T. ) ;
#254 = LINE ( 'NONE', #2210, #886 ) ;
#255 = ORIENTED_EDGE ( 'NONE', *, *, #316, .T. ) ;
#256 = DIRECTION ( 'NONE',  ( 0.0000000000000000000, 1.000000000000000000, 0.0000000000000000000 ) ) ;
#257 = VECTOR ( 'NONE', #532, 1000.000000000000000 ) ;
#258 = ORIENTED_EDGE ( 'NONE', *, *, #2080, .T. ) ;
#259 = LINE ( 'NONE', #2369, #2450 ) ;
#260 = DIRECTION ( 'NONE',  ( -0.0000000000000000000, 1.000000000000000000, 0.0000000000000000000 ) ) ;
#261 = ORIENTED_EDGE ( 'NONE', *, *, #660, .T. ) ;
#262 = VERTEX_POINT ( 'NONE', #201 ) ;
#263 = DIRECTION ( 'NONE',  ( 0.6546536707081068700, -0.6546536707078723900, 0.3779644730091836800 ) ) ;
#264 = EDGE_CURVE ( 'NONE', #1176, #755, #147, .T. ) ;
#265 = CARTESIAN_POINT ( 'NONE',  ( 2.849999999999999200, 0.0000000000000000000, -0.2000000000000000100 ) ) ;
#266 = PLANE ( 'NONE',  #1515 ) ;
#267 = DIRECTION ( 'NONE',  ( 0.0000000000000000000, -0.0000000000000000000, 1.000000000000000000 ) ) ;
#268 = EDGE_LOOP ( 'NONE', ( #2189, #2089, #2363, #2586 ) ) ;
#269 = CARTESIAN_POINT ( 'NONE',  ( 4.000000000000000000, 2.640000000000000100, 4.200000000000000200 ) ) ;
#270 = CIRCLE ( 'NONE', #48, 0.1000000000000002600 ) ;
#271 = PRESENTATION_LAYER_ASSIGNMENT (  '', '', ( #2745 ) ) ;
#272 = CARTESIAN_POINT ( 'NONE',  ( 4.000000000000000000, -2.439999999999999900, -0.1999999999999996500 ) ) ;
#273 = CARTESIAN_POINT ( 'NONE',  ( 2.850000000000000100, -1.988320137979000300, -0.02582505045333000800 ) ) ;
#274 = DIRECTION ( 'NONE',  ( 0.0000000000000000000, -0.8660254037844497000, -0.4999999999999806800 ) ) ;
#275 = LINE ( 'NONE', #2069, #1276 ) ;
#276 = ADVANCED_FACE ( 'NONE', ( #1289 ), #1060, .T. ) ;
#277 = CARTESIAN_POINT ( 'NONE',  ( -1.850000000000000100, -1.300000000000000300, -0.2000000000000000100 ) ) ;
#278 = CARTESIAN_POINT ( 'NONE',  ( -4.200000000000000200, -2.499999999999999600, -4.650000000000000400 ) ) ;
#279 = CARTESIAN_POINT ( 'NONE',  ( 0.0000000000000000000, 0.0000000000000000000, 4.200000000000000200 ) ) ;
#280 = CARTESIAN_POINT ( 'NONE',  ( -0.8000000000000000400, -2.640000000000000100, 4.200000000000000200 ) ) ;
#281 = PLANE ( 'NONE',  #2606 ) ;
#282 = LINE ( 'NONE', #2141, #1975 ) ;
#283 = EDGE_CURVE ( 'NONE', #2691, #2540, #1228, .T. ) ;
#284 = PLANE ( 'NONE',  #1978 ) ;
#285 = DIRECTION ( 'NONE',  ( 1.000000000000000000, 0.0000000000000000000, -0.0000000000000000000 ) ) ;
#286 = VECTOR ( 'NONE', #443, 1000.000000000000000 ) ;
#287 = ORIENTED_EDGE ( 'NONE', *, *, #2565, .F. ) ;
#288 = DIRECTION ( 'NONE',  ( 0.0000000000000000000, 0.0000000000000000000, 1.000000000000000000 ) ) ;
#289 = ADVANCED_FACE ( 'NONE', ( #727 ), #1904, .T. ) ;
#290 = LINE ( 'NONE', #2590, #2476 ) ;
#291 = EDGE_LOOP ( 'NONE', ( #2767, #2750, #367, #2665 ) ) ;
#292 = LINE ( 'NONE', #2300, #422 ) ;
#293 = CARTESIAN_POINT ( 'NONE',  ( -0.4000000000000000200, -2.439999999999999900, -0.1999999999999996500 ) ) ;
#294 = VECTOR ( 'NONE', #176, 1000.000000000000000 ) ;
#295 = VERTEX_POINT ( 'NONE', #207 ) ;
#296 = PRODUCT_DEFINITION_FORMATION_WITH_SPECIFIED_SOURCE ( 'ANY', '', #713, .NOT_KNOWN. ) ;
#297 = DIRECTION ( 'NONE',  ( 1.000000000000000000, 0.0000000000000000000, 0.0000000000000000000 ) ) ;
#298 = ORIENTED_EDGE ( 'NONE', *, *, #2504, .F. ) ;
#299 = DIRECTION ( 'NONE',  ( -1.000000000000000000, 0.0000000000000000000, 0.0000000000000000000 ) ) ;
#300 = DIRECTION ( 'NONE',  ( 0.0000000000000000000, 1.000000000000000000, 0.0000000000000000000 ) ) ;
#301 = ORIENTED_EDGE ( 'NONE', *, *, #430, .T. ) ;
#302 = SURFACE_STYLE_USAGE ( .BOTH. , #1575 ) ;
#303 = CARTESIAN_POINT ( 'NONE',  ( 2.850000000000000100, 1.300000000000000300, -0.2000000000000000100 ) ) ;
#304 = EDGE_CURVE ( 'NONE', #1231, #2515, #81, .T. ) ;
#305 = ADVANCED_FACE ( 'NONE', ( #2278 ), #1489, .F. ) ;
#306 = EDGE_CURVE ( 'NONE', #1974, #1855, #583, .T. ) ;
#307 = VECTOR ( 'NONE', #1423, 1000.000000000000000 ) ;
#308 = CARTESIAN_POINT ( 'NONE',  ( -0.4000000000000000200, -2.640000000000000100, 4.200000000000000200 ) ) ;
#309 = FACE_OUTER_BOUND ( 'NONE', #2023, .T. ) ;
#310 = VERTEX_POINT ( 'NONE', #647 ) ;
#311 = DIRECTION ( 'NONE',  ( 0.0000000000000000000, -0.8660254037844289400, -0.5000000000000167600 ) ) ;
#312 = EDGE_CURVE ( 'NONE', #1685, #237, #2222, .T. ) ;
#313 = DIRECTION ( 'NONE',  ( 0.0000000000000000000, -0.0000000000000000000, -1.000000000000000000 ) ) ;
#314 = VECTOR ( 'NONE', #2074, 1000.000000000000000 ) ;
#315 = CARTESIAN_POINT ( 'NONE',  ( 2.080000000000000100, 3.000000000000000000, -4.650000000000000400 ) ) ;
#316 = EDGE_CURVE ( 'NONE', #1586, #1653, #1170, .T. ) ;
#317 = LINE ( 'NONE', #1531, #883 ) ;
#318 = ORIENTED_EDGE ( 'NONE', *, *, #769, .F. ) ;
#319 = LINE ( 'NONE', #2416, #1025 ) ;
#320 = DIRECTION ( 'NONE',  ( -0.0000000000000000000, -0.0000000000000000000, 1.000000000000000000 ) ) ;
#321 = ORIENTED_EDGE ( 'NONE', *, *, #2507, .F. ) ;
#322 = VECTOR ( 'NONE', #969, 1000.000000000000000 ) ;
#323 = VERTEX_POINT ( 'NONE', #1754 ) ;
#324 = FACE_BOUND ( 'NONE', #190, .T. ) ;
#325 = ORIENTED_EDGE ( 'NONE', *, *, #1766, .F. ) ;
#326 = PLANE ( 'NONE',  #2591 ) ;
#327 = CARTESIAN_POINT ( 'NONE',  ( 3.600000000000000500, 2.439999999999999900, 4.200000000000000200 ) ) ;
#328 = ORIENTED_EDGE ( 'NONE', *, *, #519, .F. ) ;
#329 = CARTESIAN_POINT ( 'NONE',  ( -2.850000000000000100, 2.290000000000000000, -0.2000000000000000100 ) ) ;
#330 = DIRECTION ( 'NONE',  ( 0.0000000000000000000, 0.0000000000000000000, -1.000000000000000000 ) ) ;
#331 = EDGE_LOOP ( 'NONE', ( #988, #1697, #2718, #2396 ) ) ;
#332 = ORIENTED_EDGE ( 'NONE', *, *, #2193, .T. ) ;
#333 = CARTESIAN_POINT ( 'NONE',  ( -0.8000000000000000400, 2.439999999999999900, 4.200000000000000200 ) ) ;
#334 = EDGE_CURVE ( 'NONE', #217, #2712, #6, .T. ) ;
#335 = FACE_OUTER_BOUND ( 'NONE', #2128, .T. ) ;
#336 = PLANE ( 'NONE',  #2012 ) ;
#337 = LINE ( 'NONE', #378, #1968 ) ;
#338 = AXIS2_PLACEMENT_3D ( 'NONE', #650, #440, #1715 ) ;
#339 = DIRECTION ( 'NONE',  ( -0.0000000000000000000, 1.000000000000000000, 0.0000000000000000000 ) ) ;
#340 = EDGE_CURVE ( 'NONE', #1648, #2511, #1095, .T. ) ;
#341 = CARTESIAN_POINT ( 'NONE',  ( 5.000000000000000000, -3.000000000000000400, -4.650000000000000400 ) ) ;
#342 = DIRECTION ( 'NONE',  ( 0.0000000000000000000, -1.000000000000000000, -0.0000000000000000000 ) ) ;
#343 = ORIENTED_EDGE ( 'NONE', *, *, #1450, .F. ) ;
#344 = CARTESIAN_POINT ( 'NONE',  ( 4.730000000000000400, 2.290000000000000000, -0.2000000000000000100 ) ) ;
#345 = PLANE ( 'NONE',  #1935 ) ;
#346 = VECTOR ( 'NONE', #2436, 1000.000000000000000 ) ;
#347 =( NAMED_UNIT ( * ) SI_UNIT ( $, .STERADIAN. ) SOLID_ANGLE_UNIT ( ) );
#348 = CARTESIAN_POINT ( 'NONE',  ( -0.4000000000000000800, 2.640000000000000100, -0.1999999999999997300 ) ) ;
#349 = VERTEX_POINT ( 'NONE', #1125 ) ;
#350 = LINE ( 'NONE', #2345, #286 ) ;
#351 = EDGE_CURVE ( 'NONE', #44, #2454, #456, .T. ) ;
#352 = VERTEX_POINT ( 'NONE', #2401 ) ;
#353 = DIRECTION ( 'NONE',  ( 0.0000000000000000000, 0.0000000000000000000, -1.000000000000000000 ) ) ;
#354 = LINE ( 'NONE', #1530, #925 ) ;
#355 = ORIENTED_EDGE ( 'NONE', *, *, #1960, .T. ) ;
#356 = LINE ( 'NONE', #808, #2548 ) ;
#357 = EDGE_LOOP ( 'NONE', ( #965, #1323, #1472, #225 ) ) ;
#358 = EDGE_CURVE ( 'NONE', #2540, #352, #525, .T. ) ;
#359 = FACE_OUTER_BOUND ( 'NONE', #1416, .T. ) ;
#360 = DIRECTION ( 'NONE',  ( 0.0000000000000000000, -0.5000000000000167600, 0.8660254037844289400 ) ) ;
#361 = ORIENTED_EDGE ( 'NONE', *, *, #1019, .F. ) ;
#362 = DIRECTION ( 'NONE',  ( 0.0000000000000000000, 0.0000000000000000000, 1.000000000000000000 ) ) ;
#363 = ORIENTED_EDGE ( 'NONE', *, *, #1497, .T. ) ;
#364 = DIRECTION ( 'NONE',  ( 0.0000000000000000000, -0.0000000000000000000, -1.000000000000000000 ) ) ;
#365 = AXIS2_PLACEMENT_3D ( 'NONE', #895, #1130, #1182 ) ;
#366 = CARTESIAN_POINT ( 'NONE',  ( -3.600000000000000500, -2.640000000000000100, 4.200000000000000200 ) ) ;
#367 = ORIENTED_EDGE ( 'NONE', *, *, #766, .F. ) ;
#368 = ORIENTED_EDGE ( 'NONE', *, *, #1016, .F. ) ;
#369 = DIRECTION ( 'NONE',  ( -0.0000000000000000000, 1.000000000000000000, 0.0000000000000000000 ) ) ;
#370 = LINE ( 'NONE', #915, #2005 ) ;
#371 = ORIENTED_EDGE ( 'NONE', *, *, #2543, .F. ) ;
#372 = LINE ( 'NONE', #2214, #307 ) ;
#373 = EDGE_CURVE ( 'NONE', #2474, #217, #2081, .T. ) ;
#374 = VECTOR ( 'NONE', #902, 1000.000000000000000 ) ;
#375 = CARTESIAN_POINT ( 'NONE',  ( 2.879999999999999900, 2.000000000000000000, -4.400000000000000400 ) ) ;
#376 = AXIS2_PLACEMENT_3D ( 'NONE', #442, #232, #1499 ) ;
#377 = CARTESIAN_POINT ( 'NONE',  ( -3.600000000000000500, 2.640000000000000100, 4.200000000000000200 ) ) ;
#378 = CARTESIAN_POINT ( 'NONE',  ( 4.730000000000000400, 2.730000000000000400, -0.2000000000000000100 ) ) ;
#379 = LINE ( 'NONE', #2325, #2013 ) ;
#380 = DIRECTION ( 'NONE',  ( 0.0000000000000000000, -1.000000000000000000, -0.0000000000000000000 ) ) ;
#381 = LINE ( 'NONE', #2616, #2510 ) ;
#382 = ORIENTED_EDGE ( 'NONE', *, *, #2065, .F. ) ;
#383 = VECTOR ( 'NONE', #2175, 1000.000000000000000 ) ;
#384 = EDGE_LOOP ( 'NONE', ( #1233, #1458, #388, #663 ) ) ;
#385 = DIRECTION ( 'NONE',  ( 0.0000000000000000000, 1.000000000000000000, -0.0000000000000000000 ) ) ;
#386 = DIRECTION ( 'NONE',  ( -1.000000000000000000, 0.0000000000000000000, 0.0000000000000000000 ) ) ;
#387 = VECTOR ( 'NONE', #2237, 1000.000000000000000 ) ;
#388 = ORIENTED_EDGE ( 'NONE', *, *, #2694, .F. ) ;
#389 = EDGE_CURVE ( 'NONE', #554, #2459, #2148, .T. ) ;
#390 = DIRECTION ( 'NONE',  ( 0.0000000000000000000, -0.0000000000000000000, -1.000000000000000000 ) ) ;
#391 = ORIENTED_EDGE ( 'NONE', *, *, #2633, .F. ) ;
#392 = ORIENTED_EDGE ( 'NONE', *, *, #208, .F. ) ;
#393 = DIRECTION ( 'NONE',  ( 1.000000000000000000, 0.0000000000000000000, 0.0000000000000000000 ) ) ;
#394 = ORIENTED_EDGE ( 'NONE', *, *, #1450, .T. ) ;
#395 = DIRECTION ( 'NONE',  ( 0.5000000000000167600, 0.0000000000000000000, -0.8660254037844289400 ) ) ;
#396 = DIRECTION ( 'NONE',  ( -1.000000000000000000, 0.0000000000000000000, -0.0000000000000000000 ) ) ;
#397 = CARTESIAN_POINT ( 'NONE',  ( 4.000000000000000000, 0.0000000000000000000, 4.200000000000000200 ) ) ;
#398 = AXIS2_PLACEMENT_3D ( 'NONE', #1437, #2496, #2413 ) ;
#399 = EDGE_LOOP ( 'NONE', ( #701, #1447, #992, #2382 ) ) ;
#400 = DIRECTION ( 'NONE',  ( 0.0000000000000000000, 0.0000000000000000000, -1.000000000000000000 ) ) ;
#401 = CARTESIAN_POINT ( 'NONE',  ( -4.000000000000000000, 2.640000000000000100, 4.200000000000000200 ) ) ;
#402 = ORIENTED_EDGE ( 'NONE', *, *, #406, .F. ) ;
#403 = DIRECTION ( 'NONE',  ( 0.0000000000000000000, 0.0000000000000000000, -1.000000000000000000 ) ) ;
#404 = FACE_OUTER_BOUND ( 'NONE', #1266, .T. ) ;
#405 = CARTESIAN_POINT ( 'NONE',  ( -2.850000000000000100, -2.289999999999997800, -0.2000000000000043700 ) ) ;
#406 = EDGE_CURVE ( 'NONE', #1618, #2283, #961, .T. ) ;
#407 = VECTOR ( 'NONE', #2525, 1000.000000000000000 ) ;
#408 = CARTESIAN_POINT ( 'NONE',  ( -0.4000000000000000200, 0.0000000000000000000, 4.200000000000000200 ) ) ;
#409 = DIRECTION ( 'NONE',  ( -0.0000000000000000000, -0.0000000000000000000, 1.000000000000000000 ) ) ;
#410 = MECHANICAL_DESIGN_GEOMETRIC_PRESENTATION_REPRESENTATION (  '', ( #2745 ), #551 ) ;
#411 = CARTESIAN_POINT ( 'NONE',  ( 4.730000000000000400, 3.000000000000000000, 0.0000000000000000000 ) ) ;
#412 = CIRCLE ( 'NONE', #2123, 0.1000000000000002600 ) ;
#413 = CARTESIAN_POINT ( 'NONE',  ( 0.0000000000000000000, -2.439999999999999900, 4.200000000000000200 ) ) ;
#414 = PLANE ( 'NONE',  #2674 ) ;
#415 = ADVANCED_FACE ( 'NONE', ( #2582 ), #1776, .T. ) ;
#416 = LINE ( 'NONE', #978, #2041 ) ;
#417 = DIRECTION ( 'NONE',  ( 0.0000000000000000000, -1.000000000000000000, 0.0000000000000000000 ) ) ;
#418 = EDGE_LOOP ( 'NONE', ( #2120, #2156, #1028, #2477, #751, #2091 ) ) ;
#419 = LINE ( 'NONE', #1538, #686 ) ;
#420 = DIRECTION ( 'NONE',  ( 0.0000000000000000000, 0.0000000000000000000, -1.000000000000000000 ) ) ;
#421 = EDGE_LOOP ( 'NONE', ( #2186, #2344, #1411, #555 ) ) ;
#422 = VECTOR ( 'NONE', #1042, 1000.000000000000000 ) ;
#423 = EDGE_CURVE ( 'NONE', #935, #1313, #319, .T. ) ;
#424 = EDGE_LOOP ( 'NONE', ( #1656, #692, #87, #1808, #1651, #2117, #1119, #355 ) ) ;
#425 = PLANE ( 'NONE',  #466 ) ;
#426 = VECTOR ( 'NONE', #2506, 1000.000000000000000 ) ;
#427 = ORIENTED_EDGE ( 'NONE', *, *, #1349, .T. ) ;
#428 = ORIENTED_EDGE ( 'NONE', *, *, #1971, .F. ) ;
#429 = CARTESIAN_POINT ( 'NONE',  ( 1.800000000000000500, -2.640000000000000100, -0.1999999999999997300 ) ) ;
#430 = EDGE_CURVE ( 'NONE', #2153, #617, #1443, .T. ) ;
#431 = DIRECTION ( 'NONE',  ( 0.0000000000000000000, 0.0000000000000000000, -1.000000000000000000 ) ) ;
#432 = DIRECTION ( 'NONE',  ( -0.0000000000000000000, 1.000000000000000000, 0.0000000000000000000 ) ) ;
#433 = EDGE_LOOP ( 'NONE', ( #2652, #2518, #518, #1991 ) ) ;
#434 = AXIS2_PLACEMENT_3D ( 'NONE', #2232, #2443, #2664 ) ;
#435 = CARTESIAN_POINT ( 'NONE',  ( -1.850000000000000100, 0.0000000000000000000, -0.2000000000000000100 ) ) ;
#436 = ADVANCED_FACE ( 'NONE', ( #2512 ), #1568, .T. ) ;
#437 = PRODUCT_RELATED_PRODUCT_CATEGORY ( 'part', '', ( #713 ) ) ;
#438 = CARTESIAN_POINT ( 'NONE',  ( -4.400000000000000400, 2.500000000000000000, -4.650000000000000400 ) ) ;
#439 = LINE ( 'NONE', #1781, #2567 ) ;
#440 = DIRECTION ( 'NONE',  ( 0.0000000000000000000, 0.0000000000000000000, -1.000000000000000000 ) ) ;
#441 = VECTOR ( 'NONE', #1630, 1000.000000000000000 ) ;
#442 = CARTESIAN_POINT ( 'NONE',  ( 0.0000000000000000000, 0.0000000000000000000, 4.200000000000000200 ) ) ;
#443 = DIRECTION ( 'NONE',  ( -0.0000000000000000000, -1.000000000000000000, -0.0000000000000000000 ) ) ;
#444 = VECTOR ( 'NONE', #1157, 1000.000000000000100 ) ;
#445 = EDGE_CURVE ( 'NONE', #1075, #1611, #254, .T. ) ;
#446 = DIRECTION ( 'NONE',  ( -1.000000000000000000, 0.0000000000000000000, 0.0000000000000000000 ) ) ;
#447 = ADVANCED_FACE ( 'NONE', ( #1889 ), #754, .F. ) ;
#448 = CARTESIAN_POINT ( 'NONE',  ( -5.000000000000000000, 3.000000000000000400, -4.650000000000000400 ) ) ;
#449 = EDGE_CURVE ( 'NONE', #2019, #1521, #2446, .T. ) ;
#450 = ORIENTED_EDGE ( 'NONE', *, *, #2539, .T. ) ;
#451 = AXIS2_PLACEMENT_3D ( 'NONE', #618, #1053, #386 ) ;
#452 = CARTESIAN_POINT ( 'NONE',  ( 4.469999999999999800, -2.289999999999989800, -0.2000000000000174400 ) ) ;
#453 = LINE ( 'NONE', #1540, #2716 ) ;
#454 = VECTOR ( 'NONE', #256, 1000.000000000000000 ) ;
#455 = VERTEX_POINT ( 'NONE', #448 ) ;
#456 = LINE ( 'NONE', #2343, #2653 ) ;
#457 = LINE ( 'NONE', #2670, #1097 ) ;
#458 = EDGE_LOOP ( 'NONE', ( #1558, #967, #1238, #2449 ) ) ;
#459 = ORIENTED_EDGE ( 'NONE', *, *, #1807, .F. ) ;
#460 = VERTEX_POINT ( 'NONE', #1163 ) ;
#461 = EDGE_CURVE ( 'NONE', #2283, #820, #1314, .T. ) ;
#462 = EDGE_LOOP ( 'NONE', ( #574, #530, #1769, #732 ) ) ;
#463 = EDGE_CURVE ( 'NONE', #493, #1583, #184, .T. ) ;
#464 = DIRECTION ( 'NONE',  ( 1.000000000000000000, 0.0000000000000000000, 0.0000000000000000000 ) ) ;
#465 = ORIENTED_EDGE ( 'NONE', *, *, #562, .T. ) ;
#466 = AXIS2_PLACEMENT_3D ( 'NONE', #824, #2552, #210 ) ;
#467 = EDGE_LOOP ( 'NONE', ( #2309, #120, #932, #298 ) ) ;
#468 = CARTESIAN_POINT ( 'NONE',  ( -4.000000000000000000, 2.640000000000000100, 4.200000000000000200 ) ) ;
#469 = CARTESIAN_POINT ( 'NONE',  ( 2.879999999999999900, 2.000000000000000000, -4.400000000000000400 ) ) ;
#470 = ORIENTED_EDGE ( 'NONE', *, *, #1638, .T. ) ;
#471 = DIRECTION ( 'NONE',  ( 0.0000000000000000000, -0.0000000000000000000, -1.000000000000000000 ) ) ;
#472 = FACE_OUTER_BOUND ( 'NONE', #885, .T. ) ;
#473 = VECTOR ( 'NONE', #1208, 1000.000000000000000 ) ;
#474 = CARTESIAN_POINT ( 'NONE',  ( 2.850000000000000100, -1.300000000000000300, -0.2000000000000000100 ) ) ;
#475 = DIRECTION ( 'NONE',  ( -1.000000000000000000, 0.0000000000000000000, -0.0000000000000000000 ) ) ;
#476 = DIRECTION ( 'NONE',  ( -0.0000000000000000000, 1.000000000000000000, 0.0000000000000000000 ) ) ;
#477 = CARTESIAN_POINT ( 'NONE',  ( -4.200000000000000200, 2.500000000000000000, -4.639999999999999700 ) ) ;
#478 = EDGE_CURVE ( 'NONE', #1735, #1075, #192, .T. ) ;
#479 = DIRECTION ( 'NONE',  ( 0.0000000000000000000, -1.000000000000000000, 0.0000000000000000000 ) ) ;
#480 = FACE_OUTER_BOUND ( 'NONE', #1658, .T. ) ;
#481 = PLANE ( 'NONE',  #99 ) ;
#482 = ADVANCED_FACE ( 'NONE', ( #1261 ), #864, .F. ) ;
#483 = EDGE_LOOP ( 'NONE', ( #1290, #1883, #450, #1608 ) ) ;
#484 = FACE_OUTER_BOUND ( 'NONE', #799, .T. ) ;
#485 = ORIENTED_EDGE ( 'NONE', *, *, #906, .T. ) ;
#486 = CARTESIAN_POINT ( 'NONE',  ( 1.399999999999999900, 2.439999999999999900, 4.200000000000000200 ) ) ;
#487 = LINE ( 'NONE', #272, #989 ) ;
#488 = ORIENTED_EDGE ( 'NONE', *, *, #1730, .F. ) ;
#489 = VECTOR ( 'NONE', #160, 1000.000000000000000 ) ;
#490 = ORIENTED_EDGE ( 'NONE', *, *, #933, .F. ) ;
#491 = VECTOR ( 'NONE', #2321, 1000.000000000000000 ) ;
#492 = ORIENTED_EDGE ( 'NONE', *, *, #1372, .T. ) ;
#493 = VERTEX_POINT ( 'NONE', #1496 ) ;
#494 = DIRECTION ( 'NONE',  ( 0.0000000000000000000, 0.0000000000000000000, 1.000000000000000000 ) ) ;
#495 = VERTEX_POINT ( 'NONE', #2773 ) ;
#496 = CARTESIAN_POINT ( 'NONE',  ( -3.600000000000000500, -2.640000000000000100, 4.200000000000000200 ) ) ;
#497 = EDGE_CURVE ( 'NONE', #2732, #2192, #111, .T. ) ;
#498 = DIRECTION ( 'NONE',  ( 0.0000000000000000000, -1.000000000000000000, 0.0000000000000000000 ) ) ;
#499 = CARTESIAN_POINT ( 'NONE',  ( -5.000000000000000000, 3.000000000000000000, -4.650000000000000400 ) ) ;
#500 = ADVANCED_FACE ( 'NONE', ( #761 ), #2127, .T. ) ;
#501 = EDGE_CURVE ( 'NONE', #1761, #587, #691, .T. ) ;
#502 = ORIENTED_EDGE ( 'NONE', *, *, #1544, .T. ) ;
#503 = CARTESIAN_POINT ( 'NONE',  ( -4.400000000000000400, 2.399999999999999900, -4.650000000000000400 ) ) ;
#504 = DIRECTION ( 'NONE',  ( -0.0000000000000000000, -1.000000000000000000, -0.0000000000000000000 ) ) ;
#505 = VECTOR ( 'NONE', #1963, 1000.000000000000000 ) ;
#506 = EDGE_LOOP ( 'NONE', ( #1181, #361, #733, #202 ) ) ;
#507 = DIRECTION ( 'NONE',  ( -1.000000000000000000, 0.0000000000000000000, -0.0000000000000000000 ) ) ;
#508 = VERTEX_POINT ( 'NONE', #1278 ) ;
#509 = CARTESIAN_POINT ( 'NONE',  ( -4.200000000000000200, -2.399999999999999900, -4.650000000000000400 ) ) ;
#510 = VECTOR ( 'NONE', #313, 1000.000000000000000 ) ;
#511 = CARTESIAN_POINT ( 'NONE',  ( -4.000000000000000000, 2.640000000000000100, 4.200000000000000200 ) ) ;
#512 = DIRECTION ( 'NONE',  ( 0.0000000000000000000, 1.000000000000000000, -0.0000000000000000000 ) ) ;
#513 = DIRECTION ( 'NONE',  ( -0.0000000000000000000, 1.000000000000000000, 0.0000000000000000000 ) ) ;
#514 = LINE ( 'NONE', #1188, #444 ) ;
#515 = ADVANCED_FACE ( 'NONE', ( #1200 ), #2251, .T. ) ;
#516 =( NAMED_UNIT ( * ) PLANE_ANGLE_UNIT ( ) SI_UNIT ( $, .RADIAN. ) );
#517 = PLANE ( 'NONE',  #1160 ) ;
#518 = ORIENTED_EDGE ( 'NONE', *, *, #1016, .T. ) ;
#519 = EDGE_CURVE ( 'NONE', #1562, #891, #46, .T. ) ;
#520 = DIRECTION ( 'NONE',  ( -1.000000000000000000, 0.0000000000000000000, 0.0000000000000000000 ) ) ;
#521 = VECTOR ( 'NONE', #591, 1000.000000000000100 ) ;
#522 = CARTESIAN_POINT ( 'NONE',  ( -3.600000000000000500, 2.640000000000000100, -0.1999999999999997300 ) ) ;
#523 = LINE ( 'NONE', #1718, #2145 ) ;
#524 = ORIENTED_EDGE ( 'NONE', *, *, #640, .T. ) ;
#525 = CIRCLE ( 'NONE', #1822, 0.5500000000000001600 ) ;
#526 = CARTESIAN_POINT ( 'NONE',  ( 4.168320137979108600, -2.399999999999999900, -0.02582505045314149200 ) ) ;
#527 = VECTOR ( 'NONE', #2460, 1000.000000000000000 ) ;
#528 = ORIENTED_EDGE ( 'NONE', *, *, #2757, .T. ) ;
#529 = ORIENTED_EDGE ( 'NONE', *, *, #1000, .T. ) ;
#530 = ORIENTED_EDGE ( 'NONE', *, *, #1509, .F. ) ;
#531 = ORIENTED_EDGE ( 'NONE', *, *, #2167, .F. ) ;
#532 = DIRECTION ( 'NONE',  ( -0.0000000000000000000, -0.0000000000000000000, -1.000000000000000000 ) ) ;
#533 = ORIENTED_EDGE ( 'NONE', *, *, #1466, .T. ) ;
#534 = EDGE_CURVE ( 'NONE', #2629, #1394, #625, .T. ) ;
#535 = EDGE_LOOP ( 'NONE', ( #1037, #382, #1202, #656 ) ) ;
#536 = AXIS2_PLACEMENT_3D ( 'NONE', #595, #395, #1884 ) ;
#537 = LINE ( 'NONE', #1396, #1537 ) ;
#538 = CARTESIAN_POINT ( 'NONE',  ( -0.8000000000000000400, -2.640000000000000100, 4.200000000000000200 ) ) ;
#539 = VECTOR ( 'NONE', #2073, 1000.000000000000200 ) ;
#540 = ORIENTED_EDGE ( 'NONE', *, *, #869, .F. ) ;
#541 = DIRECTION ( 'NONE',  ( -0.0000000000000000000, 0.0000000000000000000, 1.000000000000000000 ) ) ;
#542 = EDGE_CURVE ( 'NONE', #53, #990, #1691, .T. ) ;
#543 = VECTOR ( 'NONE', #2538, 1000.000000000000000 ) ;
#544 = LINE ( 'NONE', #1465, #2747 ) ;
#545 = DIRECTION ( 'NONE',  ( 0.0000000000000000000, 0.0000000000000000000, -1.000000000000000000 ) ) ;
#546 = VERTEX_POINT ( 'NONE', #1468 ) ;
#547 = CARTESIAN_POINT ( 'NONE',  ( -0.8000000000000000400, 2.439999999999999900, 4.200000000000000200 ) ) ;
#548 = VECTOR ( 'NONE', #908, 1000.000000000000000 ) ;
#549 = ORIENTED_EDGE ( 'NONE', *, *, #1657, .T. ) ;
#550 = LINE ( 'NONE', #575, #2185 ) ;
#551 =( GEOMETRIC_REPRESENTATION_CONTEXT ( 3 ) GLOBAL_UNCERTAINTY_ASSIGNED_CONTEXT ( ( #1161 ) ) GLOBAL_UNIT_ASSIGNED_CONTEXT ( ( #1619, #123, #347 ) ) REPRESENTATION_CONTEXT ( 'NONE', 'WORKASPACE' ) );
#552 = ORIENTED_EDGE ( 'NONE', *, *, #2467, .T. ) ;
#553 = VECTOR ( 'NONE', #1056, 1000.000000000000000 ) ;
#554 = VERTEX_POINT ( 'NONE', #1269 ) ;
#555 = ORIENTED_EDGE ( 'NONE', *, *, #1816, .F. ) ;
#556 = DIRECTION ( 'NONE',  ( 1.000000000000000000, 0.0000000000000000000, 0.0000000000000000000 ) ) ;
#557 = ORIENTED_EDGE ( 'NONE', *, *, #174, .F. ) ;
#558 = DIRECTION ( 'NONE',  ( 0.0000000000000000000, -0.8660254037844289400, 0.5000000000000167600 ) ) ;
#559 = CARTESIAN_POINT ( 'NONE',  ( 4.469999999999999800, -2.289999999999997800, -0.2000000000000043700 ) ) ;
#560 = ORIENTED_EDGE ( 'NONE', *, *, #660, .F. ) ;
#561 = PLANE ( 'NONE',  #2088 ) ;
#562 = EDGE_CURVE ( 'NONE', #114, #2299, #1759, .T. ) ;
#563 = ORIENTED_EDGE ( 'NONE', *, *, #1652, .T. ) ;
#564 = EDGE_CURVE ( 'NONE', #771, #2637, #1615, .T. ) ;
#565 = LINE ( 'NONE', #1118, #1007 ) ;
#566 = ORIENTED_EDGE ( 'NONE', *, *, #2230, .F. ) ;
#567 = CARTESIAN_POINT ( 'NONE',  ( -4.730000000000000400, 2.730000000000000400, -0.2000000000000000100 ) ) ;
#568 = CIRCLE ( 'NONE', #2018, 0.1000000000000002600 ) ;
#569 = AXIS2_PLACEMENT_3D ( 'NONE', #747, #741, #2010 ) ;
#570 = CARTESIAN_POINT ( 'NONE',  ( 2.799999999999999800, -1.300000000000000300, -0.02582505045333000100 ) ) ;
#571 = DIRECTION ( 'NONE',  ( -0.0000000000000000000, 0.0000000000000000000, 1.000000000000000000 ) ) ;
#572 = VECTOR ( 'NONE', #1600, 1000.000000000000000 ) ;
#573 = CARTESIAN_POINT ( 'NONE',  ( -3.600000000000000500, 2.439999999999999900, 4.200000000000000200 ) ) ;
#574 = ORIENTED_EDGE ( 'NONE', *, *, #32, .F. ) ;
#575 = CARTESIAN_POINT ( 'NONE',  ( -4.200000000000000200, 2.500000000000000000, -4.650000000000000400 ) ) ;
#576 = CARTESIAN_POINT ( 'NONE',  ( 1.850000000000000100, 1.300000000000000300, 0.3715767664977000500 ) ) ;
#577 = VERTEX_POINT ( 'NONE', #198 ) ;
#578 = PLANE ( 'NONE',  #1274 ) ;
#579 = LINE ( 'NONE', #397, #2 ) ;
#580 = EDGE_CURVE ( 'NONE', #113, #787, #2118, .T. ) ;
#581 = VECTOR ( 'NONE', #4, 1000.000000000000000 ) ;
#582 = ORIENTED_EDGE ( 'NONE', *, *, #153, .T. ) ;
#583 = LINE ( 'NONE', #2130, #654 ) ;
#584 = EDGE_CURVE ( 'NONE', #668, #990, #2688, .T. ) ;
#585 = LINE ( 'NONE', #130, #2224 ) ;
#586 = DIRECTION ( 'NONE',  ( -1.000000000000000000, 0.0000000000000000000, 0.0000000000000000000 ) ) ;
#587 = VERTEX_POINT ( 'NONE', #1050 ) ;
#588 = DIRECTION ( 'NONE',  ( 1.000000000000000000, -0.0000000000000000000, 0.0000000000000000000 ) ) ;
#589 = ORIENTED_EDGE ( 'NONE', *, *, #95, .F. ) ;
#590 = ORIENTED_EDGE ( 'NONE', *, *, #1094, .F. ) ;
#591 = DIRECTION ( 'NONE',  ( 0.0000000000000000000, 0.8660254037844107300, -0.5000000000000481800 ) ) ;
#592 = AXIS2_PLACEMENT_3D ( 'NONE', #833, #173, #400 ) ;
#593 = ORIENTED_EDGE ( 'NONE', *, *, #1804, .T. ) ;
#594 = CARTESIAN_POINT ( 'NONE',  ( 1.400000000000000100, 0.0000000000000000000, -0.2000000000000000100 ) ) ;
#595 = CARTESIAN_POINT ( 'NONE',  ( -2.824551732809999800, -2.399999999999999900, 0.7500000000000000000 ) ) ;
#596 = CARTESIAN_POINT ( 'NONE',  ( -0.8000000000000001600, -2.439999999999999900, -0.1999999999999997300 ) ) ;
#597 = PLANE ( 'NONE',  #1749 ) ;
#598 = ORIENTED_EDGE ( 'NONE', *, *, #445, .T. ) ;
#599 = EDGE_CURVE ( 'NONE', #2768, #1996, #1065, .T. ) ;
#600 = CARTESIAN_POINT ( 'NONE',  ( -0.4000000000000000200, 2.640000000000000100, 4.200000000000000200 ) ) ;
#601 = ORIENTED_EDGE ( 'NONE', *, *, #1971, .T. ) ;
#602 = EDGE_CURVE ( 'NONE', #50, #1451, #993, .T. ) ;
#603 = DIRECTION ( 'NONE',  ( -1.000000000000000000, 0.0000000000000000000, 0.0000000000000000000 ) ) ;
#604 = VECTOR ( 'NONE', #2288, 1000.000000000000100 ) ;
#605 = PLANE ( 'NONE',  #1469 ) ;
#606 = LINE ( 'NONE', #179, #539 ) ;
#607 = PLANE ( 'NONE',  #818 ) ;
#608 = CARTESIAN_POINT ( 'NONE',  ( -2.799999999999999800, 1.300000000000000300, -0.02582505045333000100 ) ) ;
#609 = DIRECTION ( 'NONE',  ( 0.0000000000000000000, 0.0000000000000000000, -1.000000000000000000 ) ) ;
#610 = CARTESIAN_POINT ( 'NONE',  ( -3.600000000000000500, 0.0000000000000000000, 4.200000000000000200 ) ) ;
#611 = LINE ( 'NONE', #1787, #35 ) ;
#612 = DIRECTION ( 'NONE',  ( -1.000000000000000000, 0.0000000000000000000, -0.0000000000000000000 ) ) ;
#613 = ORIENTED_EDGE ( 'NONE', *, *, #711, .F. ) ;
#614 = CARTESIAN_POINT ( 'NONE',  ( -1.850000000000000100, 1.300000000000000300, -0.2000000000000000100 ) ) ;
#615 = VECTOR ( 'NONE', #339, 1000.000000000000000 ) ;
#616 = ORIENTED_EDGE ( 'NONE', *, *, #124, .T. ) ;
#617 = VERTEX_POINT ( 'NONE', #1454 ) ;
#618 = CARTESIAN_POINT ( 'NONE',  ( 2.879999999999999900, 2.000000000000000000, -4.650000000000000400 ) ) ;
#619 = LINE ( 'NONE', #66, #1316 ) ;
#620 = ORIENTED_EDGE ( 'NONE', *, *, #1110, .T. ) ;
#621 = EDGE_CURVE ( 'NONE', #2691, #1903, #2051, .T. ) ;
#622 = VECTOR ( 'NONE', #369, 1000.000000000000000 ) ;
#623 = ORIENTED_EDGE ( 'NONE', *, *, #2563, .T. ) ;
#624 = CARTESIAN_POINT ( 'NONE',  ( -2.850000000000000100, 1.988320137979000300, -0.02582505045333000800 ) ) ;
#625 = LINE ( 'NONE', #2330, #1132 ) ;
#626 = ORIENTED_EDGE ( 'NONE', *, *, #2539, .F. ) ;
#627 = AXIS2_PLACEMENT_3D ( 'NONE', #855, #644, #1916 ) ;
#628 = ORIENTED_EDGE ( 'NONE', *, *, #933, .T. ) ;
#629 = CARTESIAN_POINT ( 'NONE',  ( 0.0000000000000000000, 2.439999999999999900, 4.200000000000000200 ) ) ;
#630 = DIRECTION ( 'NONE',  ( -1.000000000000000000, 0.0000000000000000000, 0.0000000000000000000 ) ) ;
#631 = ORIENTED_EDGE ( 'NONE', *, *, #2110, .F. ) ;
#632 = AXIS2_PLACEMENT_3D ( 'NONE', #2527, #1460, #2741 ) ;
#633 = CARTESIAN_POINT ( 'NONE',  ( 2.879999999999999900, 2.000000000000000000, -4.599999999999999600 ) ) ;
#634 = CARTESIAN_POINT ( 'NONE',  ( 0.0000000000000000000, -2.439999999999999900, 4.200000000000000200 ) ) ;
#635 = ORIENTED_EDGE ( 'NONE', *, *, #174, .T. ) ;
#636 = DIRECTION ( 'NONE',  ( -1.000000000000000000, 0.0000000000000000000, 0.0000000000000000000 ) ) ;
#637 = VECTOR ( 'NONE', #1309, 1000.000000000000000 ) ;
#638 = DIRECTION ( 'NONE',  ( -0.0000000000000000000, 1.000000000000000000, 0.0000000000000000000 ) ) ;
#639 = ORIENTED_EDGE ( 'NONE', *, *, #1580, .T. ) ;
#640 = EDGE_CURVE ( 'NONE', #310, #1379, #931, .T. ) ;
#641 = VECTOR ( 'NONE', #642, 1000.000000000000000 ) ;
#642 = DIRECTION ( 'NONE',  ( 0.0000000000000000000, 1.000000000000000000, -0.0000000000000000000 ) ) ;
#643 = ADVANCED_FACE ( 'NONE', ( #359 ), #1881, .F. ) ;
#644 = DIRECTION ( 'NONE',  ( 0.0000000000000000000, 1.000000000000000000, -0.0000000000000000000 ) ) ;
#645 = EDGE_CURVE ( 'NONE', #508, #1075, #856, .T. ) ;
#646 = DIRECTION ( 'NONE',  ( 0.0000000000000000000, 0.0000000000000000000, -1.000000000000000000 ) ) ;
#647 = CARTESIAN_POINT ( 'NONE',  ( -3.600000000000000500, 2.439999999999999900, 4.200000000000000200 ) ) ;
#648 = DIRECTION ( 'NONE',  ( -0.0000000000000000000, 1.000000000000000000, 0.0000000000000000000 ) ) ;
#649 = ADVANCED_BREP_SHAPE_REPRESENTATION ( 'IM23TS', ( #1636, #2769 ), #1475 ) ;
#650 = CARTESIAN_POINT ( 'NONE',  ( 4.168320137979000300, -2.399999999999999900, -0.02582505045333000100 ) ) ;
#651 = FACE_OUTER_BOUND ( 'NONE', #823, .T. ) ;
#652 = LINE ( 'NONE', #876, #1722 ) ;
#653 = ORIENTED_EDGE ( 'NONE', *, *, #2740, .T. ) ;
#654 = VECTOR ( 'NONE', #860, 1000.000000000000000 ) ;
#655 = ADVANCED_FACE ( 'NONE', ( #1990, #1414 ), #605, .T. ) ;
#656 = ORIENTED_EDGE ( 'NONE', *, *, #2327, .F. ) ;
#657 = DIRECTION ( 'NONE',  ( 0.0000000000000000000, -1.000000000000000000, 0.0000000000000000000 ) ) ;
#658 = LINE ( 'NONE', #2475, #1797 ) ;
#660 = EDGE_CURVE ( 'NONE', #1079, #1193, #1925, .T. ) ;
#659 = EDGE_LOOP ( 'NONE', ( #1552, #1865, #2092, #1381 ) ) ;
#661 = VERTEX_POINT ( 'NONE', #1655 ) ;
#662 = EDGE_CURVE ( 'NONE', #2257, #1586, #229, .T. ) ;
#663 = ORIENTED_EDGE ( 'NONE', *, *, #584, .T. ) ;
#664 = AXIS2_PLACEMENT_3D ( 'NONE', #1920, #646, #2342 ) ;
#665 = CARTESIAN_POINT ( 'NONE',  ( 1.400000000000000100, 2.439999999999999900, -0.1999999999999997300 ) ) ;
#666 = DIRECTION ( 'NONE',  ( -0.6546536707081083200, 0.6546536707078711700, 0.3779644730091836800 ) ) ;
#667 = PLANE ( 'NONE',  #1084 ) ;
#668 = VERTEX_POINT ( 'NONE', #1018 ) ;
#669 = ADVANCED_FACE ( 'NONE', ( #1858 ), #2729, .F. ) ;
#670 = PRESENTATION_STYLE_ASSIGNMENT (( #302 ) ) ;
#671 = LINE ( 'NONE', #1145, #1112 ) ;
#672 = CARTESIAN_POINT ( 'NONE',  ( 1.850000000000000100, 1.300000000000000300, 0.3715767664977000500 ) ) ;
#673 = CARTESIAN_POINT ( 'NONE',  ( 1.400000000000000100, 2.640000000000000100, -0.1999999999999997300 ) ) ;
#674 = VECTOR ( 'NONE', #588, 1000.000000000000000 ) ;
#675 = EDGE_CURVE ( 'NONE', #1929, #1767, #1292, .T. ) ;
#676 = CARTESIAN_POINT ( 'NONE',  ( 4.000000000000000000, -2.439999999999999900, -0.1999999999999997300 ) ) ;
#677 = ORIENTED_EDGE ( 'NONE', *, *, #2347, .T. ) ;
#678 = ADVANCED_FACE ( 'NONE', ( #2479 ), #2500, .T. ) ;
#679 = DIRECTION ( 'NONE',  ( -1.000000000000000000, 0.0000000000000000000, -0.0000000000000000000 ) ) ;
#680 = CARTESIAN_POINT ( 'NONE',  ( 2.879999999999999900, 1.199999999999999700, -4.650000000000000400 ) ) ;
#681 = AXIS2_PLACEMENT_3D ( 'NONE', #1223, #1864, #1836 ) ;
#682 = CARTESIAN_POINT ( 'NONE',  ( 5.000000000000000000, 1.200000000000000000, -4.650000000000000400 ) ) ;
#683 = VECTOR ( 'NONE', #1966, 1000.000000000000100 ) ;
#684 = ORIENTED_EDGE ( 'NONE', *, *, #2040, .F. ) ;
#685 = ORIENTED_EDGE ( 'NONE', *, *, #2410, .T. ) ;
#686 = VECTOR ( 'NONE', #263, 1000.000000000000100 ) ;
#687 = VERTEX_POINT ( 'NONE', #2269 ) ;
#688 = DIRECTION ( 'NONE',  ( 0.0000000000000000000, -0.0000000000000000000, -1.000000000000000000 ) ) ;
#689 = FACE_OUTER_BOUND ( 'NONE', #997, .T. ) ;
#690 = ORIENTED_EDGE ( 'NONE', *, *, #662, .F. ) ;
#691 = LINE ( 'NONE', #1483, #1828 ) ;
#692 = ORIENTED_EDGE ( 'NONE', *, *, #23, .T. ) ;
#693 = EDGE_CURVE ( 'NONE', #1588, #148, #151, .T. ) ;
#694 = CARTESIAN_POINT ( 'NONE',  ( -0.8000000000000000400, 2.640000000000000100, 4.200000000000000200 ) ) ;
#695 = DIRECTION ( 'NONE',  ( -0.0000000000000000000, 1.000000000000000000, 0.0000000000000000000 ) ) ;
#696 = ORIENTED_EDGE ( 'NONE', *, *, #1110, .F. ) ;
#697 = ORIENTED_EDGE ( 'NONE', *, *, #2711, .T. ) ;
#698 = CARTESIAN_POINT ( 'NONE',  ( -2.850000000000000100, 1.300000000000000300, -0.2000000000000000100 ) ) ;
#699 = ORIENTED_EDGE ( 'NONE', *, *, #19, .F. ) ;
#700 = CARTESIAN_POINT ( 'NONE',  ( -4.730000000000000400, -2.730000000000000400, -0.2000000000000000100 ) ) ;
#701 = ORIENTED_EDGE ( 'NONE', *, *, #599, .T. ) ;
#702 = DIRECTION ( 'NONE',  ( 1.000000000000000000, 0.0000000000000000000, 0.0000000000000000000 ) ) ;
#703 = DIRECTION ( 'NONE',  ( -0.0000000000000000000, -0.0000000000000000000, 1.000000000000000000 ) ) ;
#704 = DIRECTION ( 'NONE',  ( 0.0000000000000000000, -1.000000000000000000, 0.0000000000000000000 ) ) ;
#705 = CARTESIAN_POINT ( 'NONE',  ( -0.4000000000000000200, 2.439999999999999900, -0.1999999999999996500 ) ) ;
#706 = LINE ( 'NONE', #244, #205 ) ;
#707 = VERTEX_POINT ( 'NONE', #2488 ) ;
#708 = LINE ( 'NONE', #1495, #61 ) ;
#709 = ADVANCED_FACE ( 'NONE', ( #791 ), #1010, .T. ) ;
#710 = FILL_AREA_STYLE_COLOUR ( '', #1810 ) ;
#711 = EDGE_CURVE ( 'NONE', #2732, #2107, #658, .T. ) ;
#712 = DIRECTION ( 'NONE',  ( 1.000000000000000000, -0.0000000000000000000, 0.0000000000000000000 ) ) ;
#713 = PRODUCT ( 'IM23TS', 'IM23TS', '', ( #2434 ) ) ;
#714 = DIRECTION ( 'NONE',  ( -0.0000000000000000000, -0.0000000000000000000, -1.000000000000000000 ) ) ;
#715 = EDGE_CURVE ( 'NONE', #1618, #2640, #1230, .T. ) ;
#716 = DIRECTION ( 'NONE',  ( -0.0000000000000000000, 1.000000000000000000, 0.0000000000000000000 ) ) ;
#717 = PLANE ( 'NONE',  #2663 ) ;
#718 = ORIENTED_EDGE ( 'NONE', *, *, #906, .F. ) ;
#719 = DIRECTION ( 'NONE',  ( -1.000000000000000000, -0.0000000000000000000, -0.0000000000000000000 ) ) ;
#720 =( LENGTH_UNIT ( ) NAMED_UNIT ( * ) SI_UNIT ( .MILLI., .METRE. ) );
#721 = VECTOR ( 'NONE', #638, 1000.000000000000000 ) ;
#722 = PLANE ( 'NONE',  #1422 ) ;
#723 = DIRECTION ( 'NONE',  ( 0.0000000000000000000, 0.0000000000000000000, -1.000000000000000000 ) ) ;
#724 = ADVANCED_FACE ( 'NONE', ( #84 ), #2055, .F. ) ;
#725 = FACE_BOUND ( 'NONE', #1128, .T. ) ;
#726 = ORIENTED_EDGE ( 'NONE', *, *, #1397, .F. ) ;
#727 = FACE_OUTER_BOUND ( 'NONE', #1201, .T. ) ;
#728 = CARTESIAN_POINT ( 'NONE',  ( -4.000000000000000000, -2.439999999999999900, 4.200000000000000200 ) ) ;
#729 = DIRECTION ( 'NONE',  ( 0.0000000000000000000, 0.0000000000000000000, 1.000000000000000000 ) ) ;
#730 = ORIENTED_EDGE ( 'NONE', *, *, #645, .T. ) ;
#731 = VECTOR ( 'NONE', #2063, 1000.000000000000000 ) ;
#732 = ORIENTED_EDGE ( 'NONE', *, *, #1838, .F. ) ;
#733 = ORIENTED_EDGE ( 'NONE', *, *, #1397, .T. ) ;
#734 = CARTESIAN_POINT ( 'NONE',  ( -4.400000000000000400, 2.399999999999999900, -4.650000000000000400 ) ) ;
#735 = ORIENTED_EDGE ( 'NONE', *, *, #2290, .F. ) ;
#736 = CARTESIAN_POINT ( 'NONE',  ( -4.470000000000045000, 2.290000000000000900, -0.1999999999999223000 ) ) ;
#737 = EDGE_CURVE ( 'NONE', #831, #2362, #2354, .T. ) ;
#738 = EDGE_CURVE ( 'NONE', #687, #1761, #585, .T. ) ;
#739 = ADVANCED_FACE ( 'NONE', ( #1172 ), #2039, .F. ) ;
#740 = ORIENTED_EDGE ( 'NONE', *, *, #1747, .T. ) ;
#741 = DIRECTION ( 'NONE',  ( -1.000000000000000000, 0.0000000000000000000, 0.0000000000000000000 ) ) ;
#742 = ORIENTED_EDGE ( 'NONE', *, *, #1493, .F. ) ;
#743 = FACE_OUTER_BOUND ( 'NONE', #94, .T. ) ;
#744 = CARTESIAN_POINT ( 'NONE',  ( -5.000000000000000000, -3.000000000000000000, -4.650000000000000400 ) ) ;
#745 = FACE_BOUND ( 'NONE', #2285, .T. ) ;
#746 = EDGE_CURVE ( 'NONE', #820, #954, #9, .T. ) ;
#747 = CARTESIAN_POINT ( 'NONE',  ( 3.600000000000000500, -2.439999999999999900, 4.200000000000000200 ) ) ;
#748 = CARTESIAN_POINT ( 'NONE',  ( -0.4000000000000000200, -2.439999999999999900, 4.200000000000000200 ) ) ;
#749 = AXIS2_PLACEMENT_3D ( 'NONE', #1265, #630, #2746 ) ;
#750 = DIRECTION ( 'NONE',  ( 0.0000000000000000000, 0.0000000000000000000, -1.000000000000000000 ) ) ;
#751 = ORIENTED_EDGE ( 'NONE', *, *, #1633, .F. ) ;
#752 = VECTOR ( 'NONE', #1983, 1000.000000000000000 ) ;
#753 = ORIENTED_EDGE ( 'NONE', *, *, #798, .T. ) ;
#754 = CYLINDRICAL_SURFACE ( 'NONE', #200, 0.1000000000000002600 ) ;
#755 = VERTEX_POINT ( 'NONE', #1203 ) ;
#756 = CARTESIAN_POINT ( 'NONE',  ( 2.879999999999999900, 1.200000000000000000, -4.650000000000000400 ) ) ;
#757 = VECTOR ( 'NONE', #1796, 1000.000000000000000 ) ;
#758 = VERTEX_POINT ( 'NONE', #2677 ) ;
#759 = FACE_OUTER_BOUND ( 'NONE', #784, .T. ) ;
#760 = EDGE_LOOP ( 'NONE', ( #1099, #2250, #185, #1863 ) ) ;
#761 = FACE_OUTER_BOUND ( 'NONE', #1242, .T. ) ;
#762 = ORIENTED_EDGE ( 'NONE', *, *, #1493, .T. ) ;
#763 = CARTESIAN_POINT ( 'NONE',  ( 3.600000000000000100, 0.0000000000000000000, -0.2000000000000000100 ) ) ;
#764 = VERTEX_POINT ( 'NONE', #1417 ) ;
#765 = DIRECTION ( 'NONE',  ( -0.0000000000000000000, -0.0000000000000000000, -1.000000000000000000 ) ) ;
#766 = EDGE_CURVE ( 'NONE', #22, #2021, #2720, .T. ) ;
#767 = EDGE_LOOP ( 'NONE', ( #1263, #1567, #1687, #2111, #635, #730 ) ) ;
#768 = AXIS2_PLACEMENT_3D ( 'NONE', #1040, #2298, #813 ) ;
#769 = EDGE_CURVE ( 'NONE', #2559, #1964, #2150, .T. ) ;
#770 = LINE ( 'NONE', #249, #637 ) ;
#771 = VERTEX_POINT ( 'NONE', #1831 ) ;
#772 = CARTESIAN_POINT ( 'NONE',  ( -2.850000000000000100, 1.300000000000000300, -0.2000000000000000100 ) ) ;
#773 = VECTOR ( 'NONE', #2112, 1000.000000000000000 ) ;
#774 = CARTESIAN_POINT ( 'NONE',  ( 4.730000000000000400, -0.6445517328096001000, 0.7500000000000000000 ) ) ;
#775 = CARTESIAN_POINT ( 'NONE',  ( -4.000000000000000000, -2.439999999999999900, -0.1999999999999997300 ) ) ;
#776 = CARTESIAN_POINT ( 'NONE',  ( 1.399999999999999900, -2.439999999999999900, -0.1999999999999996500 ) ) ;
#777 = DIRECTION ( 'NONE',  ( 0.0000000000000000000, -0.5000000000000167600, 0.8660254037844289400 ) ) ;
#778 = EDGE_CURVE ( 'NONE', #1449, #1891, #2655, .T. ) ;
#779 = VECTOR ( 'NONE', #1779, 1000.000000000000000 ) ;
#780 = DIRECTION ( 'NONE',  ( -0.0000000000000000000, -1.000000000000000000, -0.0000000000000000000 ) ) ;
#781 = EDGE_CURVE ( 'NONE', #349, #758, #457, .T. ) ;
#782 = VECTOR ( 'NONE', #2776, 1000.000000000000000 ) ;
#783 = DIRECTION ( 'NONE',  ( 1.000000000000000000, -0.0000000000000000000, 0.0000000000000000000 ) ) ;
#784 = EDGE_LOOP ( 'NONE', ( #1565, #2498, #1888, #1901 ) ) ;
#785 = CARTESIAN_POINT ( 'NONE',  ( 4.730000000000000400, 2.730000000000000400, 0.0000000000000000000 ) ) ;
#786 = VECTOR ( 'NONE', #1310, 1000.000000000000000 ) ;
#787 = VERTEX_POINT ( 'NONE', #2455 ) ;
#788 = LINE ( 'NONE', #1464, #2422 ) ;
#789 = AXIS2_PLACEMENT_3D ( 'NONE', #748, #512, #729 ) ;
#790 = ORIENTED_EDGE ( 'NONE', *, *, #1349, .F. ) ;
#791 = FACE_OUTER_BOUND ( 'NONE', #1141, .T. ) ;
#792 = EDGE_LOOP ( 'NONE', ( #1070, #2340, #2155, #2666 ) ) ;
#793 = ORIENTED_EDGE ( 'NONE', *, *, #1818, .T. ) ;
#794 = CARTESIAN_POINT ( 'NONE',  ( -4.730000000000000400, -2.730000000000000400, 0.0000000000000000000 ) ) ;
#795 = ORIENTED_EDGE ( 'NONE', *, *, #2270, .F. ) ;
#796 = DIRECTION ( 'NONE',  ( -0.8660254037844289400, 0.0000000000000000000, 0.5000000000000167600 ) ) ;
#797 = DIRECTION ( 'NONE',  ( -1.000000000000000000, 0.0000000000000000000, 0.0000000000000000000 ) ) ;
#798 = EDGE_CURVE ( 'NONE', #1492, #1008, #1523, .T. ) ;
#799 = EDGE_LOOP ( 'NONE', ( #531, #845, #1288, #1073 ) ) ;
#800 = DIRECTION ( 'NONE',  ( -1.000000000000000000, -0.0000000000000000000, 0.0000000000000000000 ) ) ;
#801 = VECTOR ( 'NONE', #2034, 1000.000000000000000 ) ;
#802 = AXIS2_PLACEMENT_3D ( 'NONE', #1488, #958, #873 ) ;
#803 = CARTESIAN_POINT ( 'NONE',  ( -0.8000000000000000400, 2.439999999999999900, 4.200000000000000200 ) ) ;
#804 = LINE ( 'NONE', #880, #1876 ) ;
#805 = CARTESIAN_POINT ( 'NONE',  ( 1.850000000000000100, -1.300000000000003800, 0.3715767664977059900 ) ) ;
#806 = DIRECTION ( 'NONE',  ( 1.000000000000000000, 0.0000000000000000000, 0.0000000000000000000 ) ) ;
#807 = VERTEX_POINT ( 'NONE', #2029 ) ;
#808 = CARTESIAN_POINT ( 'NONE',  ( 0.0000000000000000000, 2.439999999999999900, 4.200000000000000200 ) ) ;
#809 = CARTESIAN_POINT ( 'NONE',  ( 2.799999999999999800, -2.399999999999999900, 0.7500000000000000000 ) ) ;
#810 = PRESENTATION_STYLE_ASSIGNMENT (( #998 ) ) ;
#811 = EDGE_CURVE ( 'NONE', #891, #820, #2020, .T. ) ;
#812 = CARTESIAN_POINT ( 'NONE',  ( -4.099999999999999600, -2.399999999999999900, -4.639999999999999700 ) ) ;
#813 = DIRECTION ( 'NONE',  ( -1.000000000000000000, 0.0000000000000000000, 0.0000000000000000000 ) ) ;
#814 = LINE ( 'NONE', #1116, #1887 ) ;
#815 = EDGE_LOOP ( 'NONE', ( #966, #177, #2748, #1004 ) ) ;
#816 = LINE ( 'NONE', #1943, #779 ) ;
#817 = VERTEX_POINT ( 'NONE', #1817 ) ;
#818 = AXIS2_PLACEMENT_3D ( 'NONE', #1455, #1677, #403 ) ;
#819 = VECTOR ( 'NONE', #1376, 1000.000000000000000 ) ;
#820 = VERTEX_POINT ( 'NONE', #329 ) ;
#821 = CARTESIAN_POINT ( 'NONE',  ( 1.800000000000000300, 2.640000000000000100, 4.200000000000000200 ) ) ;
#822 = VECTOR ( 'NONE', #1090, 1000.000000000000000 ) ;
#823 = EDGE_LOOP ( 'NONE', ( #2255, #1760, #12, #2095 ) ) ;
#824 = CARTESIAN_POINT ( 'NONE',  ( 4.730000000000000400, -0.6445517328096001000, 0.7500000000000000000 ) ) ;
#825 = EDGE_LOOP ( 'NONE', ( #2196, #83, #2397, #1815, #1654, #502 ) ) ;
#826 = DIRECTION ( 'NONE',  ( -1.000000000000000000, -0.0000000000000000000, 0.0000000000000000000 ) ) ;
#827 = ORIENTED_EDGE ( 'NONE', *, *, #304, .F. ) ;
#828 = ORIENTED_EDGE ( 'NONE', *, *, #2654, .F. ) ;
#829 = DIRECTION ( 'NONE',  ( -1.000000000000000000, 0.0000000000000000000, 0.0000000000000000000 ) ) ;
#830 = CARTESIAN_POINT ( 'NONE',  ( 5.000000000000000000, 0.0000000000000000000, 0.0000000000000000000 ) ) ;
#831 = VERTEX_POINT ( 'NONE', #1602 ) ;
#832 = EDGE_CURVE ( 'NONE', #817, #1231, #964, .T. ) ;
#833 = CARTESIAN_POINT ( 'NONE',  ( 1.800000000000000300, -2.640000000000000100, 4.200000000000000200 ) ) ;
#834 = CARTESIAN_POINT ( 'NONE',  ( -2.799999999999999400, 1.300000000000006300, 0.3715767664977103200 ) ) ;
#835 = LINE ( 'NONE', #181, #1335 ) ;
#836 = FACE_OUTER_BOUND ( 'NONE', #1802, .T. ) ;
#837 = DIRECTION ( 'NONE',  ( 1.000000000000000000, 0.0000000000000000000, -0.0000000000000000000 ) ) ;
#838 = CARTESIAN_POINT ( 'NONE',  ( 2.080000000000000100, 3.000000000000000400, -4.650000000000000400 ) ) ;
#839 = DIRECTION ( 'NONE',  ( -1.000000000000000000, 0.0000000000000000000, -0.0000000000000000000 ) ) ;
#840 = CARTESIAN_POINT ( 'NONE',  ( -4.000000000000000000, 2.640000000000000100, 4.200000000000000200 ) ) ;
#841 = DIRECTION ( 'NONE',  ( -1.000000000000000000, -0.0000000000000000000, 0.0000000000000000000 ) ) ;
#842 = EDGE_LOOP ( 'NONE', ( #2486, #699, #684, #626, #1763, #1368 ) ) ;
#843 = ADVANCED_FACE ( 'NONE', ( #890 ), #1385, .T. ) ;
#844 = EDGE_CURVE ( 'NONE', #617, #53, #2514, .T. ) ;
#845 = ORIENTED_EDGE ( 'NONE', *, *, #1533, .T. ) ;
#846 = DIRECTION ( 'NONE',  ( -0.6546536707081072000, -0.6546536707078719500, -0.3779644730091840700 ) ) ;
#847 = VECTOR ( 'NONE', #879, 1000.000000000000000 ) ;
#848 = ORIENTED_EDGE ( 'NONE', *, *, #1806, .F. ) ;
#849 = VECTOR ( 'NONE', #2377, 1000.000000000000000 ) ;
#850 = ORIENTED_EDGE ( 'NONE', *, *, #2302, .F. ) ;
#851 = EDGE_CURVE ( 'NONE', #1394, #1598, #2585, .T. ) ;
#852 = CARTESIAN_POINT ( 'NONE',  ( -4.200000000000000200, -2.399999999999999900, -4.650000000000000400 ) ) ;
#853 = LINE ( 'NONE', #178, #1923 ) ;
#854 = ORIENTED_EDGE ( 'NONE', *, *, #2777, .T. ) ;
#855 = CARTESIAN_POINT ( 'NONE',  ( 4.000000000000000000, -2.439999999999999900, 4.200000000000000200 ) ) ;
#856 = LINE ( 'NONE', #1245, #426 ) ;
#857 = ORIENTED_EDGE ( 'NONE', *, *, #781, .T. ) ;
#858 = AXIS2_PLACEMENT_3D ( 'NONE', #1171, #950, #2219 ) ;
#859 = VERTEX_POINT ( 'NONE', #2440 ) ;
#860 = DIRECTION ( 'NONE',  ( -0.0000000000000000000, 1.000000000000000000, 0.0000000000000000000 ) ) ;
#861 = EDGE_LOOP ( 'NONE', ( #2551, #2082, #391, #72 ) ) ;
#862 = DIRECTION ( 'NONE',  ( 0.0000000000000000000, 1.000000000000000000, 0.0000000000000000000 ) ) ;
#863 = ADVANCED_FACE ( 'NONE', ( #2448 ), #1180, .T. ) ;
#864 = PLANE ( 'NONE',  #338 ) ;
#865 = DIRECTION ( 'NONE',  ( -1.000000000000000000, -0.0000000000000000000, -0.0000000000000000000 ) ) ;
#866 = FACE_OUTER_BOUND ( 'NONE', #2079, .T. ) ;
#867 = CARTESIAN_POINT ( 'NONE',  ( -0.8000000000000001600, 2.439999999999999900, -0.1999999999999997300 ) ) ;
#868 = ORIENTED_EDGE ( 'NONE', *, *, #406, .T. ) ;
#869 = EDGE_CURVE ( 'NONE', #1487, #1231, #1892, .T. ) ;
#870 = CARTESIAN_POINT ( 'NONE',  ( -4.000000000000000000, -2.640000000000000100, 4.200000000000000200 ) ) ;
#871 = PLANE ( 'NONE',  #789 ) ;
#872 = FACE_OUTER_BOUND ( 'NONE', #659, .T. ) ;
#873 = DIRECTION ( 'NONE',  ( 0.0000000000000000000, 0.0000000000000000000, 1.000000000000000000 ) ) ;
#874 = VECTOR ( 'NONE', #1407, 1000.000000000000000 ) ;
#875 = EDGE_CURVE ( 'NONE', #1775, #2559, #1954, .T. ) ;
#876 = CARTESIAN_POINT ( 'NONE',  ( 1.399999999999999900, 2.640000000000000100, 4.200000000000000200 ) ) ;
#877 = ADVANCED_FACE ( 'NONE', ( #1823 ), #2646, .F. ) ;
#878 = AXIS2_PLACEMENT_3D ( 'NONE', #1069, #1241, #1642 ) ;
#879 = DIRECTION ( 'NONE',  ( -0.0000000000000000000, 0.0000000000000000000, 1.000000000000000000 ) ) ;
#880 = CARTESIAN_POINT ( 'NONE',  ( 2.850000000000000100, -1.300000000000000300, -0.2000000000000000100 ) ) ;
#881 = LINE ( 'NONE', #803, #314 ) ;
#882 = CARTESIAN_POINT ( 'NONE',  ( 1.399999999999999900, -2.640000000000000100, 4.200000000000000200 ) ) ;
#883 = VECTOR ( 'NONE', #714, 1000.000000000000000 ) ;
#884 = DIRECTION ( 'NONE',  ( -1.000000000000000000, -0.0000000000000000000, -0.0000000000000000000 ) ) ;
#885 = EDGE_LOOP ( 'NONE', ( #742, #1122, #1199, #685 ) ) ;
#886 = VECTOR ( 'NONE', #944, 1000.000000000000000 ) ;
#887 = EDGE_CURVE ( 'NONE', #44, #22, #1256, .T. ) ;
#888 = DIRECTION ( 'NONE',  ( -0.0000000000000000000, -0.0000000000000000000, 1.000000000000000000 ) ) ;
#889 = ADVANCED_FACE ( 'NONE', ( #107 ), #517, .T. ) ;
#890 = FACE_OUTER_BOUND ( 'NONE', #268, .T. ) ;
#892 = EDGE_CURVE ( 'NONE', #2764, #1653, #2388, .T. ) ;
#891 = VERTEX_POINT ( 'NONE', #736 ) ;
#893 = VECTOR ( 'NONE', #2211, 1000.000000000000000 ) ;
#894 = DIRECTION ( 'NONE',  ( 0.0000000000000000000, 0.0000000000000000000, -1.000000000000000000 ) ) ;
#895 = CARTESIAN_POINT ( 'NONE',  ( 1.850000000000000100, -1.300000000000000300, -0.2000000000000000100 ) ) ;
#896 = ORIENTED_EDGE ( 'NONE', *, *, #1745, .T. ) ;
#897 = ORIENTED_EDGE ( 'NONE', *, *, #55, .F. ) ;
#898 = ORIENTED_EDGE ( 'NONE', *, *, #1806, .T. ) ;
#899 = AXIS2_PLACEMENT_3D ( 'NONE', #1435, #1035, #170 ) ;
#900 = CARTESIAN_POINT ( 'NONE',  ( 4.168320137979026900, 1.988320137979027600, -0.02582505045323583000 ) ) ;
#901 = ORIENTED_EDGE ( 'NONE', *, *, #2489, .T. ) ;
#902 = DIRECTION ( 'NONE',  ( -1.000000000000000000, 0.0000000000000000000, -0.0000000000000000000 ) ) ;
#903 = ORIENTED_EDGE ( 'NONE', *, *, #1873, .F. ) ;
#904 = ADVANCED_FACE ( 'NONE', ( #1195 ), #722, .F. ) ;
#905 = CARTESIAN_POINT ( 'NONE',  ( 3.600000000000000500, -2.640000000000000100, 4.200000000000000200 ) ) ;
#906 = EDGE_CURVE ( 'NONE', #1079, #1176, #619, .T. ) ;
#907 = LINE ( 'NONE', #1480, #1906 ) ;
#908 = DIRECTION ( 'NONE',  ( -1.000000000000000000, 0.0000000000000000000, -0.0000000000000000000 ) ) ;
#909 = DIRECTION ( 'NONE',  ( 0.0000000000000000000, 1.000000000000000000, -0.0000000000000000000 ) ) ;
#910 = CARTESIAN_POINT ( 'NONE',  ( 5.000000000000000000, 0.0000000000000000000, -4.400000000000000400 ) ) ;
#911 = CYLINDRICAL_SURFACE ( 'NONE', #451, 0.7999999999999999300 ) ;
#912 = EDGE_CURVE ( 'NONE', #1418, #2331, #2310, .T. ) ;
#913 = AXIS2_PLACEMENT_3D ( 'NONE', #215, #2339, #1706 ) ;
#914 = CARTESIAN_POINT ( 'NONE',  ( 0.0000000000000000000, 2.439999999999999900, 4.200000000000000200 ) ) ;
#915 = CARTESIAN_POINT ( 'NONE',  ( -5.000000000000000000, -2.730000000000000900, 0.0000000000000000000 ) ) ;
#916 = CARTESIAN_POINT ( 'NONE',  ( -3.600000000000000500, -2.640000000000000100, 4.200000000000000200 ) ) ;
#917 = AXIS2_PLACEMENT_3D ( 'NONE', #734, #1268, #1514 ) ;
#918 = CARTESIAN_POINT ( 'NONE',  ( -0.4000000000000000200, 0.0000000000000000000, 4.200000000000000200 ) ) ;
#919 = DIRECTION ( 'NONE',  ( -0.0000000000000000000, 1.000000000000000000, 0.0000000000000000000 ) ) ;
#920 = LINE ( 'NONE', #101, #1404 ) ;
#921 = ADVANCED_FACE ( 'NONE', ( #1127 ), #1149, .F. ) ;
#922 = DIRECTION ( 'NONE',  ( 0.0000000000000000000, -1.000000000000000000, 0.0000000000000000000 ) ) ;
#923 = VECTOR ( 'NONE', #666, 1000.000000000000000 ) ;
#924 = ORIENTED_EDGE ( 'NONE', *, *, #2062, .F. ) ;
#925 = VECTOR ( 'NONE', #2166, 1000.000000000000000 ) ;
#926 = ORIENTED_EDGE ( 'NONE', *, *, #851, .F. ) ;
#927 = CARTESIAN_POINT ( 'NONE',  ( -0.8000000000000000400, -2.439999999999999900, 4.200000000000000200 ) ) ;
#928 = VECTOR ( 'NONE', #1247, 1000.000000000000000 ) ;
#929 = VERTEX_POINT ( 'NONE', #280 ) ;
#930 = CARTESIAN_POINT ( 'NONE',  ( -5.000000000000000000, 0.0000000000000000000, 0.0000000000000000000 ) ) ;
#931 = LINE ( 'NONE', #610, #2553 ) ;
#932 = ORIENTED_EDGE ( 'NONE', *, *, #1419, .T. ) ;
#933 = EDGE_CURVE ( 'NONE', #1302, #1996, #1686, .T. ) ;
#934 = CARTESIAN_POINT ( 'NONE',  ( 1.800000000000000300, -2.640000000000000100, -0.1999999999999996500 ) ) ;
#935 = VERTEX_POINT ( 'NONE', #496 ) ;
#936 = EDGE_LOOP ( 'NONE', ( #2133, #2385, #2399, #963 ) ) ;
#937 = PLANE ( 'NONE',  #2376 ) ;
#938 = EDGE_CURVE ( 'NONE', #2179, #2545, #41, .T. ) ;
#939 = ORIENTED_EDGE ( 'NONE', *, *, #1, .F. ) ;
#940 = DIRECTION ( 'NONE',  ( -1.000000000000000000, -0.0000000000000000000, -0.0000000000000000000 ) ) ;
#941 = ADVANCED_FACE ( 'NONE', ( #2182 ), #2187, .T. ) ;
#942 =( NAMED_UNIT ( * ) SI_UNIT ( $, .STERADIAN. ) SOLID_ANGLE_UNIT ( ) );
#943 = DIRECTION ( 'NONE',  ( 0.0000000000000000000, 0.0000000000000000000, -1.000000000000000000 ) ) ;
#944 = DIRECTION ( 'NONE',  ( 0.0000000000000000000, -1.000000000000000000, -0.0000000000000000000 ) ) ;
#945 = VECTOR ( 'NONE', #2184, 1000.000000000000000 ) ;
#946 = VECTOR ( 'NONE', #750, 1000.000000000000000 ) ;
#947 = CARTESIAN_POINT ( 'NONE',  ( 4.000000000000000000, 2.640000000000000100, 4.200000000000000200 ) ) ;
#948 = DIRECTION ( 'NONE',  ( 1.000000000000000000, 0.0000000000000000000, 0.0000000000000000000 ) ) ;
#949 = VECTOR ( 'NONE', #862, 1000.000000000000000 ) ;
#950 = DIRECTION ( 'NONE',  ( -1.000000000000000000, 0.0000000000000000000, 0.0000000000000000000 ) ) ;
#951 = ADVANCED_FACE ( 'NONE', ( #1059 ), #2614, .F. ) ;
#952 = EDGE_CURVE ( 'NONE', #2362, #1855, #2683, .T. ) ;
#953 = CARTESIAN_POINT ( 'NONE',  ( -2.799999999999999800, -1.988320137979000300, -0.02582505045333000100 ) ) ;
#954 = VERTEX_POINT ( 'NONE', #2607 ) ;
#955 = AXIS2_PLACEMENT_3D ( 'NONE', #469, #888, #1352 ) ;
#956 = CARTESIAN_POINT ( 'NONE',  ( -0.4000000000000000200, -2.439999999999999900, 4.200000000000000200 ) ) ;
#957 = LINE ( 'NONE', #1248, #521 ) ;
#958 = DIRECTION ( 'NONE',  ( 0.0000000000000000000, 1.000000000000000000, -0.0000000000000000000 ) ) ;
#959 = FACE_OUTER_BOUND ( 'NONE', #399, .T. ) ;
#960 = ORIENTED_EDGE ( 'NONE', *, *, #1905, .F. ) ;
#961 = LINE ( 'NONE', #1340, #2017 ) ;
#962 = CARTESIAN_POINT ( 'NONE',  ( 3.429999999999999700, 2.000000000000000000, -4.400000000000000400 ) ) ;
#963 = ORIENTED_EDGE ( 'NONE', *, *, #497, .F. ) ;
#964 = LINE ( 'NONE', #1384, #322 ) ;
#965 = ORIENTED_EDGE ( 'NONE', *, *, #1783, .F. ) ;
#966 = ORIENTED_EDGE ( 'NONE', *, *, #1187, .F. ) ;
#967 = ORIENTED_EDGE ( 'NONE', *, *, #1856, .F. ) ;
#968 = VERTEX_POINT ( 'NONE', #2174 ) ;
#969 = DIRECTION ( 'NONE',  ( 1.000000000000000000, 0.0000000000000000000, 0.0000000000000000000 ) ) ;
#970 = EDGE_CURVE ( 'NONE', #1929, #11, #487, .T. ) ;
#971 = EDGE_LOOP ( 'NONE', ( #459, #623, #40, #2521 ) ) ;
#972 = ORIENTED_EDGE ( 'NONE', *, *, #1218, .F. ) ;
#973 = AXIS2_PLACEMENT_3D ( 'NONE', #2433, #1621, #979 ) ;
#974 = CARTESIAN_POINT ( 'NONE',  ( -5.000000000000000000, 2.290000000000000000, -0.2000000000000000100 ) ) ;
#975 = ORIENTED_EDGE ( 'NONE', *, *, #1511, .F. ) ;
#976 = LINE ( 'NONE', #401, #2603 ) ;
#977 = VECTOR ( 'NONE', #1015, 1000.000000000000000 ) ;
#978 = CARTESIAN_POINT ( 'NONE',  ( -5.000000000000000000, 2.290000000000000000, -0.2000000000000000100 ) ) ;
#979 = DIRECTION ( 'NONE',  ( -1.000000000000000000, 0.0000000000000000000, -0.0000000000000000000 ) ) ;
#980 = EDGE_CURVE ( 'NONE', #1063, #2021, #2113, .T. ) ;
#981 = CARTESIAN_POINT ( 'NONE',  ( 2.799999999999999800, -1.300000000000000300, 0.3715767664977000000 ) ) ;
#982 = LINE ( 'NONE', #2602, #2038 ) ;
#983 = CARTESIAN_POINT ( 'NONE',  ( 2.850000000000000100, 1.300000000000000300, -0.2000000000000000100 ) ) ;
#984 = AXIS2_PLACEMENT_3D ( 'NONE', #2758, #1022, #2287 ) ;
#985 = DIRECTION ( 'NONE',  ( -0.0000000000000000000, -1.000000000000000000, 0.0000000000000000000 ) ) ;
#986 = ORIENTED_EDGE ( 'NONE', *, *, #236, .T. ) ;
#987 = LINE ( 'NONE', #776, #2613 ) ;
#988 = ORIENTED_EDGE ( 'NONE', *, *, #351, .T. ) ;
#989 = VECTOR ( 'NONE', #475, 1000.000000000000000 ) ;
#990 = VERTEX_POINT ( 'NONE', #33 ) ;
#991 = LINE ( 'NONE', #1433, #2621 ) ;
#992 = ORIENTED_EDGE ( 'NONE', *, *, #1280, .F. ) ;
#993 = LINE ( 'NONE', #2528, #1484 ) ;
#994 = CARTESIAN_POINT ( 'NONE',  ( -2.799999999999999800, 1.300000000000000300, 0.7641749495466999600 ) ) ;
#995 = VERTEX_POINT ( 'NONE', #1328 ) ;
#996 = CARTESIAN_POINT ( 'NONE',  ( -4.000000000000000000, 2.439999999999999900, -0.1999999999999997300 ) ) ;
#997 = EDGE_LOOP ( 'NONE', ( #1144, #2282, #2393, #126 ) ) ;
#998 = SURFACE_STYLE_USAGE ( .BOTH. , #2698 ) ;
#999 = ORIENTED_EDGE ( 'NONE', *, *, #2526, .F. ) ;
#1000 = EDGE_CURVE ( 'NONE', #1302, #2459, #2046, .T. ) ;
#1001 = ORIENTED_EDGE ( 'NONE', *, *, #2487, .F. ) ;
#1002 = DIRECTION ( 'NONE',  ( 1.000000000000000000, 0.0000000000000000000, -0.0000000000000000000 ) ) ;
#1003 = EDGE_CURVE ( 'NONE', #891, #1618, #419, .T. ) ;
#1004 = ORIENTED_EDGE ( 'NONE', *, *, #970, .F. ) ;
#1005 = DIRECTION ( 'NONE',  ( -1.000000000000000000, 0.0000000000000000000, 0.0000000000000000000 ) ) ;
#1006 = DIRECTION ( 'NONE',  ( 0.0000000000000000000, -1.000000000000000000, 0.0000000000000000000 ) ) ;
#1007 = VECTOR ( 'NONE', #1326, 1000.000000000000000 ) ;
#1008 = VERTEX_POINT ( 'NONE', #680 ) ;
#1009 = LINE ( 'NONE', #278, #946 ) ;
#1010 = PLANE ( 'NONE',  #2333 ) ;
#1011 = LINE ( 'NONE', #1164, #2068 ) ;
#1012 = PLANE ( 'NONE',  #2495 ) ;
#1013 = CARTESIAN_POINT ( 'NONE',  ( 4.469999999999999800, -2.399999999999999900, -0.2000000000000000100 ) ) ;
#1014 = DIRECTION ( 'NONE',  ( 1.000000000000000000, 0.0000000000000000000, -0.0000000000000000000 ) ) ;
#1015 = DIRECTION ( 'NONE',  ( -1.000000000000000000, -0.0000000000000000000, 0.0000000000000000000 ) ) ;
#1016 = EDGE_CURVE ( 'NONE', #1974, #2529, #2546, .T. ) ;
#1017 = DIRECTION ( 'NONE',  ( 1.000000000000000000, 0.0000000000000000000, 0.0000000000000000000 ) ) ;
#1018 = CARTESIAN_POINT ( 'NONE',  ( 1.399999999999999900, -2.640000000000000100, 4.200000000000000200 ) ) ;
#1019 = EDGE_CURVE ( 'NONE', #2153, #661, #354, .T. ) ;
#1020 = FACE_OUTER_BOUND ( 'NONE', #458, .T. ) ;
#1021 = CARTESIAN_POINT ( 'NONE',  ( 5.000000000000000000, 0.0000000000000000000, 0.0000000000000000000 ) ) ;
#1022 = DIRECTION ( 'NONE',  ( 1.000000000000000000, 0.0000000000000000000, 0.0000000000000000000 ) ) ;
#1023 = VECTOR ( 'NONE', #1512, 1000.000000000000000 ) ;
#1024 = ORIENTED_EDGE ( 'NONE', *, *, #1672, .T. ) ;
#1025 = VECTOR ( 'NONE', #1151, 1000.000000000000000 ) ;
#1026 = DIRECTION ( 'NONE',  ( 1.000000000000000000, 0.0000000000000000000, 0.0000000000000000000 ) ) ;
#1027 = VECTOR ( 'NONE', #93, 1000.000000000000000 ) ;
#1028 = ORIENTED_EDGE ( 'NONE', *, *, #501, .T. ) ;
#1029 = CARTESIAN_POINT ( 'NONE',  ( -4.000000000000000000, 2.439999999999999900, 4.200000000000000200 ) ) ;
#1030 = ORIENTED_EDGE ( 'NONE', *, *, #1804, .F. ) ;
#1031 = VERTEX_POINT ( 'NONE', #468 ) ;
#1032 = ORIENTED_EDGE ( 'NONE', *, *, #2040, .T. ) ;
#1033 = CARTESIAN_POINT ( 'NONE',  ( -1.850000000000000100, 0.0000000000000000000, -0.2000000000000000100 ) ) ;
#1034 = DIRECTION ( 'NONE',  ( -1.000000000000000000, 0.0000000000000000000, 0.0000000000000000000 ) ) ;
#1035 = DIRECTION ( 'NONE',  ( 0.0000000000000000000, 0.0000000000000000000, -1.000000000000000000 ) ) ;
#1036 = EDGE_CURVE ( 'NONE', #1168, #2192, #290, .T. ) ;
#1037 = ORIENTED_EDGE ( 'NONE', *, *, #1657, .F. ) ;
#1038 = DIRECTION ( 'NONE',  ( -0.0000000000000000000, 1.000000000000000000, 0.0000000000000000000 ) ) ;
#1039 = EDGE_CURVE ( 'NONE', #1415, #1795, #1410, .T. ) ;
#1040 = CARTESIAN_POINT ( 'NONE',  ( 2.879999999999999900, 2.000000000000000000, -4.400000000000000400 ) ) ;
#1041 = ORIENTED_EDGE ( 'NONE', *, *, #1076, .T. ) ;
#1042 = DIRECTION ( 'NONE',  ( 1.000000000000000000, 0.0000000000000000000, -0.0000000000000000000 ) ) ;
#1043 = CARTESIAN_POINT ( 'NONE',  ( -4.400000000000000400, 2.399999999999999900, -4.639999999999999700 ) ) ;
#1044 = LINE ( 'NONE', #2673, #2165 ) ;
#1045 = AXIS2_PLACEMENT_3D ( 'NONE', #1046, #1457, #1886 ) ;
#1046 = CARTESIAN_POINT ( 'NONE',  ( 4.730000000000000400, 2.290000000000000000, -0.2000000000000000100 ) ) ;
#1047 = FACE_OUTER_BOUND ( 'NONE', #1832, .T. ) ;
#1048 = PLANE ( 'NONE',  #878 ) ;
#1049 = DIRECTION ( 'NONE',  ( -1.000000000000000000, -0.0000000000000000000, 0.0000000000000000000 ) ) ;
#1050 = CARTESIAN_POINT ( 'NONE',  ( 2.799999999999999800, 1.300000000000000300, -0.02582505045333000100 ) ) ;
#1051 = DIRECTION ( 'NONE',  ( 0.0000000000000000000, -1.000000000000000000, -0.0000000000000000000 ) ) ;
#1052 = LINE ( 'NONE', #2195, #2743 ) ;
#1053 = DIRECTION ( 'NONE',  ( 0.0000000000000000000, 0.0000000000000000000, -1.000000000000000000 ) ) ;
#1054 = EDGE_CURVE ( 'NONE', #10, #2257, #1919, .T. ) ;
#1055 = DIRECTION ( 'NONE',  ( 0.0000000000000000000, -1.000000000000000000, 0.0000000000000000000 ) ) ;
#1056 = DIRECTION ( 'NONE',  ( -0.0000000000000000000, 0.0000000000000000000, 1.000000000000000000 ) ) ;
#1057 = FACE_OUTER_BOUND ( 'NONE', #1985, .T. ) ;
#1058 = ORIENTED_EDGE ( 'NONE', *, *, #1908, .T. ) ;
#1059 = FACE_OUTER_BOUND ( 'NONE', #1478, .T. ) ;
#1060 = PLANE ( 'NONE',  #1390 ) ;
#1061 = EDGE_LOOP ( 'NONE', ( #2493, #560, #485, #1041 ) ) ;
#1062 = VECTOR ( 'NONE', #2286, 1000.000000000000000 ) ;
#1063 = VERTEX_POINT ( 'NONE', #245 ) ;
#1064 = CARTESIAN_POINT ( 'NONE',  ( -4.730000000000000400, -2.730000000000000400, -0.2000000000000000100 ) ) ;
#1065 = LINE ( 'NONE', #2306, #2624 ) ;
#1066 = VERTEX_POINT ( 'NONE', #18 ) ;
#1067 = AXIS2_PLACEMENT_3D ( 'NONE', #2587, #27, #1529 ) ;
#1068 = EDGE_LOOP ( 'NONE', ( #616, #1294, #2513, #1695, #2252 ) ) ;
#1069 = CARTESIAN_POINT ( 'NONE',  ( 0.0000000000000000000, 0.0000000000000000000, 4.200000000000000200 ) ) ;
#1070 = ORIENTED_EDGE ( 'NONE', *, *, #36, .F. ) ;
#1071 = ADVANCED_FACE ( 'NONE', ( #224, #2618, #1854, #1353, #2420, #1286, #725, #145, #2349, #1791 ), #1517, .T. ) ;
#1072 = CARTESIAN_POINT ( 'NONE',  ( -4.469999999999999800, 0.0000000000000000000, -0.2000000000000000100 ) ) ;
#1073 = ORIENTED_EDGE ( 'NONE', *, *, #580, .T. ) ;
#1074 = CARTESIAN_POINT ( 'NONE',  ( -1.850000000000000100, -2.600000000000000500, -0.2000000000000000100 ) ) ;
#1075 = VERTEX_POINT ( 'NONE', #2576 ) ;
#1076 = EDGE_CURVE ( 'NONE', #1176, #807, #652, .T. ) ;
#1077 = DIRECTION ( 'NONE',  ( -0.0000000000000000000, -0.0000000000000000000, 1.000000000000000000 ) ) ;
#1078 = LINE ( 'NONE', #905, #505 ) ;
#1079 = VERTEX_POINT ( 'NONE', #665 ) ;
#1080 = EDGE_CURVE ( 'NONE', #617, #2752, #2276, .T. ) ;
#1081 = LINE ( 'NONE', #772, #510 ) ;
#1082 = CARTESIAN_POINT ( 'NONE',  ( -5.000000000000000000, -2.500000000000000000, -4.650000000000000400 ) ) ;
#1083 = ADVANCED_FACE ( 'NONE', ( #78 ), #2571, .T. ) ;
#1084 = AXIS2_PLACEMENT_3D ( 'NONE', #698, #479, #471 ) ;
#1085 = VECTOR ( 'NONE', #1713, 1000.000000000000000 ) ;
#1086 = ORIENTED_EDGE ( 'NONE', *, *, #1123, .F. ) ;
#1087 = DIRECTION ( 'NONE',  ( 0.0000000000000000000, 0.0000000000000000000, 1.000000000000000000 ) ) ;
#1088 = DIRECTION ( 'NONE',  ( -0.0000000000000000000, 0.8660254037844289400, 0.5000000000000167600 ) ) ;
#1089 = FACE_OUTER_BOUND ( 'NONE', #2114, .T. ) ;
#1090 = DIRECTION ( 'NONE',  ( -0.0000000000000000000, -0.0000000000000000000, -1.000000000000000000 ) ) ;
#1091 = CARTESIAN_POINT ( 'NONE',  ( -5.000000000000000000, -3.000000000000000000, -4.650000000000000400 ) ) ;
#1092 = FACE_OUTER_BOUND ( 'NONE', #1716, .T. ) ;
#1093 = ORIENTED_EDGE ( 'NONE', *, *, #2709, .T. ) ;
#1094 = EDGE_CURVE ( 'NONE', #262, #1492, #1167, .T. ) ;
#1095 = LINE ( 'NONE', #694, #1584 ) ;
#1096 = ADVANCED_FACE ( 'NONE', ( #1092 ), #1934, .T. ) ;
#1097 = VECTOR ( 'NONE', #119, 1000.000000000000000 ) ;
#1098 = EDGE_LOOP ( 'NONE', ( #1885, #2421, #1694, #975 ) ) ;
#1099 = ORIENTED_EDGE ( 'NONE', *, *, #2372, .T. ) ;
#1100 = AXIS2_PLACEMENT_3D ( 'NONE', #219, #1143, #1628 ) ;
#1101 = ORIENTED_EDGE ( 'NONE', *, *, #423, .T. ) ;
#1102 = DIRECTION ( 'NONE',  ( 0.0000000000000000000, 0.0000000000000000000, 1.000000000000000000 ) ) ;
#1103 = CARTESIAN_POINT ( 'NONE',  ( -0.8000000000000000400, -2.640000000000000100, 4.200000000000000200 ) ) ;
#1104 = ORIENTED_EDGE ( 'NONE', *, *, #1569, .T. ) ;
#1105 = ORIENTED_EDGE ( 'NONE', *, *, #2579, .T. ) ;
#1106 = DIRECTION ( 'NONE',  ( 0.0000000000000000000, 0.0000000000000000000, 1.000000000000000000 ) ) ;
#1107 = ORIENTED_EDGE ( 'NONE', *, *, #1076, .F. ) ;
#1108 = DIRECTION ( 'NONE',  ( 0.0000000000000000000, 0.0000000000000000000, 1.000000000000000000 ) ) ;
#1109 = EDGE_LOOP ( 'NONE', ( #1739, #1587, #1758, #1255 ) ) ;
#1110 = EDGE_CURVE ( 'NONE', #30, #47, #1226, .T. ) ;
#1111 = CARTESIAN_POINT ( 'NONE',  ( 1.800000000000000300, 2.640000000000000100, 4.200000000000000200 ) ) ;
#1112 = VECTOR ( 'NONE', #2180, 1000.000000000000000 ) ;
#1113 = LINE ( 'NONE', #1849, #2169 ) ;
#1114 = AXIS2_PLACEMENT_3D ( 'NONE', #2103, #1264, #2744 ) ;
#1115 = CARTESIAN_POINT ( 'NONE',  ( -4.000000000000000000, 2.439999999999999900, 4.200000000000000200 ) ) ;
#1116 = CARTESIAN_POINT ( 'NONE',  ( 4.000000000000000000, 2.439999999999999900, -0.1999999999999996500 ) ) ;
#1117 = LINE ( 'NONE', #21, #543 ) ;
#1118 = CARTESIAN_POINT ( 'NONE',  ( -1.850000000000000100, -1.300000000000000300, 0.3715767664977000500 ) ) ;
#1119 = ORIENTED_EDGE ( 'NONE', *, *, #1054, .T. ) ;
#1120 = LINE ( 'NONE', #2592, #615 ) ;
#1121 = CARTESIAN_POINT ( 'NONE',  ( -3.600000000000000500, -2.439999999999999900, -0.1999999999999996500 ) ) ;
#1122 = ORIENTED_EDGE ( 'NONE', *, *, #1533, .F. ) ;
#1123 = EDGE_CURVE ( 'NONE', #2021, #2454, #523, .T. ) ;
#1124 = ORIENTED_EDGE ( 'NONE', *, *, #1311, .T. ) ;
#1125 = CARTESIAN_POINT ( 'NONE',  ( 3.600000000000000500, 2.640000000000000100, 4.200000000000000200 ) ) ;
#1126 = DIRECTION ( 'NONE',  ( 0.0000000000000000000, -0.0000000000000000000, -1.000000000000000000 ) ) ;
#1127 = FACE_OUTER_BOUND ( 'NONE', #936, .T. ) ;
#1128 = EDGE_LOOP ( 'NONE', ( #939, #470, #1030, #2356 ) ) ;
#1129 = LINE ( 'NONE', #1877, #1481 ) ;
#1130 = DIRECTION ( 'NONE',  ( -1.000000000000000000, 0.0000000000000000000, 0.0000000000000000000 ) ) ;
#1131 = VERTEX_POINT ( 'NONE', #2129 ) ;
#1132 = VECTOR ( 'NONE', #1910, 1000.000000000000000 ) ;
#1133 = ORIENTED_EDGE ( 'NONE', *, *, #693, .T. ) ;
#1134 = EDGE_LOOP ( 'NONE', ( #2052, #1175, #1837, #188 ) ) ;
#1135 = ADVANCED_FACE ( 'NONE', ( #1582 ), #2651, .F. ) ;
#1136 = EDGE_LOOP ( 'NONE', ( #868, #1752, #1622, #2583 ) ) ;
#1137 = CARTESIAN_POINT ( 'NONE',  ( -4.200000000000000200, -2.500000000000000000, -4.639999999999999700 ) ) ;
#1138 = AXIS2_PLACEMENT_3D ( 'NONE', #2770, #37, #446 ) ;
#1139 = ORIENTED_EDGE ( 'NONE', *, *, #316, .F. ) ;
#1140 = CARTESIAN_POINT ( 'NONE',  ( -4.000000000000000000, -2.640000000000000100, 4.200000000000000200 ) ) ;
#1141 = EDGE_LOOP ( 'NONE', ( #1369, #1370, #897, #1684 ) ) ;
#1142 = CARTESIAN_POINT ( 'NONE',  ( 2.799999999999999800, -0.6445517328096001000, 0.7500000000000000000 ) ) ;
#1143 = DIRECTION ( 'NONE',  ( -1.000000000000000000, 0.0000000000000000000, 0.0000000000000000000 ) ) ;
#1144 = ORIENTED_EDGE ( 'NONE', *, *, #2028, .T. ) ;
#1145 = CARTESIAN_POINT ( 'NONE',  ( 4.730000000000000400, -1.300000000000014300, 0.3715767664977238100 ) ) ;
#1146 = PLANE ( 'NONE',  #1623 ) ;
#1147 = VECTOR ( 'NONE', #679, 1000.000000000000000 ) ;
#1148 = VERTEX_POINT ( 'NONE', #2765 ) ;
#1149 = PLANE ( 'NONE',  #1717 ) ;
#1150 = ORIENTED_EDGE ( 'NONE', *, *, #283, .F. ) ;
#1151 = DIRECTION ( 'NONE',  ( -0.0000000000000000000, 1.000000000000000000, 0.0000000000000000000 ) ) ;
#1152 = DIRECTION ( 'NONE',  ( 1.000000000000000000, -0.0000000000000000000, 0.0000000000000000000 ) ) ;
#1153 = LINE ( 'NONE', #308, #2705 ) ;
#1154 = ADVANCED_FACE ( 'NONE', ( #2220 ), #1709, .T. ) ;
#1155 = EDGE_LOOP ( 'NONE', ( #1614, #2702, #549, #2589 ) ) ;
#1156 = EDGE_CURVE ( 'NONE', #1031, #1379, #2078, .T. ) ;
#1157 = DIRECTION ( 'NONE',  ( 0.0000000000000000000, -0.8660254037844289400, 0.5000000000000167600 ) ) ;
#1158 = DIRECTION ( 'NONE',  ( 0.0000000000000000000, 0.0000000000000000000, 1.000000000000000000 ) ) ;
#1159 = LINE ( 'NONE', #1721, #572 ) ;
#1160 = AXIS2_PLACEMENT_3D ( 'NONE', #2435, #1577, #76 ) ;
#1161 = UNCERTAINTY_MEASURE_WITH_UNIT (LENGTH_MEASURE( 1.000000000000000100E-005 ), #1619, 'distance_accuracy_value', 'NONE');
#1162 = APPLICATION_PROTOCOL_DEFINITION ( 'draft international standard', 'automotive_design', 1998, #1362 ) ;
#1163 = CARTESIAN_POINT ( 'NONE',  ( -4.500000000000000900, 2.400000000000000400, -4.650000000000000400 ) ) ;
#1164 = CARTESIAN_POINT ( 'NONE',  ( 2.799999999999999800, 1.300000000000000300, -0.02582505045333000100 ) ) ;
#1165 = CIRCLE ( 'NONE', #899, 0.1000000000000002600 ) ;
#1166 = ADVANCED_FACE ( 'NONE', ( #959 ), #2143, .T. ) ;
#1167 = LINE ( 'NONE', #2139, #3 ) ;
#1168 = VERTEX_POINT ( 'NONE', #1937 ) ;
#1169 = APPLICATION_CONTEXT ( 'automotive_design' ) ;
#1170 = LINE ( 'NONE', #1921, #1724 ) ;
#1171 = CARTESIAN_POINT ( 'NONE',  ( 2.080000000000000100, 2.000000000000000000, -4.650000000000000400 ) ) ;
#1172 = FACE_OUTER_BOUND ( 'NONE', #2456, .T. ) ;
#1173 = ORIENTED_EDGE ( 'NONE', *, *, #892, .F. ) ;
#1174 = EDGE_CURVE ( 'NONE', #1996, #1485, #2717, .T. ) ;
#1175 = ORIENTED_EDGE ( 'NONE', *, *, #1019, .T. ) ;
#1176 = VERTEX_POINT ( 'NONE', #486 ) ;
#1177 = EDGE_CURVE ( 'NONE', #546, #1063, #1516, .T. ) ;
#1178 = EDGE_LOOP ( 'NONE', ( #1527, #1869, #2656, #762 ) ) ;
#1179 = AXIS2_PLACEMENT_3D ( 'NONE', #1662, #2734, #1452 ) ;
#1180 = PLANE ( 'NONE',  #569 ) ;
#1181 = ORIENTED_EDGE ( 'NONE', *, *, #2694, .T. ) ;
#1182 = DIRECTION ( 'NONE',  ( 0.0000000000000000000, 0.0000000000000000000, 1.000000000000000000 ) ) ;
#1183 = LINE ( 'NONE', #2003, #604 ) ;
#1184 = PLANE ( 'NONE',  #1539 ) ;
#1185 = EDGE_CURVE ( 'NONE', #1964, #1131, #2015, .T. ) ;
#1186 = VECTOR ( 'NONE', #380, 1000.000000000000000 ) ;
#1187 = EDGE_CURVE ( 'NONE', #114, #1929, #381, .T. ) ;
#1188 = CARTESIAN_POINT ( 'NONE',  ( 2.850000000000000100, 2.290000000000000000, -0.2000000000000000100 ) ) ;
#1189 = EDGE_LOOP ( 'NONE', ( #1257, #924, #465, #1093 ) ) ;
#1190 = PLANE ( 'NONE',  #1829 ) ;
#1191 = VECTOR ( 'NONE', #2361, 1000.000000000000000 ) ;
#1192 = VECTOR ( 'NONE', #2159, 1000.000000000000000 ) ;
#1193 = VERTEX_POINT ( 'NONE', #673 ) ;
#1194 = ORIENTED_EDGE ( 'NONE', *, *, #2368, .T. ) ;
#1195 = FACE_OUTER_BOUND ( 'NONE', #112, .T. ) ;
#1196 = ORIENTED_EDGE ( 'NONE', *, *, #445, .F. ) ;
#1197 = LINE ( 'NONE', #567, #1757 ) ;
#1198 = EDGE_CURVE ( 'NONE', #2511, #1661, #317, .T. ) ;
#1199 = ORIENTED_EDGE ( 'NONE', *, *, #912, .F. ) ;
#1200 = FACE_OUTER_BOUND ( 'NONE', #2405, .T. ) ;
#1201 = EDGE_LOOP ( 'NONE', ( #1386, #89, #1750, #1792 ) ) ;
#1202 = ORIENTED_EDGE ( 'NONE', *, *, #36, .T. ) ;
#1203 = CARTESIAN_POINT ( 'NONE',  ( 1.800000000000000300, 2.439999999999999900, 4.200000000000000200 ) ) ;
#1204 = EDGE_LOOP ( 'NONE', ( #999, #1578, #2191, #1625, #2225, #2593 ) ) ;
#1205 = EDGE_CURVE ( 'NONE', #195, #859, #1950, .T. ) ;
#1206 = ORIENTED_EDGE ( 'NONE', *, *, #2270, .T. ) ;
#1207 = CARTESIAN_POINT ( 'NONE',  ( -4.200000000000000200, -2.499999999999999600, -4.650000000000000400 ) ) ;
#1208 = DIRECTION ( 'NONE',  ( -1.000000000000000000, -0.0000000000000000000, 0.0000000000000000000 ) ) ;
#1209 = AXIS2_PLACEMENT_3D ( 'NONE', #1674, #393, #1664 ) ;
#1210 = DIRECTION ( 'NONE',  ( 0.0000000000000000000, 0.0000000000000000000, 1.000000000000000000 ) ) ;
#1211 = EDGE_LOOP ( 'NONE', ( #163, #582, #735, #601 ) ) ;
#1212 = CARTESIAN_POINT ( 'NONE',  ( -3.600000000000000500, 2.439999999999999900, -0.1999999999999996500 ) ) ;
#1213 = LINE ( 'NONE', #1743, #1147 ) ;
#1214 = CARTESIAN_POINT ( 'NONE',  ( -2.850000000000000100, -2.399999999999999900, -0.02582505045333000100 ) ) ;
#1215 = CARTESIAN_POINT ( 'NONE',  ( -5.000000000000000000, -2.290000000000000000, -0.2000000000000000100 ) ) ;
#1216 = FACE_OUTER_BOUND ( 'NONE', #2204, .T. ) ;
#1217 = DIRECTION ( 'NONE',  ( 1.000000000000000000, 0.0000000000000000000, -0.0000000000000000000 ) ) ;
#1218 = EDGE_CURVE ( 'NONE', #1415, #764, #814, .T. ) ;
#1219 = EDGE_CURVE ( 'NONE', #1899, #1606, #1380, .T. ) ;
#1220 = ORIENTED_EDGE ( 'NONE', *, *, #1768, .T. ) ;
#1221 = DIRECTION ( 'NONE',  ( 0.0000000000000000000, 1.000000000000000000, -0.0000000000000000000 ) ) ;
#1222 = PLANE ( 'NONE',  #2314 ) ;
#1223 = CARTESIAN_POINT ( 'NONE',  ( 4.000000000000000000, 2.439999999999999900, 4.200000000000000200 ) ) ;
#1224 = VECTOR ( 'NONE', #1051, 1000.000000000000000 ) ;
#1225 = DIRECTION ( 'NONE',  ( 0.0000000000000000000, 0.0000000000000000000, 1.000000000000000000 ) ) ;
#1226 = LINE ( 'NONE', #1082, #1647 ) ;
#1227 = VERTEX_POINT ( 'NONE', #49 ) ;
#1228 = LINE ( 'NONE', #1699, #227 ) ;
#1229 = EDGE_LOOP ( 'NONE', ( #1926, #1958, #2699, #1756, #2043, #1105, #1024, #16 ) ) ;
#1230 = LINE ( 'NONE', #1853, #2281 ) ;
#1231 = VERTEX_POINT ( 'NONE', #900 ) ;
#1232 = DIRECTION ( 'NONE',  ( 0.0000000000000000000, 0.8660254037844497000, -0.4999999999999806800 ) ) ;
#1233 = ORIENTED_EDGE ( 'NONE', *, *, #1873, .T. ) ;
#1234 = VERTEX_POINT ( 'NONE', #477 ) ;
#1235 = DIRECTION ( 'NONE',  ( 0.0000000000000000000, -0.0000000000000000000, -1.000000000000000000 ) ) ;
#1236 = EDGE_CURVE ( 'NONE', #1903, #2691, #182, .T. ) ;
#1237 = DIRECTION ( 'NONE',  ( -1.000000000000000000, 0.0000000000000000000, 0.0000000000000000000 ) ) ;
#1238 = ORIENTED_EDGE ( 'NONE', *, *, #196, .T. ) ;
#1239 = SURFACE_STYLE_FILL_AREA ( #74 ) ;
#1240 = DIRECTION ( 'NONE',  ( 0.0000000000000000000, 1.000000000000000000, -0.0000000000000000000 ) ) ;
#1241 = DIRECTION ( 'NONE',  ( 0.0000000000000000000, 0.0000000000000000000, 1.000000000000000000 ) ) ;
#1242 = EDGE_LOOP ( 'NONE', ( #1830, #2198, #42, #848 ) ) ;
#1243 = CARTESIAN_POINT ( 'NONE',  ( 4.730000000000000400, -2.730000000000000400, 0.0000000000000000000 ) ) ;
#1244 = LINE ( 'NONE', #1337, #169 ) ;
#1245 = CARTESIAN_POINT ( 'NONE',  ( -2.850000000000000100, -1.300000000000000300, -0.2000000000000000100 ) ) ;
#1246 = FACE_OUTER_BOUND ( 'NONE', #1820, .T. ) ;
#1247 = DIRECTION ( 'NONE',  ( -0.0000000000000000000, 1.000000000000000000, 0.0000000000000000000 ) ) ;
#1248 = CARTESIAN_POINT ( 'NONE',  ( 2.799999999999999800, 0.6445517328096001000, 0.7500000000000000000 ) ) ;
#1249 = EDGE_CURVE ( 'NONE', #2511, #2451, #1312, .T. ) ;
#1250 = DIRECTION ( 'NONE',  ( 1.000000000000000000, 0.0000000000000000000, 0.0000000000000000000 ) ) ;
#1251 = ORIENTED_EDGE ( 'NONE', *, *, #1466, .F. ) ;
#1252 = LINE ( 'NONE', #2634, #1192 ) ;
#1253 = ORIENTED_EDGE ( 'NONE', *, *, #1569, .F. ) ;
#1254 = AXIS2_PLACEMENT_3D ( 'NONE', #2628, #2027, #1827 ) ;
#1255 = ORIENTED_EDGE ( 'NONE', *, *, #423, .F. ) ;
#1256 = LINE ( 'NONE', #2415, #757 ) ;
#1257 = ORIENTED_EDGE ( 'NONE', *, *, #1788, .T. ) ;
#1258 = LINE ( 'NONE', #1214, #2391 ) ;
#1259 = ORIENTED_EDGE ( 'NONE', *, *, #449, .F. ) ;
#1260 = DIRECTION ( 'NONE',  ( 0.0000000000000000000, 1.000000000000000000, -0.0000000000000000000 ) ) ;
#1261 = FACE_OUTER_BOUND ( 'NONE', #1229, .T. ) ;
#1262 = EDGE_LOOP ( 'NONE', ( #1692, #1861, #1701, #2085 ) ) ;
#1263 = ORIENTED_EDGE ( 'NONE', *, *, #478, .F. ) ;
#1264 = DIRECTION ( 'NONE',  ( 0.0000000000000000000, 1.000000000000000000, -0.0000000000000000000 ) ) ;
#1265 = CARTESIAN_POINT ( 'NONE',  ( -2.850000000000000100, -1.300000000000000300, -0.2000000000000000100 ) ) ;
#1266 = EDGE_LOOP ( 'NONE', ( #368, #2554, #793, #92 ) ) ;
#1267 = EDGE_CURVE ( 'NONE', #2637, #707, #2383, .T. ) ;
#1268 = DIRECTION ( 'NONE',  ( 0.0000000000000000000, 0.0000000000000000000, -1.000000000000000000 ) ) ;
#1269 = CARTESIAN_POINT ( 'NONE',  ( -0.4000000000000000200, -2.640000000000000100, 4.200000000000000200 ) ) ;
#1270 = EDGE_LOOP ( 'NONE', ( #753, #1325, #1259, #1620 ) ) ;
#1271 = DIRECTION ( 'NONE',  ( 0.0000000000000000000, -0.0000000000000000000, -1.000000000000000000 ) ) ;
#1272 = ADVANCED_FACE ( 'NONE', ( #2307 ), #266, .F. ) ;
#1273 = VECTOR ( 'NONE', #2328, 1000.000000000000000 ) ;
#1274 = AXIS2_PLACEMENT_3D ( 'NONE', #1928, #1809, #1801 ) ;
#1275 = VERTEX_POINT ( 'NONE', #1777 ) ;
#1276 = VECTOR ( 'NONE', #826, 1000.000000000000000 ) ;
#1277 = DIRECTION ( 'NONE',  ( 0.0000000000000000000, 0.0000000000000000000, -1.000000000000000000 ) ) ;
#1278 = CARTESIAN_POINT ( 'NONE',  ( -2.850000000000000100, -1.300000000000000300, -0.02582505045333000400 ) ) ;
#1279 = DIRECTION ( 'NONE',  ( 0.6546536707078720600, 0.6546536707081074300, -0.3779644730091835100 ) ) ;
#1280 = EDGE_CURVE ( 'NONE', #929, #1485, #1252, .T. ) ;
#1281 = CARTESIAN_POINT ( 'NONE',  ( -0.8000000000000001600, -2.640000000000000100, -0.1999999999999997300 ) ) ;
#1282 = EDGE_CURVE ( 'NONE', #262, #2629, #2444, .T. ) ;
#1283 = ADVANCED_FACE ( 'NONE', ( #2242 ), #1322, .T. ) ;
#1284 = DIRECTION ( 'NONE',  ( -0.0000000000000000000, -1.000000000000000000, -0.0000000000000000000 ) ) ;
#1285 = FACE_OUTER_BOUND ( 'NONE', #2557, .T. ) ;
#1286 = FACE_BOUND ( 'NONE', #1591, .T. ) ;
#1287 = DIRECTION ( 'NONE',  ( -0.0000000000000000000, -1.000000000000000000, 0.0000000000000000000 ) ) ;
#1288 = ORIENTED_EDGE ( 'NONE', *, *, #2441, .F. ) ;
#1289 = FACE_OUTER_BOUND ( 'NONE', #2686, .T. ) ;
#1290 = ORIENTED_EDGE ( 'NONE', *, *, #2011, .T. ) ;
#1291 = CARTESIAN_POINT ( 'NONE',  ( -0.4000000000000000200, 2.439999999999999900, 4.200000000000000200 ) ) ;
#1292 = LINE ( 'NONE', #1644, #1358 ) ;
#1293 = EDGE_LOOP ( 'NONE', ( #1549, #117, #5, #490 ) ) ;
#1294 = ORIENTED_EDGE ( 'NONE', *, *, #2487, .T. ) ;
#1295 = CARTESIAN_POINT ( 'NONE',  ( -5.000000000000000000, -1.300000000000000300, -0.2000000000000000100 ) ) ;
#1296 = ORIENTED_EDGE ( 'NONE', *, *, #621, .T. ) ;
#1297 = CARTESIAN_POINT ( 'NONE',  ( 0.0000000000000000000, 0.0000000000000000000, 4.200000000000000200 ) ) ;
#1298 = ADVANCED_FACE ( 'NONE', ( #1683 ), #561, .F. ) ;
#1299 = DIRECTION ( 'NONE',  ( 0.0000000000000000000, 0.0000000000000000000, -1.000000000000000000 ) ) ;
#1300 = EDGE_CURVE ( 'NONE', #1653, #39, #1120, .T. ) ;
#1301 = CARTESIAN_POINT ( 'NONE',  ( 1.399999999999999900, -2.439999999999999900, 4.200000000000000200 ) ) ;
#1302 = VERTEX_POINT ( 'NONE', #2108 ) ;
#1303 = EDGE_CURVE ( 'NONE', #968, #2179, #38, .T. ) ;
#1304 = VECTOR ( 'NONE', #985, 1000.000000000000000 ) ;
#1305 = PLANE ( 'NONE',  #115 ) ;
#1306 = FACE_OUTER_BOUND ( 'NONE', #1068, .T. ) ;
#1307 = DIRECTION ( 'NONE',  ( -0.0000000000000000000, -0.0000000000000000000, -1.000000000000000000 ) ) ;
#1308 = EDGE_LOOP ( 'NONE', ( #1798, #1389, #2263 ) ) ;
#1309 = DIRECTION ( 'NONE',  ( -0.0000000000000000000, -0.0000000000000000000, -1.000000000000000000 ) ) ;
#1310 = DIRECTION ( 'NONE',  ( -1.000000000000000000, -0.0000000000000000000, -0.0000000000000000000 ) ) ;
#1311 = EDGE_CURVE ( 'NONE', #1079, #2483, #544, .T. ) ;
#1312 = LINE ( 'NONE', #34, #1819 ) ;
#1313 = VERTEX_POINT ( 'NONE', #1924 ) ;
#1314 = LINE ( 'NONE', #624, #73 ) ;
#1315 = ORIENTED_EDGE ( 'NONE', *, *, #2238, .F. ) ;
#1316 = VECTOR ( 'NONE', #1348, 1000.000000000000000 ) ;
#1317 = ORIENTED_EDGE ( 'NONE', *, *, #264, .T. ) ;
#1318 = DIRECTION ( 'NONE',  ( -1.000000000000000000, -0.0000000000000000000, -0.0000000000000000000 ) ) ;
#1319 = LINE ( 'NONE', #1800, #189 ) ;
#1320 = VERTEX_POINT ( 'NONE', #867 ) ;
#1321 = VECTOR ( 'NONE', #432, 1000.000000000000000 ) ;
#1322 = PLANE ( 'NONE',  #1812 ) ;
#1323 = ORIENTED_EDGE ( 'NONE', *, *, #693, .F. ) ;
#1324 = DIRECTION ( 'NONE',  ( -0.0000000000000000000, -0.0000000000000000000, -1.000000000000000000 ) ) ;
#1325 = ORIENTED_EDGE ( 'NONE', *, *, #1745, .F. ) ;
#1326 = DIRECTION ( 'NONE',  ( 1.000000000000000000, -0.0000000000000000000, 0.0000000000000000000 ) ) ;
#1327 = CLOSED_SHELL ( 'NONE', ( #515, #26, #669, #2638, #1742, #1135, #1704, #447, #951, #2566, #1331, #1272, #2131, #877, #1574, #921, #2215, #2403, #655, #1949, #2577, #724, #2594, #1366, #843, #1071, #2202, #1719, #1542, #1581, #415, #1994, #1283, #1772, #14, #1467, #1490, #238, #305, #2359, #1803, #2775, #2373, #69, #1532, #52, #643, #1298, #2008, #1505, #739, #1931, #1520, #1785, #209, #863, #2438, #436, #1939, #2428, #2142, #1166, #1344, #2647, #289, #2170, #941, #678, #1561, #2617, #1973, #2762, #276, #2116, #1083, #2324, #2338, #1096, #2549, #2414, #482, #904, #500, #889, #1911, #1154, #2380, #1732, #2181, #709, #88, #228 ) ) ;
#1328 = CARTESIAN_POINT ( 'NONE',  ( 5.000000000000000000, 1.199999999999999700, -4.650000000000000400 ) ) ;
#1329 = DIRECTION ( 'NONE',  ( 0.0000000000000000000, -0.0000000000000000000, -1.000000000000000000 ) ) ;
#1330 = DIRECTION ( 'NONE',  ( 0.0000000000000000000, 1.000000000000000000, 0.0000000000000000000 ) ) ;
#1331 = ADVANCED_FACE ( 'NONE', ( #1751 ), #937, .T. ) ;
#1332 = EDGE_CURVE ( 'NONE', #455, #1598, #2678, .T. ) ;
#1333 = PLANE ( 'NONE',  #1733 ) ;
#1334 = DIRECTION ( 'NONE',  ( 0.0000000000000000000, 0.0000000000000000000, -1.000000000000000000 ) ) ;
#1335 = VECTOR ( 'NONE', #1049, 1000.000000000000000 ) ;
#1336 = CIRCLE ( 'NONE', #1590, 0.1000000000000002600 ) ;
#1337 = CARTESIAN_POINT ( 'NONE',  ( -5.000000000000000000, 2.730000000000000400, 0.0000000000000000000 ) ) ;
#1338 = DIRECTION ( 'NONE',  ( -1.000000000000000000, -0.0000000000000000000, -0.0000000000000000000 ) ) ;
#1339 = AXIS2_PLACEMENT_3D ( 'NONE', #279, #494, #1977 ) ;
#1340 = CARTESIAN_POINT ( 'NONE',  ( -2.799999999999999800, 1.988320137979000300, -0.02582505045333000100 ) ) ;
#1341 = CARTESIAN_POINT ( 'NONE',  ( -4.099999999999999600, -3.000000000000000000, -4.650000000000000400 ) ) ;
#1342 = CARTESIAN_POINT ( 'NONE',  ( -5.000000000000000000, 3.000000000000000000, -4.650000000000000400 ) ) ;
#1343 = LINE ( 'NONE', #2000, #1470 ) ;
#1344 = ADVANCED_FACE ( 'NONE', ( #1057 ), #717, .T. ) ;
#1345 = DIRECTION ( 'NONE',  ( 0.0000000000000000000, 0.0000000000000000000, 1.000000000000000000 ) ) ;
#1346 = ORIENTED_EDGE ( 'NONE', *, *, #1429, .F. ) ;
#1347 = LINE ( 'NONE', #1291, #782 ) ;
#1348 = DIRECTION ( 'NONE',  ( 0.0000000000000000000, 0.0000000000000000000, 1.000000000000000000 ) ) ;
#1349 = EDGE_CURVE ( 'NONE', #1524, #758, #1548, .T. ) ;
#1350 = VERTEX_POINT ( 'NONE', #2458 ) ;
#1351 = PRODUCT_DEFINITION_SHAPE ( 'NONE', 'NONE',  #137 ) ;
#1352 = DIRECTION ( 'NONE',  ( -1.000000000000000000, 0.0000000000000000000, 0.0000000000000000000 ) ) ;
#1353 = FACE_BOUND ( 'NONE', #2427, .T. ) ;
#1354 = ORIENTED_EDGE ( 'NONE', *, *, #715, .F. ) ;
#1355 = FACE_OUTER_BOUND ( 'NONE', #842, .T. ) ;
#1356 = ORIENTED_EDGE ( 'NONE', *, *, #2465, .T. ) ;
#1357 = EDGE_CURVE ( 'NONE', #2752, #661, #987, .T. ) ;
#1358 = VECTOR ( 'NONE', #155, 1000.000000000000000 ) ;
#1359 = ORIENTED_EDGE ( 'NONE', *, *, #645, .F. ) ;
#1360 = ORIENTED_EDGE ( 'NONE', *, *, #1850, .T. ) ;
#1361 = DIRECTION ( 'NONE',  ( 1.000000000000000000, 0.0000000000000000000, -0.0000000000000000000 ) ) ;
#1362 = APPLICATION_CONTEXT ( 'automotive_design' ) ;
#1363 = AXIS2_PLACEMENT_3D ( 'NONE', #1667, #133, #1424 ) ;
#1364 = EDGE_LOOP ( 'NONE', ( #318, #1413, #1555, #1392 ) ) ;
#1365 = DIRECTION ( 'NONE',  ( -0.0000000000000000000, 1.000000000000000000, 0.0000000000000000000 ) ) ;
#1366 = ADVANCED_FACE ( 'NONE', ( #484 ), #59, .F. ) ;
#1367 = PLANE ( 'NONE',  #681 ) ;
#1368 = ORIENTED_EDGE ( 'NONE', *, *, #80, .F. ) ;
#1369 = ORIENTED_EDGE ( 'NONE', *, *, #1818, .F. ) ;
#1370 = ORIENTED_EDGE ( 'NONE', *, *, #737, .T. ) ;
#1371 = VECTOR ( 'NONE', #2610, 1000.000000000000000 ) ;
#1372 = EDGE_CURVE ( 'NONE', #39, #2515, #416, .T. ) ;
#1373 = DIRECTION ( 'NONE',  ( 0.0000000000000000000, 1.000000000000000000, -0.0000000000000000000 ) ) ;
#1374 = LINE ( 'NONE', #821, #674 ) ;
#1375 = CARTESIAN_POINT ( 'NONE',  ( -0.4000000000000000200, 2.640000000000000100, 4.200000000000000200 ) ) ;
#1376 = DIRECTION ( 'NONE',  ( 0.0000000000000000000, 1.000000000000000000, 0.0000000000000000000 ) ) ;
#1377 = CARTESIAN_POINT ( 'NONE',  ( -4.000000000000000000, 2.640000000000000100, -0.1999999999999997300 ) ) ;
#1378 = COLOUR_RGB ( '',0.7921568627450980000, 0.8196078431372548800, 0.9333333333333333500 ) ;
#1379 = VERTEX_POINT ( 'NONE', #1564 ) ;
#1380 = LINE ( 'NONE', #1546, #752 ) ;
#1381 = ORIENTED_EDGE ( 'NONE', *, *, #2612, .T. ) ;
#1382 = VECTOR ( 'NONE', #353, 1000.000000000000000 ) ;
#1383 = EDGE_LOOP ( 'NONE', ( #2581, #628, #1391, #194 ) ) ;
#1384 = CARTESIAN_POINT ( 'NONE',  ( 4.730000000000000400, 1.988320137979109100, -0.02582505045314171000 ) ) ;
#1385 = CYLINDRICAL_SURFACE ( 'NONE', #434, 0.5500000000000001600 ) ;
#1386 = ORIENTED_EDGE ( 'NONE', *, *, #766, .T. ) ;
#1387 = EDGE_CURVE ( 'NONE', #2049, #1487, #1474, .T. ) ;
#1388 = LINE ( 'NONE', #2378, #822 ) ;
#1389 = ORIENTED_EDGE ( 'NONE', *, *, #1303, .F. ) ;
#1390 = AXIS2_PLACEMENT_3D ( 'NONE', #2323, #2537, #1271 ) ;
#1391 = ORIENTED_EDGE ( 'NONE', *, *, #599, .F. ) ;
#1392 = ORIENTED_EDGE ( 'NONE', *, *, #1185, .F. ) ;
#1393 = DIRECTION ( 'NONE',  ( 0.0000000000000000000, 0.8660254037844107300, 0.5000000000000482900 ) ) ;
#1394 = VERTEX_POINT ( 'NONE', #8 ) ;
#1395 = LINE ( 'NONE', #1430, #2531 ) ;
#1396 = CARTESIAN_POINT ( 'NONE',  ( -2.799999999999999800, -2.399999999999999900, 0.7500000000000000000 ) ) ;
#1397 = EDGE_CURVE ( 'NONE', #2153, #1959, #1406, .T. ) ;
#1398 = VECTOR ( 'NONE', #2319, 1000.000000000000000 ) ;
#1399 = CARTESIAN_POINT ( 'NONE',  ( -3.600000000000000500, 2.640000000000000100, 4.200000000000000200 ) ) ;
#1400 = DIRECTION ( 'NONE',  ( 0.0000000000000000000, 0.0000000000000000000, 1.000000000000000000 ) ) ;
#1401 = DIRECTION ( 'NONE',  ( 1.000000000000000000, -0.0000000000000000000, 0.0000000000000000000 ) ) ;
#1402 = CARTESIAN_POINT ( 'NONE',  ( 2.329999999999999600, 2.000000000000000000, -4.599999999999999600 ) ) ;
#1403 = EDGE_CURVE ( 'NONE', #295, #30, #2544, .T. ) ;
#1404 = VECTOR ( 'NONE', #2235, 1000.000000000000000 ) ;
#1405 = CARTESIAN_POINT ( 'NONE',  ( -1.850000000000000100, 1.300000000000000300, -0.2000000000000000100 ) ) ;
#1406 = LINE ( 'NONE', #2412, #847 ) ;
#1407 = DIRECTION ( 'NONE',  ( 1.000000000000000000, -0.0000000000000000000, 0.0000000000000000000 ) ) ;
#1408 = ORIENTED_EDGE ( 'NONE', *, *, #1905, .T. ) ;
#1409 = FILL_AREA_STYLE ('',( #143 ) ) ;
#1410 = LINE ( 'NONE', #1744, #849 ) ;
#1411 = ORIENTED_EDGE ( 'NONE', *, *, #1768, .F. ) ;
#1412 = VECTOR ( 'NONE', #612, 1000.000000000000000 ) ;
#1413 = ORIENTED_EDGE ( 'NONE', *, *, #875, .F. ) ;
#1414 = FACE_OUTER_BOUND ( 'NONE', #2445, .T. ) ;
#1415 = VERTEX_POINT ( 'NONE', #1508 ) ;
#1416 = EDGE_LOOP ( 'NONE', ( #1173, #2352, #1631, #2047 ) ) ;
#1417 = CARTESIAN_POINT ( 'NONE',  ( 4.000000000000000000, 2.640000000000000100, -0.1999999999999997300 ) ) ;
#1418 = VERTEX_POINT ( 'NONE', #2261 ) ;
#1419 = EDGE_CURVE ( 'NONE', #2588, #1066, #1347, .T. ) ;
#1420 = ORIENTED_EDGE ( 'NONE', *, *, #1303, .T. ) ;
#1421 = CARTESIAN_POINT ( 'NONE',  ( 2.799999999999999800, -2.399999999999999900, -0.02582505045333000100 ) ) ;
#1422 = AXIS2_PLACEMENT_3D ( 'NONE', #2208, #1997, #507 ) ;
#1423 = DIRECTION ( 'NONE',  ( 0.0000000000000000000, -0.0000000000000000000, 1.000000000000000000 ) ) ;
#1424 = DIRECTION ( 'NONE',  ( 0.0000000000000000000, 0.0000000000000000000, 1.000000000000000000 ) ) ;
#1425 = FACE_OUTER_BOUND ( 'NONE', #2755, .T. ) ;
#1426 = DIRECTION ( 'NONE',  ( -0.0000000000000000000, 1.000000000000000000, 0.0000000000000000000 ) ) ;
#1427 = CARTESIAN_POINT ( 'NONE',  ( -4.000000000000000000, -2.640000000000000100, 4.200000000000000200 ) ) ;
#1428 = FACE_OUTER_BOUND ( 'NONE', #1383, .T. ) ;
#1429 = EDGE_CURVE ( 'NONE', #1598, #1521, #350, .T. ) ;
#1430 = CARTESIAN_POINT ( 'NONE',  ( 2.850000000000000100, 1.300000000000000300, -0.02582505045333000800 ) ) ;
#1431 = CARTESIAN_POINT ( 'NONE',  ( -4.500000000000000900, -2.399999999999999900, -4.650000000000000400 ) ) ;
#1432 = ORIENTED_EDGE ( 'NONE', *, *, #2599, .F. ) ;
#1433 = CARTESIAN_POINT ( 'NONE',  ( 5.000000000000000000, 1.200000000000000000, 0.0000000000000000000 ) ) ;
#1434 = DIRECTION ( 'NONE',  ( 0.0000000000000000000, 0.0000000000000000000, -1.000000000000000000 ) ) ;
#1435 = CARTESIAN_POINT ( 'NONE',  ( -4.200000000000000200, 2.399999999999999900, -4.639999999999999700 ) ) ;
#1436 = AXIS2_PLACEMENT_3D ( 'NONE', #1702, #2096, #2304 ) ;
#1437 = CARTESIAN_POINT ( 'NONE',  ( 2.850000000000000100, -2.600000000000000500, -0.2000000000000000100 ) ) ;
#1438 = SURFACE_STYLE_FILL_AREA ( #1409 ) ;
#1439 = PLANE ( 'NONE',  #203 ) ;
#1440 = CARTESIAN_POINT ( 'NONE',  ( -5.000000000000000000, 3.000000000000000000, 0.0000000000000000000 ) ) ;
#1441 = VECTOR ( 'NONE', #2600, 1000.000000000000000 ) ;
#1442 = ORIENTED_EDGE ( 'NONE', *, *, #778, .T. ) ;
#1443 = LINE ( 'NONE', #934, #1952 ) ;
#1444 = ORIENTED_EDGE ( 'NONE', *, *, #1236, .F. ) ;
#1446 = VECTOR ( 'NONE', #1597, 1000.000000000000000 ) ;
#1445 = CARTESIAN_POINT ( 'NONE',  ( -0.8000000000000000400, -2.439999999999999900, 4.200000000000000200 ) ) ;
#1447 = ORIENTED_EDGE ( 'NONE', *, *, #1174, .T. ) ;
#1448 = LINE ( 'NONE', #24, #893 ) ;
#1449 = VERTEX_POINT ( 'NONE', #1502 ) ;
#1450 = EDGE_CURVE ( 'NONE', #755, #1899, #2418, .T. ) ;
#1451 = VERTEX_POINT ( 'NONE', #1868 ) ;
#1452 = DIRECTION ( 'NONE',  ( 0.0000000000000000000, 0.0000000000000000000, -1.000000000000000000 ) ) ;
#1453 = EDGE_CURVE ( 'NONE', #2483, #1606, #1917, .T. ) ;
#1454 = CARTESIAN_POINT ( 'NONE',  ( 1.800000000000000500, -2.439999999999999900, -0.1999999999999997300 ) ) ;
#1455 = CARTESIAN_POINT ( 'NONE',  ( -2.799999999999999800, -2.399999999999999900, 0.7641749495466999600 ) ) ;
#1456 = AXIS2_PLACEMENT_3D ( 'NONE', #1879, #1237, #2715 ) ;
#1457 = DIRECTION ( 'NONE',  ( -0.0000000000000000000, 0.5000000000000167600, 0.8660254037844289400 ) ) ;
#1458 = ORIENTED_EDGE ( 'NONE', *, *, #1357, .T. ) ;
#1459 = CARTESIAN_POINT ( 'NONE',  ( -2.850000000000000100, -2.399999999999999900, -0.02582505045333000100 ) ) ;
#1460 = DIRECTION ( 'NONE',  ( 0.0000000000000000000, -1.000000000000000000, 0.0000000000000000000 ) ) ;
#1461 = FACE_OUTER_BOUND ( 'NONE', #357, .T. ) ;
#1462 = CARTESIAN_POINT ( 'NONE',  ( 1.399999999999999900, -2.439999999999999900, 4.200000000000000200 ) ) ;
#1463 = LINE ( 'NONE', #408, #1541 ) ;
#1464 = CARTESIAN_POINT ( 'NONE',  ( -5.000000000000000000, 2.290000000000000000, -0.2000000000000000100 ) ) ;
#1465 = CARTESIAN_POINT ( 'NONE',  ( 1.399999999999999900, 2.439999999999999900, -0.1999999999999996500 ) ) ;
#1466 = EDGE_CURVE ( 'NONE', #2640, #1562, #223, .T. ) ;
#1467 = ADVANCED_FACE ( 'NONE', ( #140 ), #425, .T. ) ;
#1468 = CARTESIAN_POINT ( 'NONE',  ( -3.600000000000000500, -2.640000000000000100, -0.1999999999999997300 ) ) ;
#1469 = AXIS2_PLACEMENT_3D ( 'NONE', #1440, #2291, #806 ) ;
#1470 = VECTOR ( 'NONE', #1987, 1000.000000000000000 ) ;
#1471 = CARTESIAN_POINT ( 'NONE',  ( -4.000000000000000000, -2.439999999999999900, 4.200000000000000200 ) ) ;
#1472 = ORIENTED_EDGE ( 'NONE', *, *, #77, .F. ) ;
#1473 = DIRECTION ( 'NONE',  ( 0.0000000000000000000, -0.0000000000000000000, -1.000000000000000000 ) ) ;
#1474 = LINE ( 'NONE', #452, #923 ) ;
#1475 =( GEOMETRIC_REPRESENTATION_CONTEXT ( 3 ) GLOBAL_UNCERTAINTY_ASSIGNED_CONTEXT ( ( #144 ) ) GLOBAL_UNIT_ASSIGNED_CONTEXT ( ( #720, #2206, #942 ) ) REPRESENTATION_CONTEXT ( 'NONE', 'WORKASPACE' ) );
#1476 = ORIENTED_EDGE ( 'NONE', *, *, #2228, .T. ) ;
#1477 = VECTOR ( 'NONE', #2384, 1000.000000000000000 ) ;
#1478 = EDGE_LOOP ( 'NONE', ( #2724, #166, #85, #696 ) ) ;
#1479 = DIRECTION ( 'NONE',  ( -0.0000000000000000000, -1.000000000000000000, -0.0000000000000000000 ) ) ;
#1480 = CARTESIAN_POINT ( 'NONE',  ( 2.850000000000000100, -2.399999999999999900, -0.02582505045333000100 ) ) ;
#1481 = VECTOR ( 'NONE', #2084, 1000.000000000000000 ) ;
#1482 = ORIENTED_EDGE ( 'NONE', *, *, #1453, .T. ) ;
#1483 = CARTESIAN_POINT ( 'NONE',  ( 2.799999999999999800, -2.399999999999999900, -0.02582505045333000100 ) ) ;
#1484 = VECTOR ( 'NONE', #1682, 1000.000000000000000 ) ;
#1485 = VERTEX_POINT ( 'NONE', #1281 ) ;
#1486 = ORIENTED_EDGE ( 'NONE', *, *, #737, .F. ) ;
#1487 = VERTEX_POINT ( 'NONE', #1690 ) ;
#1488 = CARTESIAN_POINT ( 'NONE',  ( -3.600000000000000500, -2.439999999999999900, 4.200000000000000200 ) ) ;
#1489 = PLANE ( 'NONE',  #1962 ) ;
#1490 = ADVANCED_FACE ( 'NONE', ( #1285 ), #2335, .F. ) ;
#1491 = CARTESIAN_POINT ( 'NONE',  ( 1.850000000000000100, 1.300000000000000300, -0.2000000000000000100 ) ) ;
#1492 = VERTEX_POINT ( 'NONE', #2532 ) ;
#1493 = EDGE_CURVE ( 'NONE', #1945, #2662, #2346, .T. ) ;
#1494 = CARTESIAN_POINT ( 'NONE',  ( 1.850000000000000100, 2.290000000000000500, -0.2000000000000000400 ) ) ;
#1495 = CARTESIAN_POINT ( 'NONE',  ( 1.850000000000000100, 0.0000000000000000000, -0.2000000000000000100 ) ) ;
#1496 = CARTESIAN_POINT ( 'NONE',  ( -2.799999999999999800, 1.300000000000000300, -0.02582505045333001500 ) ) ;
#1497 = EDGE_CURVE ( 'NONE', #2515, #2049, #1789, .T. ) ;
#1498 = ORIENTED_EDGE ( 'NONE', *, *, #1332, .T. ) ;
#1499 = DIRECTION ( 'NONE',  ( 1.000000000000000000, 0.0000000000000000000, -0.0000000000000000000 ) ) ;
#1500 = DIRECTION ( 'NONE',  ( 1.000000000000000000, 0.0000000000000000000, -0.0000000000000000000 ) ) ;
#1501 = LINE ( 'NONE', #2173, #945 ) ;
#1502 = CARTESIAN_POINT ( 'NONE',  ( 2.799999999999999800, -1.300000000000003800, 0.3715767664977059900 ) ) ;
#1503 = ORIENTED_EDGE ( 'NONE', *, *, #1177, .F. ) ;
#1504 = LINE ( 'NONE', #700, #441 ) ;
#1505 = ADVANCED_FACE ( 'NONE', ( #2271 ), #191, .T. ) ;
#1506 = DIRECTION ( 'NONE',  ( 0.0000000000000000000, 0.8660254037847411300, -0.4999999999994760300 ) ) ;
#1507 = LINE ( 'NONE', #953, #374 ) ;
#1508 = CARTESIAN_POINT ( 'NONE',  ( 4.000000000000000000, 2.439999999999999900, -0.1999999999999997300 ) ) ;
#1509 = EDGE_CURVE ( 'NONE', #1234, #1775, #1165, .T. ) ;
#1510 = DIRECTION ( 'NONE',  ( -1.000000000000000000, 0.0000000000000000000, 0.0000000000000000000 ) ) ;
#1511 = EDGE_CURVE ( 'NONE', #2299, #1767, #579, .T. ) ;
#1512 = DIRECTION ( 'NONE',  ( 1.000000000000000000, -0.0000000000000000000, 0.0000000000000000000 ) ) ;
#1513 = FACE_OUTER_BOUND ( 'NONE', #1204, .T. ) ;
#1514 = DIRECTION ( 'NONE',  ( -1.000000000000000000, 0.0000000000000000000, 0.0000000000000000000 ) ) ;
#1515 = AXIS2_PLACEMENT_3D ( 'NONE', #682, #704, #1126 ) ;
#1516 = LINE ( 'NONE', #135, #1441 ) ;
#1517 = PLANE ( 'NONE',  #2570 ) ;
#1518 = ORIENTED_EDGE ( 'NONE', *, *, #1838, .T. ) ;
#1519 = VECTOR ( 'NONE', #1545, 1000.000000000000100 ) ;
#1520 = ADVANCED_FACE ( 'NONE', ( #651 ), #2725, .F. ) ;
#1521 = VERTEX_POINT ( 'NONE', #1660 ) ;
#1522 = CARTESIAN_POINT ( 'NONE',  ( -4.400000000000000400, 2.499999999999999600, -4.650000000000000400 ) ) ;
#1523 = LINE ( 'NONE', #756, #387 ) ;
#1524 = VERTEX_POINT ( 'NONE', #161 ) ;
#1525 = ORIENTED_EDGE ( 'NONE', *, *, #1249, .T. ) ;
#1526 = DIRECTION ( 'NONE',  ( -0.0000000000000000000, -0.0000000000000000000, 1.000000000000000000 ) ) ;
#1527 = ORIENTED_EDGE ( 'NONE', *, *, #2760, .T. ) ;
#1528 = ORIENTED_EDGE ( 'NONE', *, *, #2728, .T. ) ;
#1529 = DIRECTION ( 'NONE',  ( 0.0000000000000000000, 0.0000000000000000000, -1.000000000000000000 ) ) ;
#1530 = CARTESIAN_POINT ( 'NONE',  ( -5.000000000000000000, -2.640000000000000100, -0.2000000000000000100 ) ) ;
#1531 = CARTESIAN_POINT ( 'NONE',  ( -0.8000000000000000400, 2.640000000000000100, 4.200000000000000200 ) ) ;
#1532 = ADVANCED_FACE ( 'NONE', ( #1089 ), #597, .F. ) ;
#1533 = EDGE_CURVE ( 'NONE', #2331, #1945, #1720, .T. ) ;
#1534 = CARTESIAN_POINT ( 'NONE',  ( -4.200000000000000200, 2.399999999999999900, -4.650000000000000400 ) ) ;
#1535 = EDGE_LOOP ( 'NONE', ( #2025, #371 ) ) ;
#1536 = DIRECTION ( 'NONE',  ( -0.0000000000000000000, -0.0000000000000000000, 1.000000000000000000 ) ) ;
#1537 = VECTOR ( 'NONE', #1479, 1000.000000000000000 ) ;
#1538 = CARTESIAN_POINT ( 'NONE',  ( -4.469999999999998900, 2.290000000000000000, -0.2000000000000000100 ) ) ;
#1539 = AXIS2_PLACEMENT_3D ( 'NONE', #2419, #2241, #1014 ) ;
#1540 = CARTESIAN_POINT ( 'NONE',  ( -1.850000000000000100, 1.300000000000000300, -0.2000000000000000100 ) ) ;
#1541 = VECTOR ( 'NONE', #1038, 1000.000000000000000 ) ;
#1542 = ADVANCED_FACE ( 'NONE', ( #2144 ), #1738, .T. ) ;
#1543 = DIRECTION ( 'NONE',  ( 0.0000000000000000000, -1.000000000000000000, 0.0000000000000000000 ) ) ;
#1544 = EDGE_CURVE ( 'NONE', #1761, #1449, #1579, .T. ) ;
#1545 = DIRECTION ( 'NONE',  ( 0.0000000000000000000, -0.8660254037847411300, -0.4999999999994760300 ) ) ;
#1546 = CARTESIAN_POINT ( 'NONE',  ( 1.800000000000000300, 2.640000000000000100, 4.200000000000000200 ) ) ;
#1547 = CIRCLE ( 'NONE', #1844, 0.7999999999999999300 ) ;
#1548 = LINE ( 'NONE', #763, #2109 ) ;
#1549 = ORIENTED_EDGE ( 'NONE', *, *, #1580, .F. ) ;
#1550 = CARTESIAN_POINT ( 'NONE',  ( 4.469999999999999800, 2.290000000000000000, -0.2000000000000000100 ) ) ;
#1551 = VECTOR ( 'NONE', #1965, 1000.000000000000000 ) ;
#1552 = ORIENTED_EDGE ( 'NONE', *, *, #1944, .T. ) ;
#1553 = PLANE ( 'NONE',  #1339 ) ;
#1554 = VECTOR ( 'NONE', #2502, 1000.000000000000000 ) ;
#1555 = ORIENTED_EDGE ( 'NONE', *, *, #32, .T. ) ;
#1556 = CARTESIAN_POINT ( 'NONE',  ( 1.850000000000000100, -1.300000000000000300, -0.2000000000000000100 ) ) ;
#1557 = VECTOR ( 'NONE', #2742, 1000.000000000000000 ) ;
#1558 = ORIENTED_EDGE ( 'NONE', *, *, #2467, .F. ) ;
#1559 = CARTESIAN_POINT ( 'NONE',  ( -2.799999999999999800, 1.300000000000000300, 0.3715767664977000000 ) ) ;
#1560 = ORIENTED_EDGE ( 'NONE', *, *, #875, .T. ) ;
#1561 = ADVANCED_FACE ( 'NONE', ( #1020 ), #1222, .T. ) ;
#1562 = VERTEX_POINT ( 'NONE', #2706 ) ;
#1563 = CARTESIAN_POINT ( 'NONE',  ( 0.0000000000000000000, -2.439999999999999900, 4.200000000000000200 ) ) ;
#1564 = CARTESIAN_POINT ( 'NONE',  ( -3.600000000000000500, 2.640000000000000100, 4.200000000000000200 ) ) ;
#1565 = ORIENTED_EDGE ( 'NONE', *, *, #1372, .F. ) ;
#1566 = PLANE ( 'NONE',  #398 ) ;
#1567 = ORIENTED_EDGE ( 'NONE', *, *, #1596, .F. ) ;
#1568 = PLANE ( 'NONE',  #2672 ) ;
#1569 = EDGE_CURVE ( 'NONE', #771, #1685, #453, .T. ) ;
#1570 = CARTESIAN_POINT ( 'NONE',  ( 3.600000000000000500, 2.640000000000000100, 4.200000000000000200 ) ) ;
#1571 = LINE ( 'NONE', #269, #2132 ) ;
#1572 = LINE ( 'NONE', #366, #2642 ) ;
#1573 = CARTESIAN_POINT ( 'NONE',  ( -4.000000000000000000, 2.439999999999999900, 4.200000000000000200 ) ) ;
#1574 = ADVANCED_FACE ( 'NONE', ( #1513 ), #281, .T. ) ;
#1575 = SURFACE_SIDE_STYLE ('',( #1239 ) ) ;
#1576 = VECTOR ( 'NONE', #1373, 1000.000000000000000 ) ;
#1577 = DIRECTION ( 'NONE',  ( 0.0000000000000000000, 1.000000000000000000, -0.0000000000000000000 ) ) ;
#1578 = ORIENTED_EDGE ( 'NONE', *, *, #534, .T. ) ;
#1579 = LINE ( 'NONE', #570, #1645 ) ;
#1580 = EDGE_CURVE ( 'NONE', #2006, #1302, #2649, .T. ) ;
#1581 = ADVANCED_FACE ( 'NONE', ( #2578 ), #1305, .T. ) ;
#1582 = FACE_OUTER_BOUND ( 'NONE', #462, .T. ) ;
#1583 = VERTEX_POINT ( 'NONE', #1605 ) ;
#1584 = VECTOR ( 'NONE', #909, 1000.000000000000000 ) ;
#1585 = VECTOR ( 'NONE', #765, 1000.000000000000000 ) ;
#1586 = VERTEX_POINT ( 'NONE', #1491 ) ;
#1587 = ORIENTED_EDGE ( 'NONE', *, *, #1177, .T. ) ;
#1588 = VERTEX_POINT ( 'NONE', #1064 ) ;
#1589 = CARTESIAN_POINT ( 'NONE',  ( 2.080000000000000100, 2.000000000000000000, -4.400000000000000400 ) ) ;
#1590 = AXIS2_PLACEMENT_3D ( 'NONE', #852, #1077, #2772 ) ;
#1591 = EDGE_LOOP ( 'NONE', ( #1893, #261, #20, #1723 ) ) ;
#1592 = CARTESIAN_POINT ( 'NONE',  ( 1.800000000000000300, -2.439999999999999900, 4.200000000000000200 ) ) ;
#1593 = CARTESIAN_POINT ( 'NONE',  ( -4.400000000000000400, 2.499999999999999600, -4.639999999999999700 ) ) ;
#1594 = ORIENTED_EDGE ( 'NONE', *, *, #2136, .T. ) ;
#1595 = ORIENTED_EDGE ( 'NONE', *, *, #1249, .F. ) ;
#1596 = EDGE_CURVE ( 'NONE', #195, #1735, #379, .T. ) ;
#1597 = DIRECTION ( 'NONE',  ( 1.000000000000000000, 0.0000000000000000000, -0.0000000000000000000 ) ) ;
#1598 = VERTEX_POINT ( 'NONE', #838 ) ;
#1599 = VECTOR ( 'NONE', #940, 1000.000000000000000 ) ;
#1600 = DIRECTION ( 'NONE',  ( -0.0000000000000000000, 0.0000000000000000000, 1.000000000000000000 ) ) ;
#1601 = LINE ( 'NONE', #1215, #473 ) ;
#1602 = CARTESIAN_POINT ( 'NONE',  ( -3.600000000000000500, 2.439999999999999900, -0.1999999999999997300 ) ) ;
#1603 = DIRECTION ( 'NONE',  ( 0.0000000000000000000, -0.8660254037844289400, 0.5000000000000167600 ) ) ;
#1604 = CIRCLE ( 'NONE', #1138, 0.1000000000000002600 ) ;
#1605 = CARTESIAN_POINT ( 'NONE',  ( -2.799999999999999800, -1.300000000000000300, -0.02582505045333002200 ) ) ;
#1606 = VERTEX_POINT ( 'NONE', #1679 ) ;
#1607 = VECTOR ( 'NONE', #1401, 1000.000000000000000 ) ;
#1608 = ORIENTED_EDGE ( 'NONE', *, *, #2671, .F. ) ;
#1609 = CARTESIAN_POINT ( 'NONE',  ( -2.850000000000000100, 0.0000000000000000000, -0.2000000000000000100 ) ) ;
#1610 = VECTOR ( 'NONE', #2408, 1000.000000000000000 ) ;
#1611 = VERTEX_POINT ( 'NONE', #405 ) ;
#1612 = EDGE_CURVE ( 'NONE', #1320, #1648, #881, .T. ) ;
#1613 = LINE ( 'NONE', #2713, #489 ) ;
#1614 = ORIENTED_EDGE ( 'NONE', *, *, #105, .F. ) ;
#1615 = LINE ( 'NONE', #2536, #491 ) ;
#1616 = ORIENTED_EDGE ( 'NONE', *, *, #389, .T. ) ;
#1617 = CARTESIAN_POINT ( 'NONE',  ( 2.080000000000000100, 2.000000000000000000, -4.400000000000000400 ) ) ;
#1618 = VERTEX_POINT ( 'NONE', #1640 ) ;
#1619 =( LENGTH_UNIT ( ) NAMED_UNIT ( * ) SI_UNIT ( .MILLI., .METRE. ) );
#1620 = ORIENTED_EDGE ( 'NONE', *, *, #124, .F. ) ;
#1621 = DIRECTION ( 'NONE',  ( 0.0000000000000000000, 0.0000000000000000000, -1.000000000000000000 ) ) ;
#1622 = ORIENTED_EDGE ( 'NONE', *, *, #811, .F. ) ;
#1623 = AXIS2_PLACEMENT_3D ( 'NONE', #1773, #2630, #1345 ) ;
#1624 = DIRECTION ( 'NONE',  ( 0.0000000000000000000, -0.0000000000000000000, -1.000000000000000000 ) ) ;
#1625 = ORIENTED_EDGE ( 'NONE', *, *, #1332, .F. ) ;
#1626 = PLANE ( 'NONE',  #2584 ) ;
#1627 = CARTESIAN_POINT ( 'NONE',  ( 1.800000000000000300, 2.640000000000000100, 4.200000000000000200 ) ) ;
#1628 = DIRECTION ( 'NONE',  ( 0.0000000000000000000, 0.0000000000000000000, 1.000000000000000000 ) ) ;
#1629 = VECTOR ( 'NONE', #1536, 1000.000000000000000 ) ;
#1630 = DIRECTION ( 'NONE',  ( 1.000000000000000000, 0.0000000000000000000, 0.0000000000000000000 ) ) ;
#1631 = ORIENTED_EDGE ( 'NONE', *, *, #1882, .F. ) ;
#1632 = ORIENTED_EDGE ( 'NONE', *, *, #1198, .F. ) ;
#1633 = EDGE_CURVE ( 'NONE', #323, #10, #957, .T. ) ;
#1634 = FACE_OUTER_BOUND ( 'NONE', #467, .T. ) ;
#1635 = DIRECTION ( 'NONE',  ( 1.000000000000000000, 0.0000000000000000000, 0.0000000000000000000 ) ) ;
#1636 = MANIFOLD_SOLID_BREP ( 'Imported1', #1327 ) ;
#1637 = LINE ( 'NONE', #1301, #1712 ) ;
#1638 = EDGE_CURVE ( 'NONE', #1320, #1661, #2303, .T. ) ;
#1639 = DIRECTION ( 'NONE',  ( 0.0000000000000000000, 0.0000000000000000000, 1.000000000000000000 ) ) ;
#1640 = CARTESIAN_POINT ( 'NONE',  ( -4.168320137979050000, 1.988320137979028100, -0.02582505045319700300 ) ) ;
#1641 = AXIS2_PLACEMENT_3D ( 'NONE', #2491, #2696, #2463 ) ;
#1642 = DIRECTION ( 'NONE',  ( 1.000000000000000000, 0.0000000000000000000, -0.0000000000000000000 ) ) ;
#1643 = ORIENTED_EDGE ( 'NONE', *, *, #1282, .T. ) ;
#1644 = CARTESIAN_POINT ( 'NONE',  ( 4.000000000000000000, -2.439999999999999900, 4.200000000000000200 ) ) ;
#1645 = VECTOR ( 'NONE', #2254, 1000.000000000000000 ) ;
#1646 = DIRECTION ( 'NONE',  ( 0.0000000000000000000, 1.000000000000000000, -0.0000000000000000000 ) ) ;
#1647 = VECTOR ( 'NONE', #2560, 1000.000000000000000 ) ;
#1648 = VERTEX_POINT ( 'NONE', #547 ) ;
#1649 = VECTOR ( 'NONE', #2561, 1000.000000000000000 ) ;
#1650 = VECTOR ( 'NONE', #342, 1000.000000000000000 ) ;
#1652 = EDGE_CURVE ( 'NONE', #2049, #217, #611, .T. ) ;
#1651 = ORIENTED_EDGE ( 'NONE', *, *, #131, .T. ) ;
#1653 = VERTEX_POINT ( 'NONE', #983 ) ;
#1654 = ORIENTED_EDGE ( 'NONE', *, *, #738, .T. ) ;
#1655 = CARTESIAN_POINT ( 'NONE',  ( 1.400000000000000100, -2.640000000000000100, -0.1999999999999997300 ) ) ;
#1656 = ORIENTED_EDGE ( 'NONE', *, *, #247, .F. ) ;
#1657 = EDGE_CURVE ( 'NONE', #1851, #1275, #1948, .T. ) ;
#1658 = EDGE_LOOP ( 'NONE', ( #2172, #2759, #1824, #2485 ) ) ;
#1659 = CARTESIAN_POINT ( 'NONE',  ( 1.850000000000000100, 0.0000000000000000000, -0.2000000000000000100 ) ) ;
#1660 = CARTESIAN_POINT ( 'NONE',  ( 2.080000000000000100, 2.000000000000000000, -4.650000000000000400 ) ) ;
#1661 = VERTEX_POINT ( 'NONE', #246 ) ;
#1662 = CARTESIAN_POINT ( 'NONE',  ( -0.4000000000000000200, 2.439999999999999900, 4.200000000000000200 ) ) ;
#1663 = DIRECTION ( 'NONE',  ( 0.0000000000000000000, -1.000000000000000000, -0.0000000000000000000 ) ) ;
#1664 = DIRECTION ( 'NONE',  ( 0.0000000000000000000, 0.0000000000000000000, -1.000000000000000000 ) ) ;
#1665 = ORIENTED_EDGE ( 'NONE', *, *, #892, .T. ) ;
#1666 = PLANE ( 'NONE',  #536 ) ;
#1667 = CARTESIAN_POINT ( 'NONE',  ( 1.399999999999999900, -2.439999999999999900, 4.200000000000000200 ) ) ;
#1668 = LINE ( 'NONE', #1813, #1599 ) ;
#1669 = DIRECTION ( 'NONE',  ( 1.000000000000000000, 0.0000000000000000000, 0.0000000000000000000 ) ) ;
#1670 = VECTOR ( 'NONE', #396, 1000.000000000000000 ) ;
#1671 = CARTESIAN_POINT ( 'NONE',  ( -5.000000000000000000, -3.000000000000000400, 0.0000000000000000000 ) ) ;
#1672 = EDGE_CURVE ( 'NONE', #2764, #587, #1117, .T. ) ;
#1673 = CARTESIAN_POINT ( 'NONE',  ( -4.400000000000000400, -2.399999999999999900, -4.650000000000000400 ) ) ;
#1674 = CARTESIAN_POINT ( 'NONE',  ( 2.850000000000000100, 1.300000000000000300, -0.2000000000000000100 ) ) ;
#1675 = AXIS2_PLACEMENT_3D ( 'NONE', #1471, #636, #2122 ) ;
#1676 = ORIENTED_EDGE ( 'NONE', *, *, #1890, .T. ) ;
#1677 = DIRECTION ( 'NONE',  ( 1.000000000000000000, -0.0000000000000000000, 0.0000000000000000000 ) ) ;
#1678 = DIRECTION ( 'NONE',  ( 0.0000000000000000000, 0.0000000000000000000, 1.000000000000000000 ) ) ;
#1679 = CARTESIAN_POINT ( 'NONE',  ( 1.800000000000000500, 2.640000000000000100, -0.1999999999999997300 ) ) ;
#1680 = AXIS2_PLACEMENT_3D ( 'NONE', #633, #409, #603 ) ;
#1681 = LINE ( 'NONE', #2104, #2239 ) ;
#1682 = DIRECTION ( 'NONE',  ( 0.0000000000000000000, 1.000000000000000000, -0.0000000000000000000 ) ) ;
#1683 = FACE_OUTER_BOUND ( 'NONE', #1989, .T. ) ;
#1684 = ORIENTED_EDGE ( 'NONE', *, *, #640, .F. ) ;
#1685 = VERTEX_POINT ( 'NONE', #614 ) ;
#1686 = LINE ( 'NONE', #293, #2749 ) ;
#1687 = ORIENTED_EDGE ( 'NONE', *, *, #2711, .F. ) ;
#1688 = FACE_OUTER_BOUND ( 'NONE', #418, .T. ) ;
#1689 = ORIENTED_EDGE ( 'NONE', *, *, #211, .T. ) ;
#1690 = CARTESIAN_POINT ( 'NONE',  ( 4.168320137979026900, -1.988320137979025000, -0.02582505045324013900 ) ) ;
#1691 = LINE ( 'NONE', #634, #2753 ) ;
#1692 = ORIENTED_EDGE ( 'NONE', *, *, #2258, .T. ) ;
#1693 = EDGE_CURVE ( 'NONE', #1974, #831, #1681, .T. ) ;
#1694 = ORIENTED_EDGE ( 'NONE', *, *, #675, .T. ) ;
#1695 = ORIENTED_EDGE ( 'NONE', *, *, #1282, .F. ) ;
#1696 = CARTESIAN_POINT ( 'NONE',  ( 4.000000000000000000, -2.640000000000000100, 4.200000000000000200 ) ) ;
#1697 = ORIENTED_EDGE ( 'NONE', *, *, #2209, .F. ) ;
#1698 = ORIENTED_EDGE ( 'NONE', *, *, #1403, .T. ) ;
#1699 = CARTESIAN_POINT ( 'NONE',  ( 2.329999999999999600, 2.000000000000000000, -4.400000000000000400 ) ) ;
#1700 = AXIS2_PLACEMENT_3D ( 'NONE', #235, #464, #330 ) ;
#1701 = ORIENTED_EDGE ( 'NONE', *, *, #1788, .F. ) ;
#1702 = CARTESIAN_POINT ( 'NONE',  ( -5.000000000000000000, -3.000000000000000000, -4.599999999999999600 ) ) ;
#1703 = DIRECTION ( 'NONE',  ( 0.0000000000000000000, -1.000000000000000000, -0.0000000000000000000 ) ) ;
#1704 = ADVANCED_FACE ( 'NONE', ( #2176 ), #2503, .F. ) ;
#1705 = LINE ( 'NONE', #31, #1629 ) ;
#1706 = DIRECTION ( 'NONE',  ( -1.000000000000000000, 0.0000000000000000000, 0.0000000000000000000 ) ) ;
#1707 = EDGE_LOOP ( 'NONE', ( #1826, #566, #2619, #1643, #2735, #253 ) ) ;
#1708 = VECTOR ( 'NONE', #1915, 1000.000000000000000 ) ;
#1709 = PLANE ( 'NONE',  #802 ) ;
#1710 = DIRECTION ( 'NONE',  ( 0.0000000000000000000, 0.0000000000000000000, -1.000000000000000000 ) ) ;
#1711 = DIRECTION ( 'NONE',  ( 1.000000000000000000, 0.0000000000000000000, 0.0000000000000000000 ) ) ;
#1712 = VECTOR ( 'NONE', #1307, 1000.000000000000000 ) ;
#1713 = DIRECTION ( 'NONE',  ( -1.000000000000000000, -0.0000000000000000000, 0.0000000000000000000 ) ) ;
#1714 = EDGE_CURVE ( 'NONE', #577, #2292, #1052, .T. ) ;
#1715 = DIRECTION ( 'NONE',  ( -1.000000000000000000, 0.0000000000000000000, -0.0000000000000000000 ) ) ;
#1716 = EDGE_LOOP ( 'NONE', ( #108, #287, #2160, #524 ) ) ;
#1717 = AXIS2_PLACEMENT_3D ( 'NONE', #930, #712, #1980 ) ;
#1718 = CARTESIAN_POINT ( 'NONE',  ( -4.000000000000000000, -2.439999999999999900, -0.1999999999999996500 ) ) ;
#1719 = ADVANCED_FACE ( 'NONE', ( #2508 ), #578, .T. ) ;
#1720 = LINE ( 'NONE', #785, #2218 ) ;
#1721 = CARTESIAN_POINT ( 'NONE',  ( -3.600000000000000500, 2.439999999999999900, 4.200000000000000200 ) ) ;
#1722 = VECTOR ( 'NONE', #1946, 1000.000000000000000 ) ;
#1723 = ORIENTED_EDGE ( 'NONE', *, *, #1453, .F. ) ;
#1724 = VECTOR ( 'NONE', #1500, 1000.000000000000000 ) ;
#1725 = CARTESIAN_POINT ( 'NONE',  ( -2.799999999999999800, -2.399999999999999900, -0.02582505045333000100 ) ) ;
#1726 = VECTOR ( 'NONE', #2692, 1000.000000000000000 ) ;
#1727 = ORIENTED_EDGE ( 'NONE', *, *, #2098, .F. ) ;
#1728 = VERTEX_POINT ( 'NONE', #1494 ) ;
#1729 = EDGE_LOOP ( 'NONE', ( #1528, #986, #2277, #552 ) ) ;
#1730 = EDGE_CURVE ( 'NONE', #2559, #7, #1604, .T. ) ;
#1731 = PLANE ( 'NONE',  #1700 ) ;
#1732 = ADVANCED_FACE ( 'NONE', ( #2106 ), #1731, .T. ) ;
#1733 = AXIS2_PLACEMENT_3D ( 'NONE', #511, #299, #1999 ) ;
#1734 = CARTESIAN_POINT ( 'NONE',  ( -4.168320137979049100, -1.988320137979025000, -0.02582505045320106900 ) ) ;
#1735 = VERTEX_POINT ( 'NONE', #277 ) ;
#1736 = CARTESIAN_POINT ( 'NONE',  ( -5.000000000000000000, 0.0000000000000000000, -0.2000000000000000100 ) ) ;
#1737 = AXIS2_PLACEMENT_3D ( 'NONE', #2273, #417, #2733 ) ;
#1738 = PLANE ( 'NONE',  #2033 ) ;
#1739 = ORIENTED_EDGE ( 'NONE', *, *, #2353, .F. ) ;
#1740 = LINE ( 'NONE', #947, #1811 ) ;
#1741 = LINE ( 'NONE', #1878, #1670 ) ;
#1742 = ADVANCED_FACE ( 'NONE', ( #2676 ), #284, .F. ) ;
#1743 = CARTESIAN_POINT ( 'NONE',  ( -5.000000000000000000, 2.499999999999999600, -4.650000000000000400 ) ) ;
#1744 = CARTESIAN_POINT ( 'NONE',  ( 4.000000000000000000, 2.439999999999999900, 4.200000000000000200 ) ) ;
#1745 = EDGE_CURVE ( 'NONE', #1521, #1008, #1547, .T. ) ;
#1746 = DIRECTION ( 'NONE',  ( -0.0000000000000000000, -1.000000000000000000, 0.0000000000000000000 ) ) ;
#1747 = EDGE_CURVE ( 'NONE', #2615, #30, #412, .T. ) ;
#1748 = VECTOR ( 'NONE', #513, 1000.000000000000000 ) ;
#1749 = AXIS2_PLACEMENT_3D ( 'NONE', #1013, #2492, #796 ) ;
#1750 = ORIENTED_EDGE ( 'NONE', *, *, #351, .F. ) ;
#1751 = FACE_OUTER_BOUND ( 'NONE', #1707, .T. ) ;
#1752 = ORIENTED_EDGE ( 'NONE', *, *, #461, .T. ) ;
#1753 = ORIENTED_EDGE ( 'NONE', *, *, #2543, .T. ) ;
#1754 = CARTESIAN_POINT ( 'NONE',  ( 2.799999999999999800, 0.6445517328096024300, 0.7500000000000043300 ) ) ;
#1755 = VECTOR ( 'NONE', #943, 1000.000000000000000 ) ;
#1756 = ORIENTED_EDGE ( 'NONE', *, *, #869, .T. ) ;
#1757 = VECTOR ( 'NONE', #132, 1000.000000000000000 ) ;
#1758 = ORIENTED_EDGE ( 'NONE', *, *, #2690, .T. ) ;
#1759 = LINE ( 'NONE', #1696, #553 ) ;
#1760 = ORIENTED_EDGE ( 'NONE', *, *, #746, .F. ) ;
#1761 = VERTEX_POINT ( 'NONE', #248 ) ;
#1762 = DIRECTION ( 'NONE',  ( -0.0000000000000000000, -0.0000000000000000000, 1.000000000000000000 ) ) ;
#1763 = ORIENTED_EDGE ( 'NONE', *, *, #1267, .F. ) ;
#1764 = CARTESIAN_POINT ( 'NONE',  ( -5.000000000000000000, 3.000000000000000400, 0.0000000000000000000 ) ) ;
#1765 = ORIENTED_EDGE ( 'NONE', *, *, #2228, .F. ) ;
#1766 = EDGE_CURVE ( 'NONE', #1795, #2147, #982, .T. ) ;
#1767 = VERTEX_POINT ( 'NONE', #91 ) ;
#1768 = EDGE_CURVE ( 'NONE', #2547, #1227, #2609, .T. ) ;
#1769 = ORIENTED_EDGE ( 'NONE', *, *, #105, .T. ) ;
#1770 = AXIS2_PLACEMENT_3D ( 'NONE', #1431, #797, #2070 ) ;
#1771 = DIRECTION ( 'NONE',  ( 1.000000000000000000, -0.0000000000000000000, 0.0000000000000000000 ) ) ;
#1772 = ADVANCED_FACE ( 'NONE', ( #480 ), #2417, .T. ) ;
#1773 = CARTESIAN_POINT ( 'NONE',  ( 2.850000000000000100, -1.300000000000000300, -0.2000000000000000100 ) ) ;
#1774 = VECTOR ( 'NONE', #2157, 1000.000000000000000 ) ;
#1775 = VERTEX_POINT ( 'NONE', #2564 ) ;
#1776 = PLANE ( 'NONE',  #2395 ) ;
#1777 = CARTESIAN_POINT ( 'NONE',  ( -4.400000000000000400, 2.499999999999999600, -4.650000000000000400 ) ) ;
#1778 = VECTOR ( 'NONE', #213, 1000.000000000000000 ) ;
#1779 = DIRECTION ( 'NONE',  ( 0.0000000000000000000, 0.0000000000000000000, 1.000000000000000000 ) ) ;
#1780 = DIRECTION ( 'NONE',  ( 0.0000000000000000000, 0.0000000000000000000, 1.000000000000000000 ) ) ;
#1781 = CARTESIAN_POINT ( 'NONE',  ( -4.500000000000000900, -3.000000000000000000, -4.650000000000000400 ) ) ;
#1782 = CARTESIAN_POINT ( 'NONE',  ( 4.730000000000000400, -2.730000000000000400, -0.2000000000000000100 ) ) ;
#1783 = EDGE_CURVE ( 'NONE', #148, #113, #920, .T. ) ;
#1784 = DIRECTION ( 'NONE',  ( 0.0000000000000000000, 0.0000000000000000000, -1.000000000000000000 ) ) ;
#1785 = ADVANCED_FACE ( 'NONE', ( #2541 ), #2348, .T. ) ;
#1786 = CARTESIAN_POINT ( 'NONE',  ( -2.799999999999999800, -1.300000000000000300, 0.7641749495466999600 ) ) ;
#1787 = CARTESIAN_POINT ( 'NONE',  ( -5.000000000000000000, -2.290000000000000000, -0.2000000000000000100 ) ) ;
#1788 = EDGE_CURVE ( 'NONE', #577, #2367, #282, .T. ) ;
#1789 = LINE ( 'NONE', #2524, #1224 ) ;
#1790 = CARTESIAN_POINT ( 'NONE',  ( 1.850000000000000100, -1.300000000000000300, -0.2000000000000000100 ) ) ;
#1791 = FACE_OUTER_BOUND ( 'NONE', #760, .T. ) ;
#1792 = ORIENTED_EDGE ( 'NONE', *, *, #887, .T. ) ;
#1793 =( LENGTH_UNIT ( ) NAMED_UNIT ( * ) SI_UNIT ( .MILLI., .METRE. ) );
#1794 = VECTOR ( 'NONE', #1279, 1000.000000000000100 ) ;
#1795 = VERTEX_POINT ( 'NONE', #2154 ) ;
#1796 = DIRECTION ( 'NONE',  ( 0.0000000000000000000, 1.000000000000000000, -0.0000000000000000000 ) ) ;
#1797 = VECTOR ( 'NONE', #1002, 1000.000000000000000 ) ;
#1798 = ORIENTED_EDGE ( 'NONE', *, *, #938, .F. ) ;
#1799 = ORIENTED_EDGE ( 'NONE', *, *, #1672, .F. ) ;
#1800 = CARTESIAN_POINT ( 'NONE',  ( -4.100000000000000500, 2.399999999999999900, -4.650000000000000400 ) ) ;
#1801 = DIRECTION ( 'NONE',  ( 0.0000000000000000000, -0.0000000000000000000, -1.000000000000000000 ) ) ;
#1802 = EDGE_LOOP ( 'NONE', ( #2684, #2057, #828, #1951 ) ) ;
#1803 = ADVANCED_FACE ( 'NONE', ( #2471 ), #2171, .F. ) ;
#1804 = EDGE_CURVE ( 'NONE', #2350, #1661, #1343, .T. ) ;
#1805 = CARTESIAN_POINT ( 'NONE',  ( -4.099999999999999600, 2.399999999999999900, -4.639999999999999700 ) ) ;
#1806 = EDGE_CURVE ( 'NONE', #1767, #2292, #1914, .T. ) ;
#1807 = EDGE_CURVE ( 'NONE', #1524, #2315, #816, .T. ) ;
#1808 = ORIENTED_EDGE ( 'NONE', *, *, #1267, .T. ) ;
#1809 = DIRECTION ( 'NONE',  ( 0.0000000000000000000, -1.000000000000000000, 0.0000000000000000000 ) ) ;
#1810 = COLOUR_RGB ( '',0.7921568627450980000, 0.8196078431372548800, 0.9333333333333333500 ) ;
#1811 = VECTOR ( 'NONE', #1771, 1000.000000000000000 ) ;
#1812 = AXIS2_PLACEMENT_3D ( 'NONE', #57, #2240, #2001 ) ;
#1813 = CARTESIAN_POINT ( 'NONE',  ( 1.399999999999999900, -2.640000000000000100, 4.200000000000000200 ) ) ;
#1814 = VECTOR ( 'NONE', #1232, 1000.000000000000100 ) ;
#1815 = ORIENTED_EDGE ( 'NONE', *, *, #1944, .F. ) ;
#1816 = EDGE_CURVE ( 'NONE', #1168, #2547, #65, .T. ) ;
#1817 = CARTESIAN_POINT ( 'NONE',  ( 2.850000000000000100, 1.988320137979027600, -0.02582505045328293100 ) ) ;
#1818 = EDGE_CURVE ( 'NONE', #831, #310, #1159, .T. ) ;
#1819 = VECTOR ( 'NONE', #1152, 1000.000000000000000 ) ;
#1820 = EDGE_LOOP ( 'NONE', ( #795, #127, #183 ) ) ;
#1821 = ORIENTED_EDGE ( 'NONE', *, *, #2065, .T. ) ;
#1822 = AXIS2_PLACEMENT_3D ( 'NONE', #1972, #703, #2190 ) ;
#1823 = FACE_OUTER_BOUND ( 'NONE', #2284, .T. ) ;
#1824 = ORIENTED_EDGE ( 'NONE', *, *, #1612, .T. ) ;
#1825 = LINE ( 'NONE', #1399, #109 ) ;
#1826 = ORIENTED_EDGE ( 'NONE', *, *, #1816, .T. ) ;
#1827 = DIRECTION ( 'NONE',  ( 1.000000000000000000, 0.0000000000000000000, 0.0000000000000000000 ) ) ;
#1828 = VECTOR ( 'NONE', #2763, 1000.000000000000000 ) ;
#1829 = AXIS2_PLACEMENT_3D ( 'NONE', #2452, #1210, #1217 ) ;
#1830 = ORIENTED_EDGE ( 'NONE', *, *, #675, .F. ) ;
#1831 = CARTESIAN_POINT ( 'NONE',  ( -1.850000000000000100, 1.300000000000006000, 0.3715767664977103200 ) ) ;
#1832 = EDGE_LOOP ( 'NONE', ( #2221, #593, #1632, #1525 ) ) ;
#1833 = ORIENTED_EDGE ( 'NONE', *, *, #23, .F. ) ;
#1834 = CARTESIAN_POINT ( 'NONE',  ( -4.400000000000000400, -2.500000000000000000, -4.650000000000000400 ) ) ;
#1835 = CARTESIAN_POINT ( 'NONE',  ( -0.4000000000000000200, -2.640000000000000100, -0.1999999999999996500 ) ) ;
#1836 = DIRECTION ( 'NONE',  ( 0.0000000000000000000, 0.0000000000000000000, -1.000000000000000000 ) ) ;
#1837 = ORIENTED_EDGE ( 'NONE', *, *, #1357, .F. ) ;
#1838 = EDGE_CURVE ( 'NONE', #1131, #2087, #2207, .T. ) ;
#1839 = DIRECTION ( 'NONE',  ( 0.0000000000000000000, 0.0000000000000000000, -1.000000000000000000 ) ) ;
#1840 = LINE ( 'NONE', #840, #1273 ) ;
#1841 = DIRECTION ( 'NONE',  ( -0.0000000000000000000, 0.5000000000000167600, 0.8660254037844289400 ) ) ;
#1842 = PLANE ( 'NONE',  #2217 ) ;
#1843 = FACE_OUTER_BOUND ( 'NONE', #421, .T. ) ;
#1844 = AXIS2_PLACEMENT_3D ( 'NONE', #2661, #320, #520 ) ;
#1845 = DIRECTION ( 'NONE',  ( 0.0000000000000000000, -1.000000000000000000, 0.0000000000000000000 ) ) ;
#1846 = UNCERTAINTY_MEASURE_WITH_UNIT (LENGTH_MEASURE( 1.000000000000000100E-005 ), #1793, 'distance_accuracy_value', 'NONE');
#1847 = ORIENTED_EDGE ( 'NONE', *, *, #798, .F. ) ;
#1848 = DIRECTION ( 'NONE',  ( 0.0000000000000000000, -0.8660254037844289400, -0.5000000000000167600 ) ) ;
#1849 = CARTESIAN_POINT ( 'NONE',  ( -5.000000000000000000, -2.640000000000000100, -0.2000000000000000100 ) ) ;
#1850 = EDGE_CURVE ( 'NONE', #2459, #2768, #2774, .T. ) ;
#1851 = VERTEX_POINT ( 'NONE', #1593 ) ;
#1852 = VECTOR ( 'NONE', #1426, 1000.000000000000000 ) ;
#1853 = CARTESIAN_POINT ( 'NONE',  ( -4.168320137979199200, -2.399999999999999900, -0.02582505045298590800 ) ) ;
#1854 = FACE_BOUND ( 'NONE', #1293, .T. ) ;
#1855 = VERTEX_POINT ( 'NONE', #1377 ) ;
#1856 = EDGE_CURVE ( 'NONE', #2315, #349, #2138, .T. ) ;
#1857 = FACE_OUTER_BOUND ( 'NONE', #767, .T. ) ;
#1858 = FACE_OUTER_BOUND ( 'NONE', #792, .T. ) ;
#1859 = CARTESIAN_POINT ( 'NONE',  ( 1.800000000000000300, 0.0000000000000000000, 4.200000000000000200 ) ) ;
#1860 = ORIENTED_EDGE ( 'NONE', *, *, #1596, .T. ) ;
#1861 = ORIENTED_EDGE ( 'NONE', *, *, #2430, .T. ) ;
#1862 = CARTESIAN_POINT ( 'NONE',  ( -2.850000000000000100, 1.988320137979027600, -0.02582505045328293100 ) ) ;
#1863 = ORIENTED_EDGE ( 'NONE', *, *, #77, .T. ) ;
#1864 = DIRECTION ( 'NONE',  ( 1.000000000000000000, 0.0000000000000000000, 0.0000000000000000000 ) ) ;
#1865 = ORIENTED_EDGE ( 'NONE', *, *, #334, .F. ) ;
#1866 = CARTESIAN_POINT ( 'NONE',  ( 4.000000000000000000, 2.640000000000000100, 4.200000000000000200 ) ) ;
#1867 = DIRECTION ( 'NONE',  ( 0.0000000000000000000, 0.0000000000000000000, -1.000000000000000000 ) ) ;
#1868 = CARTESIAN_POINT ( 'NONE',  ( -4.500000000000000900, 2.399999999999999900, -4.639999999999999700 ) ) ;
#1869 = ORIENTED_EDGE ( 'NONE', *, *, #1783, .T. ) ;
#1870 = CARTESIAN_POINT ( 'NONE',  ( 2.850000000000000100, -1.988320137979025000, -0.02582505045328729500 ) ) ;
#1871 = DIRECTION ( 'NONE',  ( 0.0000000000000000000, 1.000000000000000000, -0.0000000000000000000 ) ) ;
#1872 = ORIENTED_EDGE ( 'NONE', *, *, #1236, .T. ) ;
#1873 = EDGE_CURVE ( 'NONE', #990, #2752, #1637, .T. ) ;
#1874 = LINE ( 'NONE', #2687, #1304 ) ;
#1875 = CARTESIAN_POINT ( 'NONE',  ( 1.850000000000000100, 1.300000000000000300, -0.2000000000000000100 ) ) ;
#1876 = VECTOR ( 'NONE', #2294, 1000.000000000000000 ) ;
#1877 = CARTESIAN_POINT ( 'NONE',  ( -2.799999999999999800, -1.300000000000000300, -0.02582505045333000100 ) ) ;
#1878 = CARTESIAN_POINT ( 'NONE',  ( 4.168320137979000300, -1.988320137979000300, -0.02582505045333000100 ) ) ;
#1879 = CARTESIAN_POINT ( 'NONE',  ( -2.850000000000000100, 2.600000000000000500, -0.2000000000000000100 ) ) ;
#1880 = DIRECTION ( 'NONE',  ( 0.0000000000000000000, 1.000000000000000000, 0.0000000000000000000 ) ) ;
#1881 = PLANE ( 'NONE',  #1209 ) ;
#1882 = EDGE_CURVE ( 'NONE', #39, #817, #514, .T. ) ;
#1883 = ORIENTED_EDGE ( 'NONE', *, *, #131, .F. ) ;
#1884 = DIRECTION ( 'NONE',  ( -0.8660254037844289400, 0.0000000000000000000, -0.5000000000000167600 ) ) ;
#1885 = ORIENTED_EDGE ( 'NONE', *, *, #562, .F. ) ;
#1886 = DIRECTION ( 'NONE',  ( 0.0000000000000000000, -0.8660254037844289400, 0.5000000000000167600 ) ) ;
#1887 = VECTOR ( 'NONE', #2387, 1000.000000000000000 ) ;
#1888 = ORIENTED_EDGE ( 'NONE', *, *, #832, .T. ) ;
#1889 = FACE_OUTER_BOUND ( 'NONE', #2318, .T. ) ;
#1890 = EDGE_CURVE ( 'NONE', #10, #587, #1011, .T. ) ;
#1891 = VERTEX_POINT ( 'NONE', #1142 ) ;
#1892 = LINE ( 'NONE', #526, #819 ) ;
#1893 = ORIENTED_EDGE ( 'NONE', *, *, #1311, .F. ) ;
#1894 = DIRECTION ( 'NONE',  ( 1.000000000000000000, 0.0000000000000000000, 0.0000000000000000000 ) ) ;
#1895 = FACE_OUTER_BOUND ( 'NONE', #158, .T. ) ;
#1896 = ORIENTED_EDGE ( 'NONE', *, *, #2193, .F. ) ;
#1897 = VECTOR ( 'NONE', #2568, 1000.000000000000000 ) ;
#1898 = ORIENTED_EDGE ( 'NONE', *, *, #1747, .F. ) ;
#1899 = VERTEX_POINT ( 'NONE', #1111 ) ;
#1900 = DIRECTION ( 'NONE',  ( -0.0000000000000000000, -0.0000000000000000000, -1.000000000000000000 ) ) ;
#1901 = ORIENTED_EDGE ( 'NONE', *, *, #304, .T. ) ;
#1902 = CARTESIAN_POINT ( 'NONE',  ( -4.730000000000000400, 2.730000000000000400, 0.0000000000000000000 ) ) ;
#1903 = VERTEX_POINT ( 'NONE', #962 ) ;
#1904 = PLANE ( 'NONE',  #1675 ) ;
#1905 = EDGE_CURVE ( 'NONE', #1350, #2640, #1507, .T. ) ;
#1906 = VECTOR ( 'NONE', #1880, 1000.000000000000000 ) ;
#1907 = LINE ( 'NONE', #1459, #773 ) ;
#1908 = EDGE_CURVE ( 'NONE', #1227, #455, #2643, .T. ) ;
#1909 = CARTESIAN_POINT ( 'NONE',  ( -0.4000000000000000800, 2.439999999999999900, -0.1999999999999997300 ) ) ;
#1910 = DIRECTION ( 'NONE',  ( -1.000000000000000000, -0.0000000000000000000, 0.0000000000000000000 ) ) ;
#1911 = ADVANCED_FACE ( 'NONE', ( #1428 ), #871, .T. ) ;
#1912 = CARTESIAN_POINT ( 'NONE',  ( 1.850000000000000100, 1.300000000000000300, -0.2000000000000000100 ) ) ;
#1913 = STYLED_ITEM ( 'NONE', ( #670 ), #649 ) ;
#1914 = LINE ( 'NONE', #2162, #218 ) ;
#1915 = DIRECTION ( 'NONE',  ( -0.0000000000000000000, -0.0000000000000000000, -1.000000000000000000 ) ) ;
#1916 = DIRECTION ( 'NONE',  ( 0.0000000000000000000, 0.0000000000000000000, 1.000000000000000000 ) ) ;
#1917 = LINE ( 'NONE', #233, #721 ) ;
#1918 = EDGE_LOOP ( 'NONE', ( #2308, #116, #1821, #2121, #2317, #1560, #2682, #528 ) ) ;
#1919 = LINE ( 'NONE', #672, #786 ) ;
#1920 = CARTESIAN_POINT ( 'NONE',  ( -4.200000000000000200, 2.399999999999999900, -4.650000000000000400 ) ) ;
#1921 = CARTESIAN_POINT ( 'NONE',  ( -5.000000000000000000, 1.300000000000000300, -0.2000000000000000100 ) ) ;
#1922 = ORIENTED_EDGE ( 'NONE', *, *, #497, .T. ) ;
#1923 = VECTOR ( 'NONE', #1250, 1000.000000000000000 ) ;
#1924 = CARTESIAN_POINT ( 'NONE',  ( -3.600000000000000500, -2.439999999999999900, 4.200000000000000200 ) ) ;
#1925 = LINE ( 'NONE', #594, #294 ) ;
#1926 = ORIENTED_EDGE ( 'NONE', *, *, #738, .F. ) ;
#1927 = EDGE_CURVE ( 'NONE', #2588, #2350, #2572, .T. ) ;
#1928 = CARTESIAN_POINT ( 'NONE',  ( 3.600000000000000500, -2.640000000000000100, 4.200000000000000200 ) ) ;
#1929 = VERTEX_POINT ( 'NONE', #676 ) ;
#1930 = ORIENTED_EDGE ( 'NONE', *, *, #2368, .F. ) ;
#1931 = ADVANCED_FACE ( 'NONE', ( #309 ), #667, .F. ) ;
#1932 = EDGE_CURVE ( 'NONE', #1148, #493, #1942, .T. ) ;
#1933 = ORIENTED_EDGE ( 'NONE', *, *, #2347, .F. ) ;
#1934 = PLANE ( 'NONE',  #376 ) ;
#1935 = AXIS2_PLACEMENT_3D ( 'NONE', #1627, #1646, #362 ) ;
#1936 = DIRECTION ( 'NONE',  ( 0.0000000000000000000, -0.0000000000000000000, -1.000000000000000000 ) ) ;
#1937 = CARTESIAN_POINT ( 'NONE',  ( 5.000000000000000000, -3.000000000000000400, 0.0000000000000000000 ) ) ;
#1938 = FACE_OUTER_BOUND ( 'NONE', #1918, .T. ) ;
#1939 = ADVANCED_FACE ( 'NONE', ( #2707 ), #2667, .T. ) ;
#1940 = EDGE_CURVE ( 'NONE', #2192, #1227, #243, .T. ) ;
#1941 = CARTESIAN_POINT ( 'NONE',  ( 0.0000000000000000000, 0.0000000000000000000, 4.200000000000000200 ) ) ;
#1942 = LINE ( 'NONE', #608, #874 ) ;
#1943 = CARTESIAN_POINT ( 'NONE',  ( 3.600000000000000500, 2.439999999999999900, 4.200000000000000200 ) ) ;
#1944 = EDGE_CURVE ( 'NONE', #687, #2712, #804, .T. ) ;
#1945 = VERTEX_POINT ( 'NONE', #2680 ) ;
#1946 = DIRECTION ( 'NONE',  ( 0.0000000000000000000, 1.000000000000000000, -0.0000000000000000000 ) ) ;
#1947 = CARTESIAN_POINT ( 'NONE',  ( -1.850000000000000100, -1.300000000000000300, 0.3715767664977000500 ) ) ;
#1948 = LINE ( 'NONE', #1522, #1191 ) ;
#1949 = ADVANCED_FACE ( 'NONE', ( #745, #1306 ), #2523, .T. ) ;
#1950 = LINE ( 'NONE', #1947, #251 ) ;
#1951 = ORIENTED_EDGE ( 'NONE', *, *, #2136, .F. ) ;
#1952 = VECTOR ( 'NONE', #2201, 1000.000000000000000 ) ;
#1953 = ORIENTED_EDGE ( 'NONE', *, *, #1511, .T. ) ;
#1954 = LINE ( 'NONE', #1805, #186 ) ;
#1955 = ORIENTED_EDGE ( 'NONE', *, *, #334, .T. ) ;
#1956 = CARTESIAN_POINT ( 'NONE',  ( 2.329999999999999600, 2.000000000000000000, -4.400000000000000400 ) ) ;
#1957 = FACE_OUTER_BOUND ( 'NONE', #433, .T. ) ;
#1958 = ORIENTED_EDGE ( 'NONE', *, *, #2612, .F. ) ;
#1959 = VERTEX_POINT ( 'NONE', #2704 ) ;
#1960 = EDGE_CURVE ( 'NONE', #2257, #1728, #2439, .T. ) ;
#1961 = DIRECTION ( 'NONE',  ( -1.000000000000000000, -0.0000000000000000000, 0.0000000000000000000 ) ) ;
#1962 = AXIS2_PLACEMENT_3D ( 'NONE', #1074, #220, #1710 ) ;
#1963 = DIRECTION ( 'NONE',  ( -1.000000000000000000, -0.0000000000000000000, -0.0000000000000000000 ) ) ;
#1964 = VERTEX_POINT ( 'NONE', #2260 ) ;
#1965 = DIRECTION ( 'NONE',  ( -1.000000000000000000, 0.0000000000000000000, -0.0000000000000000000 ) ) ;
#1966 = DIRECTION ( 'NONE',  ( 0.0000000000000000000, -0.8660254037844107300, 0.5000000000000481800 ) ) ;
#1967 = CYLINDRICAL_SURFACE ( 'NONE', #2533, 0.1000000000000002600 ) ;
#1968 = VECTOR ( 'NONE', #839, 1000.000000000000000 ) ;
#1969 = CARTESIAN_POINT ( 'NONE',  ( 2.850000000000000100, 1.300000000000000300, -0.02582505045333000400 ) ) ;
#1970 = DIRECTION ( 'NONE',  ( 0.0000000000000000000, 0.0000000000000000000, -1.000000000000000000 ) ) ;
#1971 = EDGE_CURVE ( 'NONE', #807, #1899, #1374, .T. ) ;
#1972 = CARTESIAN_POINT ( 'NONE',  ( 2.879999999999999900, 2.000000000000000000, -4.599999999999999600 ) ) ;
#1973 = ADVANCED_FACE ( 'NONE', ( #2374 ), #345, .T. ) ;
#1974 = VERTEX_POINT ( 'NONE', #996 ) ;
#1975 = VECTOR ( 'NONE', #2134, 1000.000000000000000 ) ;
#1976 = CARTESIAN_POINT ( 'NONE',  ( -0.8000000000000000400, 2.640000000000000100, 4.200000000000000200 ) ) ;
#1977 = DIRECTION ( 'NONE',  ( 1.000000000000000000, 0.0000000000000000000, -0.0000000000000000000 ) ) ;
#1978 = AXIS2_PLACEMENT_3D ( 'NONE', #438, #260, #267 ) ;
#1979 = VECTOR ( 'NONE', #2366, 1000.000000000000000 ) ;
#1980 = DIRECTION ( 'NONE',  ( 0.0000000000000000000, 0.0000000000000000000, -1.000000000000000000 ) ) ;
#1981 = ORIENTED_EDGE ( 'NONE', *, *, #2504, .T. ) ;
#1982 = DIRECTION ( 'NONE',  ( 0.0000000000000000000, -0.0000000000000000000, -1.000000000000000000 ) ) ;
#1983 = DIRECTION ( 'NONE',  ( -0.0000000000000000000, -0.0000000000000000000, -1.000000000000000000 ) ) ;
#1984 = VECTOR ( 'NONE', #252, 1000.000000000000000 ) ;
#1985 = EDGE_LOOP ( 'NONE', ( #1315, #1930, #1616, #1360 ) ) ;
#1986 = FACE_OUTER_BOUND ( 'NONE', #250, .T. ) ;
#1987 = DIRECTION ( 'NONE',  ( -1.000000000000000000, 0.0000000000000000000, -0.0000000000000000000 ) ) ;
#1988 = DIRECTION ( 'NONE',  ( 1.000000000000000000, 0.0000000000000000000, -0.0000000000000000000 ) ) ;
#1989 = EDGE_LOOP ( 'NONE', ( #1139, #690, #1995, #1676, #1799, #1665 ) ) ;
#1990 = FACE_BOUND ( 'NONE', #1178, .T. ) ;
#1991 = ORIENTED_EDGE ( 'NONE', *, *, #2565, .T. ) ;
#1992 = ORIENTED_EDGE ( 'NONE', *, *, #2760, .F. ) ;
#1993 = DIRECTION ( 'NONE',  ( -1.000000000000000000, -0.0000000000000000000, -0.0000000000000000000 ) ) ;
#1994 = ADVANCED_FACE ( 'NONE', ( #2296 ), #1842, .T. ) ;
#1995 = ORIENTED_EDGE ( 'NONE', *, *, #1054, .F. ) ;
#1996 = VERTEX_POINT ( 'NONE', #596 ) ;
#1997 = DIRECTION ( 'NONE',  ( 0.0000000000000000000, 0.0000000000000000000, -1.000000000000000000 ) ) ;
#1998 = EDGE_CURVE ( 'NONE', #2545, #968, #172, .T. ) ;
#1999 = DIRECTION ( 'NONE',  ( 0.0000000000000000000, 0.0000000000000000000, 1.000000000000000000 ) ) ;
#2000 = CARTESIAN_POINT ( 'NONE',  ( -0.4000000000000000200, 2.640000000000000100, -0.1999999999999996500 ) ) ;
#2001 = DIRECTION ( 'NONE',  ( 0.0000000000000000000, 0.0000000000000000000, 1.000000000000000000 ) ) ;
#2002 = AXIS2_PLACEMENT_3D ( 'NONE', #916, #702, #1970 ) ;
#2003 = CARTESIAN_POINT ( 'NONE',  ( -2.850000000000000100, -0.6445517328096001000, 0.7500000000000000000 ) ) ;
#2004 =( NAMED_UNIT ( * ) SI_UNIT ( $, .STERADIAN. ) SOLID_ANGLE_UNIT ( ) );
#2005 = VECTOR ( 'NONE', #1338, 1000.000000000000000 ) ;
#2006 = VERTEX_POINT ( 'NONE', #122 ) ;
#2007 = FACE_OUTER_BOUND ( 'NONE', #483, .T. ) ;
#2008 = ADVANCED_FACE ( 'NONE', ( #1246 ), #1012, .F. ) ;
#2009 = VECTOR ( 'NONE', #716, 1000.000000000000000 ) ;
#2010 = DIRECTION ( 'NONE',  ( 0.0000000000000000000, 0.0000000000000000000, 1.000000000000000000 ) ) ;
#2011 = EDGE_CURVE ( 'NONE', #1891, #323, #29, .T. ) ;
#2012 = AXIS2_PLACEMENT_3D ( 'NONE', #744, #545, #2573 ) ;
#2013 = VECTOR ( 'NONE', #1900, 1000.000000000000000 ) ;
#2014 = ORIENTED_EDGE ( 'NONE', *, *, #211, .F. ) ;
#2015 = LINE ( 'NONE', #1341, #454 ) ;
#2016 = EDGE_LOOP ( 'NONE', ( #2429, #427, #231, #972 ) ) ;
#2017 = VECTOR ( 'NONE', #56, 1000.000000000000000 ) ;
#2018 = AXIS2_PLACEMENT_3D ( 'NONE', #503, #164, #149 ) ;
#2019 = VERTEX_POINT ( 'NONE', #1617 ) ;
#2020 = LINE ( 'NONE', #974, #1446 ) ;
#2021 = VERTEX_POINT ( 'NONE', #775 ) ;
#2022 = LINE ( 'NONE', #1786, #2517 ) ;
#2023 = EDGE_LOOP ( 'NONE', ( #2151, #1104, #2014, #850, #2695, #2233 ) ) ;
#2024 = CARTESIAN_POINT ( 'NONE',  ( 5.000000000000000000, -3.000000000000000000, 0.0000000000000000000 ) ) ;
#2025 = ORIENTED_EDGE ( 'NONE', *, *, #358, .F. ) ;
#2026 = ORIENTED_EDGE ( 'NONE', *, *, #887, .F. ) ;
#2027 = DIRECTION ( 'NONE',  ( -0.0000000000000000000, 0.0000000000000000000, 1.000000000000000000 ) ) ;
#2028 = EDGE_CURVE ( 'NONE', #1487, #2474, #1741, .T. ) ;
#2029 = CARTESIAN_POINT ( 'NONE',  ( 1.399999999999999900, 2.640000000000000100, 4.200000000000000200 ) ) ;
#2030 = ORIENTED_EDGE ( 'NONE', *, *, #2080, .F. ) ;
#2031 = ORIENTED_EDGE ( 'NONE', *, *, #1218, .T. ) ;
#2032 = VECTOR ( 'NONE', #1894, 1000.000000000000000 ) ;
#2033 = AXIS2_PLACEMENT_3D ( 'NONE', #2275, #1006, #364 ) ;
#2034 = DIRECTION ( 'NONE',  ( -0.0000000000000000000, 0.0000000000000000000, 1.000000000000000000 ) ) ;
#2035 = FACE_OUTER_BOUND ( 'NONE', #1270, .T. ) ;
#2036 = CARTESIAN_POINT ( 'NONE',  ( -4.099999999999999600, -2.399999999999999900, -4.650000000000000400 ) ) ;
#2037 = DIRECTION ( 'NONE',  ( -1.000000000000000000, -0.0000000000000000000, 0.0000000000000000000 ) ) ;
#2038 = VECTOR ( 'NONE', #2595, 1000.000000000000000 ) ;
#2039 = PLANE ( 'NONE',  #134 ) ;
#2040 = EDGE_CURVE ( 'NONE', #2226, #495, #606, .T. ) ;
#2041 = VECTOR ( 'NONE', #1988, 1000.000000000000000 ) ;
#2042 = DIRECTION ( 'NONE',  ( -0.0000000000000000000, -1.000000000000000000, -0.0000000000000000000 ) ) ;
#2043 = ORIENTED_EDGE ( 'NONE', *, *, #832, .F. ) ;
#2044 = AXIS2_PLACEMENT_3D ( 'NONE', #1866, #2710, #1225 ) ;
#2045 = CARTESIAN_POINT ( 'NONE',  ( 4.730000000000000400, 2.730000000000000400, 0.0000000000000000000 ) ) ;
#2046 = LINE ( 'NONE', #2598, #1477 ) ;
#2047 = ORIENTED_EDGE ( 'NONE', *, *, #1300, .F. ) ;
#2048 = LINE ( 'NONE', #1033, #928 ) ;
#2049 = VERTEX_POINT ( 'NONE', #559 ) ;
#2050 = PLANE ( 'NONE',  #973 ) ;
#2051 = CIRCLE ( 'NONE', #768, 0.5500000000000001600 ) ;
#2052 = ORIENTED_EDGE ( 'NONE', *, *, #430, .F. ) ;
#2053 = PRESENTATION_LAYER_ASSIGNMENT (  '', '', ( #1913 ) ) ;
#2054 = EDGE_LOOP ( 'NONE', ( #1595, #2389, #1981, #1594 ) ) ;
#2055 = PLANE ( 'NONE',  #2626 ) ;
#2056 = ORIENTED_EDGE ( 'NONE', *, *, #2644, .T. ) ;
#2057 = ORIENTED_EDGE ( 'NONE', *, *, #1927, .T. ) ;
#2058 = DIRECTION ( 'NONE',  ( -0.0000000000000000000, -0.0000000000000000000, 1.000000000000000000 ) ) ;
#2059 = CARTESIAN_POINT ( 'NONE',  ( 1.850000000000000100, 2.600000000000000500, -0.2000000000000000100 ) ) ;
#2060 = DIRECTION ( 'NONE',  ( -0.0000000000000000000, -0.0000000000000000000, 1.000000000000000000 ) ) ;
#2061 = CARTESIAN_POINT ( 'NONE',  ( -5.000000000000000000, -1.300000000000000300, -0.2000000000000000100 ) ) ;
#2062 = EDGE_CURVE ( 'NONE', #114, #2367, #1113, .T. ) ;
#2063 = DIRECTION ( 'NONE',  ( 0.0000000000000000000, 0.0000000000000000000, 1.000000000000000000 ) ) ;
#2064 = LINE ( 'NONE', #1137, #2639 ) ;
#2065 = EDGE_CURVE ( 'NONE', #1451, #1851, #2737, .T. ) ;
#2066 = CARTESIAN_POINT ( 'NONE',  ( -4.730000000000000400, 2.730000000000000400, 0.0000000000000000000 ) ) ;
#2067 = LINE ( 'NONE', #538, #2569 ) ;
#2068 = VECTOR ( 'NONE', #1324, 1000.000000000000000 ) ;
#2069 = CARTESIAN_POINT ( 'NONE',  ( -5.000000000000000000, -2.640000000000000100, -0.2000000000000000100 ) ) ;
#2070 = DIRECTION ( 'NONE',  ( 0.0000000000000000000, 0.0000000000000000000, 1.000000000000000000 ) ) ;
#2071 = EDGE_LOOP ( 'NONE', ( #2026, #2689, #1101, #2231 ) ) ;
#2072 = CARTESIAN_POINT ( 'NONE',  ( -4.730000000000000400, -2.730000000000000900, 0.0000000000000000000 ) ) ;
#2073 = DIRECTION ( 'NONE',  ( 0.0000000000000000000, -0.8660254037844107300, -0.5000000000000482900 ) ) ;
#2074 = DIRECTION ( 'NONE',  ( 0.0000000000000000000, 0.0000000000000000000, 1.000000000000000000 ) ) ;
#2075 = VECTOR ( 'NONE', #919, 1000.000000000000000 ) ;
#2076 = PLANE ( 'NONE',  #1737 ) ;
#2077 = CARTESIAN_POINT ( 'NONE',  ( 2.079999999999999600, 2.000000000000000000, -4.650000000000000400 ) ) ;
#2078 = LINE ( 'NONE', #242, #1023 ) ;
#2079 = EDGE_LOOP ( 'NONE', ( #428, #1107, #1317, #394 ) ) ;
#2080 = EDGE_CURVE ( 'NONE', #1611, #1562, #1601, .T. ) ;
#2081 = LINE ( 'NONE', #273, #1519 ) ;
#2082 = ORIENTED_EDGE ( 'NONE', *, *, #952, .T. ) ;
#2083 = VECTOR ( 'NONE', #1393, 1000.000000000000200 ) ;
#2084 = DIRECTION ( 'NONE',  ( -1.000000000000000000, 0.0000000000000000000, -0.0000000000000000000 ) ) ;
#2085 = ORIENTED_EDGE ( 'NONE', *, *, #1714, .T. ) ;
#2086 = CARTESIAN_POINT ( 'NONE',  ( 5.000000000000000000, 3.000000000000000400, 0.0000000000000000000 ) ) ;
#2087 = VERTEX_POINT ( 'NONE', #2738 ) ;
#2088 = AXIS2_PLACEMENT_3D ( 'NONE', #1912, #922, #1473 ) ;
#2089 = ORIENTED_EDGE ( 'NONE', *, *, #621, .F. ) ;
#2090 = CARTESIAN_POINT ( 'NONE',  ( -4.168320137979000300, -1.988320137979099600, -0.02582505045315905800 ) ) ;
#2091 = ORIENTED_EDGE ( 'NONE', *, *, #2011, .F. ) ;
#2092 = ORIENTED_EDGE ( 'NONE', *, *, #373, .F. ) ;
#2093 = CARTESIAN_POINT ( 'NONE',  ( -4.500000000000000900, -2.399999999999999900, -4.650000000000000400 ) ) ;
#2094 = CARTESIAN_POINT ( 'NONE',  ( -1.850000000000000100, 2.290000000000000000, -0.2000000000000000100 ) ) ;
#2095 = ORIENTED_EDGE ( 'NONE', *, *, #60, .T. ) ;
#2096 = DIRECTION ( 'NONE',  ( 0.0000000000000000000, 0.0000000000000000000, -1.000000000000000000 ) ) ;
#2097 = ORIENTED_EDGE ( 'NONE', *, *, #157, .F. ) ;
#2098 = EDGE_CURVE ( 'NONE', #1008, #995, #2236, .T. ) ;
#2099 = CARTESIAN_POINT ( 'NONE',  ( -4.730000000000000400, 2.730000000000000400, 0.0000000000000000000 ) ) ;
#2100 = CIRCLE ( 'NONE', #1680, 0.5500000000000001600 ) ;
#2101 = DIRECTION ( 'NONE',  ( -0.0000000000000000000, -0.0000000000000000000, -1.000000000000000000 ) ) ;
#2102 = VECTOR ( 'NONE', #783, 1000.000000000000000 ) ;
#2103 = CARTESIAN_POINT ( 'NONE',  ( -1.850000000000000100, -1.300000000000000300, -0.2000000000000000100 ) ) ;
#2104 = CARTESIAN_POINT ( 'NONE',  ( -4.000000000000000000, 2.439999999999999900, -0.1999999999999996500 ) ) ;
#2105 = PLANE ( 'NONE',  #632 ) ;
#2106 = FACE_OUTER_BOUND ( 'NONE', #104, .T. ) ;
#2107 = VERTEX_POINT ( 'NONE', #2086 ) ;
#2108 = CARTESIAN_POINT ( 'NONE',  ( -0.4000000000000000800, -2.439999999999999900, -0.1999999999999997300 ) ) ;
#2109 = VECTOR ( 'NONE', #648, 1000.000000000000000 ) ;
#2110 = EDGE_CURVE ( 'NONE', #2483, #755, #2669, .T. ) ;
#2111 = ORIENTED_EDGE ( 'NONE', *, *, #19, .T. ) ;
#2112 = DIRECTION ( 'NONE',  ( -0.0000000000000000000, -1.000000000000000000, -0.0000000000000000000 ) ) ;
#2113 = LINE ( 'NONE', #1121, #1551 ) ;
#2114 = EDGE_LOOP ( 'NONE', ( #2623, #827, #540, #2660 ) ) ;
#2115 = LINE ( 'NONE', #2490, #1554 ) ;
#2116 = ADVANCED_FACE ( 'NONE', ( #1047 ), #2535, .T. ) ;
#2117 = ORIENTED_EDGE ( 'NONE', *, *, #1633, .T. ) ;
#2118 = LINE ( 'NONE', #1902, #1557 ) ;
#2119 = ORIENTED_EDGE ( 'NONE', *, *, #952, .F. ) ;
#2120 = ORIENTED_EDGE ( 'NONE', *, *, #778, .F. ) ;
#2121 = ORIENTED_EDGE ( 'NONE', *, *, #216, .T. ) ;
#2122 = DIRECTION ( 'NONE',  ( 0.0000000000000000000, 0.0000000000000000000, 1.000000000000000000 ) ) ;
#2123 = AXIS2_PLACEMENT_3D ( 'NONE', #2635, #2622, #2608 ) ;
#2124 = CARTESIAN_POINT ( 'NONE',  ( 1.800000000000000300, 0.0000000000000000000, 4.200000000000000200 ) ) ;
#2125 = ORIENTED_EDGE ( 'NONE', *, *, #208, .T. ) ;
#2126 = CARTESIAN_POINT ( 'NONE',  ( 1.399999999999999900, 2.640000000000000100, 4.200000000000000200 ) ) ;
#2127 = PLANE ( 'NONE',  #627 ) ;
#2128 = EDGE_LOOP ( 'NONE', ( #1698, #1898, #2056, #1432 ) ) ;
#2129 = CARTESIAN_POINT ( 'NONE',  ( -4.099999999999999600, 2.400000000000000400, -4.650000000000000400 ) ) ;
#2130 = CARTESIAN_POINT ( 'NONE',  ( -4.000000000000000000, 0.0000000000000000000, -0.2000000000000000100 ) ) ;
#2131 = ADVANCED_FACE ( 'NONE', ( #2035 ), #911, .F. ) ;
#2132 = VECTOR ( 'NONE', #2605, 1000.000000000000000 ) ;
#2133 = ORIENTED_EDGE ( 'NONE', *, *, #2390, .F. ) ;
#2134 = DIRECTION ( 'NONE',  ( 0.0000000000000000000, -0.0000000000000000000, -1.000000000000000000 ) ) ;
#2135 = FACE_OUTER_BOUND ( 'NONE', #861, .T. ) ;
#2136 = EDGE_CURVE ( 'NONE', #1066, #2451, #1463, .T. ) ;
#2137 = DIRECTION ( 'NONE',  ( -1.000000000000000000, -0.0000000000000000000, 0.0000000000000000000 ) ) ;
#2138 = LINE ( 'NONE', #1570, #1576 ) ;
#2139 = CARTESIAN_POINT ( 'NONE',  ( 5.000000000000000000, 1.200000000000000000, -4.400000000000000400 ) ) ;
#2140 = CARTESIAN_POINT ( 'NONE',  ( -0.8000000000000003800, 0.0000000000000000000, -0.2000000000000000100 ) ) ;
#2141 = CARTESIAN_POINT ( 'NONE',  ( 3.600000000000000500, -2.640000000000000100, 4.200000000000000200 ) ) ;
#2142 = ADVANCED_FACE ( 'NONE', ( #2604 ), #212, .T. ) ;
#2143 = PLANE ( 'NONE',  #1100 ) ;
#2144 = FACE_OUTER_BOUND ( 'NONE', #506, .T. ) ;
#2145 = VECTOR ( 'NONE', #1287, 1000.000000000000000 ) ;
#2146 = CARTESIAN_POINT ( 'NONE',  ( 1.800000000000000300, -2.439999999999999900, -0.1999999999999996500 ) ) ;
#2147 = VERTEX_POINT ( 'NONE', #204 ) ;
#2148 = LINE ( 'NONE', #918, #383 ) ;
#2149 = ORIENTED_EDGE ( 'NONE', *, *, #2098, .T. ) ;
#2150 = LINE ( 'NONE', #2036, #527 ) ;
#2151 = ORIENTED_EDGE ( 'NONE', *, *, #564, .F. ) ;
#2152 = EDGE_CURVE ( 'NONE', #1313, #22, #2534, .T. ) ;
#2153 = VERTEX_POINT ( 'NONE', #429 ) ;
#2154 = CARTESIAN_POINT ( 'NONE',  ( 4.000000000000000000, 2.439999999999999900, 4.200000000000000200 ) ) ;
#2155 = ORIENTED_EDGE ( 'NONE', *, *, #2644, .F. ) ;
#2156 = ORIENTED_EDGE ( 'NONE', *, *, #1544, .F. ) ;
#2157 = DIRECTION ( 'NONE',  ( 1.000000000000000000, 0.0000000000000000000, -0.0000000000000000000 ) ) ;
#2158 = AXIS2_PLACEMENT_3D ( 'NONE', #333, #128, #136 ) ;
#2159 = DIRECTION ( 'NONE',  ( 0.0000000000000000000, -0.0000000000000000000, -1.000000000000000000 ) ) ;
#2160 = ORIENTED_EDGE ( 'NONE', *, *, #2641, .T. ) ;
#2161 = CARTESIAN_POINT ( 'NONE',  ( -4.500000000000000900, -2.399999999999999900, -4.639999999999999700 ) ) ;
#2162 = CARTESIAN_POINT ( 'NONE',  ( 0.0000000000000000000, -2.439999999999999900, 4.200000000000000200 ) ) ;
#2163 = EDGE_LOOP ( 'NONE', ( #2030, #1356, #1408, #533 ) ) ;
#2164 = SHAPE_DEFINITION_REPRESENTATION ( #1351, #649 ) ;
#2165 = VECTOR ( 'NONE', #1762, 1000.000000000000000 ) ;
#2166 = DIRECTION ( 'NONE',  ( -1.000000000000000000, -0.0000000000000000000, 0.0000000000000000000 ) ) ;
#2167 = EDGE_CURVE ( 'NONE', #2331, #787, #337, .T. ) ;
#2168 = DIRECTION ( 'NONE',  ( 0.0000000000000000000, -0.0000000000000000000, 1.000000000000000000 ) ) ;
#2169 = VECTOR ( 'NONE', #800, 1000.000000000000000 ) ;
#2170 = ADVANCED_FACE ( 'NONE', ( #2464 ), #1048, .T. ) ;
#2171 = PLANE ( 'NONE',  #365 ) ;
#2172 = ORIENTED_EDGE ( 'NONE', *, *, #1198, .T. ) ;
#2173 = CARTESIAN_POINT ( 'NONE',  ( 3.429999999999999700, 2.000000000000000000, -4.400000000000000400 ) ) ;
#2174 = CARTESIAN_POINT ( 'NONE',  ( 1.850000000000000100, -2.289999999999997800, -0.2000000000000043700 ) ) ;
#2175 = DIRECTION ( 'NONE',  ( -0.0000000000000000000, 1.000000000000000000, 0.0000000000000000000 ) ) ;
#2176 = FACE_OUTER_BOUND ( 'NONE', #1364, .T. ) ;
#2177 = DIRECTION ( 'NONE',  ( 0.0000000000000000000, -0.8660254037844289400, 0.5000000000000167600 ) ) ;
#2178 = VECTOR ( 'NONE', #1088, 1000.000000000000100 ) ;
#2179 = VERTEX_POINT ( 'NONE', #805 ) ;
#2180 = DIRECTION ( 'NONE',  ( 1.000000000000000000, 0.0000000000000000000, 0.0000000000000000000 ) ) ;
#2181 = ADVANCED_FACE ( 'NONE', ( #836 ), #2708, .T. ) ;
#2182 = FACE_OUTER_BOUND ( 'NONE', #1109, .T. ) ;
#2183 = ORIENTED_EDGE ( 'NONE', *, *, #2620, .F. ) ;
#2184 = DIRECTION ( 'NONE',  ( 0.0000000000000000000, 0.0000000000000000000, -1.000000000000000000 ) ) ;
#2185 = VECTOR ( 'NONE', #2703, 1000.000000000000000 ) ;
#2186 = ORIENTED_EDGE ( 'NONE', *, *, #1036, .T. ) ;
#2187 = PLANE ( 'NONE',  #2002 ) ;
#2188 = VECTOR ( 'NONE', #1260, 1000.000000000000000 ) ;
#2189 = ORIENTED_EDGE ( 'NONE', *, *, #2740, .F. ) ;
#2190 = DIRECTION ( 'NONE',  ( -1.000000000000000000, 0.0000000000000000000, 0.0000000000000000000 ) ) ;
#2191 = ORIENTED_EDGE ( 'NONE', *, *, #851, .T. ) ;
#2192 = VERTEX_POINT ( 'NONE', #1671 ) ;
#2193 = EDGE_CURVE ( 'NONE', #508, #1350, #1907, .T. ) ;
#2194 = DIRECTION ( 'NONE',  ( -0.0000000000000000000, 0.5000000000000167600, 0.8660254037844289400 ) ) ;
#2195 = CARTESIAN_POINT ( 'NONE',  ( 3.600000000000000500, -2.439999999999999900, 4.200000000000000200 ) ) ;
#2196 = ORIENTED_EDGE ( 'NONE', *, *, #2489, .F. ) ;
#2197 = CARTESIAN_POINT ( 'NONE',  ( -4.000000000000000000, -2.640000000000000100, -0.1999999999999997300 ) ) ;
#2198 = ORIENTED_EDGE ( 'NONE', *, *, #970, .T. ) ;
#2199 = CARTESIAN_POINT ( 'NONE',  ( -4.200000000000000200, -2.500000000000000000, -4.650000000000000400 ) ) ;
#2200 = MECHANICAL_DESIGN_GEOMETRIC_PRESENTATION_REPRESENTATION (  '', ( #1913 ), #2336 ) ;
#2201 = DIRECTION ( 'NONE',  ( -0.0000000000000000000, 1.000000000000000000, 0.0000000000000000000 ) ) ;
#2202 = ADVANCED_FACE ( 'NONE', ( #206 ), #2280, .T. ) ;
#2203 = LINE ( 'NONE', #882, #2701 ) ;
#2204 = EDGE_LOOP ( 'NONE', ( #2183, #1420, #901, #1442, #2253, #1032, #697, #2468 ) ) ;
#2205 = VECTOR ( 'NONE', #2297, 1000.000000000000000 ) ;
#2206 =( NAMED_UNIT ( * ) PLANE_ANGLE_UNIT ( ) SI_UNIT ( $, .RADIAN. ) );
#2207 = CIRCLE ( 'NONE', #221, 0.1000000000000002600 ) ;
#2208 = CARTESIAN_POINT ( 'NONE',  ( -2.799999999999999800, -2.399999999999999900, -0.02582505045333000100 ) ) ;
#2209 = EDGE_CURVE ( 'NONE', #546, #2454, #2411, .T. ) ;
#2210 = CARTESIAN_POINT ( 'NONE',  ( -2.850000000000000100, 0.0000000000000000000, -0.2000000000000000100 ) ) ;
#2211 = DIRECTION ( 'NONE',  ( 1.000000000000000000, 0.0000000000000000000, 0.0000000000000000000 ) ) ;
#2212 = EDGE_CURVE ( 'NONE', #2006, #1485, #275, .T. ) ;
#2213 = ORIENTED_EDGE ( 'NONE', *, *, #1932, .F. ) ;
#2214 = CARTESIAN_POINT ( 'NONE',  ( -5.000000000000000000, 3.000000000000000000, -4.650000000000000400 ) ) ;
#2215 = ADVANCED_FACE ( 'NONE', ( #1843 ), #2076, .T. ) ;
#2216 = DIRECTION ( 'NONE',  ( 0.0000000000000000000, 0.0000000000000000000, 1.000000000000000000 ) ) ;
#2217 = AXIS2_PLACEMENT_3D ( 'NONE', #168, #1005, #1400 ) ;
#2218 = VECTOR ( 'NONE', #2060, 1000.000000000000000 ) ;
#2219 = DIRECTION ( 'NONE',  ( 0.0000000000000000000, 0.0000000000000000000, 1.000000000000000000 ) ) ;
#2220 = FACE_OUTER_BOUND ( 'NONE', #291, .T. ) ;
#2221 = ORIENTED_EDGE ( 'NONE', *, *, #2654, .T. ) ;
#2222 = LINE ( 'NONE', #435, #1649 ) ;
#2223 = CARTESIAN_POINT ( 'NONE',  ( 3.600000000000000100, -2.439999999999999900, -0.1999999999999997300 ) ) ;
#2224 = VECTOR ( 'NONE', #2466, 1000.000000000000000 ) ;
#2225 = ORIENTED_EDGE ( 'NONE', *, *, #2390, .T. ) ;
#2226 = VERTEX_POINT ( 'NONE', #159 ) ;
#2227 = EDGE_LOOP ( 'NONE', ( #726, #301, #2601, #589 ) ) ;
#2228 = EDGE_CURVE ( 'NONE', #47, #1964, #1336, .T. ) ;
#2229 = ORIENTED_EDGE ( 'NONE', *, *, #2657, .T. ) ;
#2230 = EDGE_CURVE ( 'NONE', #995, #2547, #2332, .T. ) ;
#2231 = ORIENTED_EDGE ( 'NONE', *, *, #2152, .T. ) ;
#2232 = CARTESIAN_POINT ( 'NONE',  ( 2.879999999999999900, 2.000000000000000000, -4.400000000000000400 ) ) ;
#2233 = ORIENTED_EDGE ( 'NONE', *, *, #80, .T. ) ;
#2234 = VECTOR ( 'NONE', #1240, 1000.000000000000000 ) ;
#2235 = DIRECTION ( 'NONE',  ( 0.0000000000000000000, 1.000000000000000000, -0.0000000000000000000 ) ) ;
#2236 = LINE ( 'NONE', #142, #2102 ) ;
#2237 = DIRECTION ( 'NONE',  ( 0.0000000000000000000, -0.0000000000000000000, -1.000000000000000000 ) ) ;
#2238 = EDGE_CURVE ( 'NONE', #929, #2768, #129, .T. ) ;
#2239 = VECTOR ( 'NONE', #1669, 1000.000000000000000 ) ;
#2240 = DIRECTION ( 'NONE',  ( -1.000000000000000000, 0.0000000000000000000, 0.0000000000000000000 ) ) ;
#2241 = DIRECTION ( 'NONE',  ( 0.0000000000000000000, 0.0000000000000000000, 1.000000000000000000 ) ) ;
#2242 = FACE_OUTER_BOUND ( 'NONE', #1061, .T. ) ;
#2243 = ORIENTED_EDGE ( 'NONE', *, *, #1714, .F. ) ;
#2244 = AXIS2_PLACEMENT_3D ( 'NONE', #1029, #1055, #390 ) ;
#2245 = ORIENTED_EDGE ( 'NONE', *, *, #980, .F. ) ;
#2246 = CARTESIAN_POINT ( 'NONE',  ( -4.000000000000000000, -2.439999999999999900, 4.200000000000000200 ) ) ;
#2247 = VECTOR ( 'NONE', #1365, 1000.000000000000000 ) ;
#2248 = EDGE_LOOP ( 'NONE', ( #2756, #1133, #1992, #2326 ) ) ;
#2249 = VECTOR ( 'NONE', #2058, 1000.000000000000000 ) ;
#2250 = ORIENTED_EDGE ( 'NONE', *, *, #912, .T. ) ;
#2251 = CYLINDRICAL_SURFACE ( 'NONE', #913, 0.5500000000000001600 ) ;
#2252 = ORIENTED_EDGE ( 'NONE', *, *, #1094, .T. ) ;
#2253 = ORIENTED_EDGE ( 'NONE', *, *, #2671, .T. ) ;
#2254 = DIRECTION ( 'NONE',  ( 0.0000000000000000000, 0.0000000000000000000, 1.000000000000000000 ) ) ;
#2255 = ORIENTED_EDGE ( 'NONE', *, *, #2302, .T. ) ;
#2256 = PLANE ( 'NONE',  #1254 ) ;
#2257 = VERTEX_POINT ( 'NONE', #2337 ) ;
#2258 = EDGE_CURVE ( 'NONE', #2292, #11, #2265, .T. ) ;
#2259 = ORIENTED_EDGE ( 'NONE', *, *, #1205, .F. ) ;
#2260 = CARTESIAN_POINT ( 'NONE',  ( -4.099999999999999600, -2.399999999999999900, -4.650000000000000400 ) ) ;
#2261 = CARTESIAN_POINT ( 'NONE',  ( 4.730000000000000400, -2.730000000000000400, -0.2000000000000000100 ) ) ;
#2262 = LINE ( 'NONE', #2596, #2766 ) ;
#2263 = ORIENTED_EDGE ( 'NONE', *, *, #1998, .F. ) ;
#2264 = ORIENTED_EDGE ( 'NONE', *, *, #449, .T. ) ;
#2265 = LINE ( 'NONE', #2761, #1708 ) ;
#2266 = VECTOR ( 'NONE', #1334, 1000.000000000000000 ) ;
#2267 = DIRECTION ( 'NONE',  ( -1.000000000000000000, 0.0000000000000000000, 0.0000000000000000000 ) ) ;
#2268 = CARTESIAN_POINT ( 'NONE',  ( 0.0000000000000000000, 0.0000000000000000000, 4.200000000000000200 ) ) ;
#2269 = CARTESIAN_POINT ( 'NONE',  ( 2.850000000000000100, -1.300000000000000300, -0.02582505045333000400 ) ) ;
#2270 = EDGE_CURVE ( 'NONE', #1728, #1586, #708, .T. ) ;
#2271 = FACE_OUTER_BOUND ( 'NONE', #424, .T. ) ;
#2272 = CARTESIAN_POINT ( 'NONE',  ( 4.000000000000000000, -2.640000000000000100, -0.1999999999999997300 ) ) ;
#2273 = CARTESIAN_POINT ( 'NONE',  ( -5.000000000000000000, -3.000000000000000000, 0.0000000000000000000 ) ) ;
#2274 = AXIS2_PLACEMENT_3D ( 'NONE', #2199, #1543, #45 ) ;
#2275 = CARTESIAN_POINT ( 'NONE',  ( 1.399999999999999900, -2.640000000000000100, 4.200000000000000200 ) ) ;
#2276 = LINE ( 'NONE', #2146, #581 ) ;
#2277 = ORIENTED_EDGE ( 'NONE', *, *, #781, .F. ) ;
#2278 = FACE_OUTER_BOUND ( 'NONE', #2457, .T. ) ;
#2279 = CARTESIAN_POINT ( 'NONE',  ( 3.600000000000000100, -2.640000000000000100, -0.1999999999999997300 ) ) ;
#2280 = PLANE ( 'NONE',  #1436 ) ;
#2281 = VECTOR ( 'NONE', #780, 1000.000000000000000 ) ;
#2282 = ORIENTED_EDGE ( 'NONE', *, *, #373, .T. ) ;
#2283 = VERTEX_POINT ( 'NONE', #1862 ) ;
#2284 = EDGE_LOOP ( 'NONE', ( #1346, #926, #1001, #2264 ) ) ;
#2285 = EDGE_LOOP ( 'NONE', ( #1296, #1872 ) ) ;
#2286 = DIRECTION ( 'NONE',  ( -0.0000000000000000000, -1.000000000000000000, -0.0000000000000000000 ) ) ;
#2287 = DIRECTION ( 'NONE',  ( 0.0000000000000000000, 0.0000000000000000000, -1.000000000000000000 ) ) ;
#2288 = DIRECTION ( 'NONE',  ( -0.0000000000000000000, 0.8660254037844289400, 0.5000000000000167600 ) ) ;
#2289 = CARTESIAN_POINT ( 'NONE',  ( -5.000000000000000000, -2.640000000000000100, -0.2000000000000000100 ) ) ;
#2290 = EDGE_CURVE ( 'NONE', #807, #1193, #2771, .T. ) ;
#2291 = DIRECTION ( 'NONE',  ( -0.0000000000000000000, 0.0000000000000000000, 1.000000000000000000 ) ) ;
#2292 = VERTEX_POINT ( 'NONE', #15 ) ;
#2293 = AXIS2_PLACEMENT_3D ( 'NONE', #344, #1841, #558 ) ;
#2294 = DIRECTION ( 'NONE',  ( -0.0000000000000000000, -0.0000000000000000000, -1.000000000000000000 ) ) ;
#2295 = VECTOR ( 'NONE', #1993, 1000.000000000000000 ) ;
#2296 = FACE_OUTER_BOUND ( 'NONE', #2627, .T. ) ;
#2297 = DIRECTION ( 'NONE',  ( -0.0000000000000000000, -0.0000000000000000000, -1.000000000000000000 ) ) ;
#2298 = DIRECTION ( 'NONE',  ( -0.0000000000000000000, -0.0000000000000000000, 1.000000000000000000 ) ) ;
#2299 = VERTEX_POINT ( 'NONE', #2426 ) ;
#2300 = CARTESIAN_POINT ( 'NONE',  ( -5.000000000000000000, 1.300000000000000300, -0.2000000000000000100 ) ) ;
#2301 = DIRECTION ( 'NONE',  ( -0.0000000000000000000, -1.000000000000000000, 0.0000000000000000000 ) ) ;
#2302 = EDGE_CURVE ( 'NONE', #1148, #954, #1081, .T. ) ;
#2303 = LINE ( 'NONE', #2140, #1748 ) ;
#2304 = DIRECTION ( 'NONE',  ( -1.000000000000000000, 0.0000000000000000000, -0.0000000000000000000 ) ) ;
#2305 = DIRECTION ( 'NONE',  ( 0.0000000000000000000, 1.000000000000000000, -0.0000000000000000000 ) ) ;
#2306 = CARTESIAN_POINT ( 'NONE',  ( -0.8000000000000000400, -2.439999999999999900, 4.200000000000000200 ) ) ;
#2307 = FACE_OUTER_BOUND ( 'NONE', #193, .T. ) ;
#2308 = ORIENTED_EDGE ( 'NONE', *, *, #2599, .T. ) ;
#2309 = ORIENTED_EDGE ( 'NONE', *, *, #1612, .F. ) ;
#2310 = LINE ( 'NONE', #1782, #2247 ) ;
#2311 = DIRECTION ( 'NONE',  ( 1.000000000000000000, 0.0000000000000000000, -0.0000000000000000000 ) ) ;
#2312 = ORIENTED_EDGE ( 'NONE', *, *, #1856, .T. ) ;
#2313 = LINE ( 'NONE', #994, #2249 ) ;
#2314 = AXIS2_PLACEMENT_3D ( 'NONE', #2268, #1108, #2402 ) ;
#2315 = VERTEX_POINT ( 'NONE', #327 ) ;
#2316 = VECTOR ( 'NONE', #1284, 1000.000000000000000 ) ;
#2317 = ORIENTED_EDGE ( 'NONE', *, *, #1509, .T. ) ;
#2318 = EDGE_LOOP ( 'NONE', ( #2497, #488, #234, #1765 ) ) ;
#2319 = DIRECTION ( 'NONE',  ( -1.000000000000000000, -0.0000000000000000000, 0.0000000000000000000 ) ) ;
#2320 = ORIENTED_EDGE ( 'NONE', *, *, #1300, .T. ) ;
#2321 = DIRECTION ( 'NONE',  ( -1.000000000000000000, -0.0000000000000000000, -0.0000000000000000000 ) ) ;
#2322 = ORIENTED_EDGE ( 'NONE', *, *, #584, .F. ) ;
#2323 = CARTESIAN_POINT ( 'NONE',  ( 1.399999999999999900, 2.439999999999999900, 4.200000000000000200 ) ) ;
#2324 = ADVANCED_FACE ( 'NONE', ( #1634 ), #100, .T. ) ;
#2325 = CARTESIAN_POINT ( 'NONE',  ( -1.850000000000000100, -1.300000000000000300, -0.2000000000000000100 ) ) ;
#2326 = ORIENTED_EDGE ( 'NONE', *, *, #2410, .F. ) ;
#2327 = EDGE_CURVE ( 'NONE', #1275, #460, #568, .T. ) ;
#2328 = DIRECTION ( 'NONE',  ( -0.0000000000000000000, -0.0000000000000000000, -1.000000000000000000 ) ) ;
#2329 = CYLINDRICAL_SURFACE ( 'NONE', #917, 0.1000000000000002600 ) ;
#2330 = CARTESIAN_POINT ( 'NONE',  ( -5.000000000000000000, 3.000000000000000000, -4.400000000000000400 ) ) ;
#2331 = VERTEX_POINT ( 'NONE', #118 ) ;
#2332 = LINE ( 'NONE', #226, #1778 ) ;
#2333 = AXIS2_PLACEMENT_3D ( 'NONE', #573, #1635, #139 ) ;
#2334 = CARTESIAN_POINT ( 'NONE',  ( 4.168320137979108600, 1.988320137979000300, -0.02582505045314149200 ) ) ;
#2335 = PLANE ( 'NONE',  #749 ) ;
#2336 =( GEOMETRIC_REPRESENTATION_CONTEXT ( 3 ) GLOBAL_UNCERTAINTY_ASSIGNED_CONTEXT ( ( #1846 ) ) GLOBAL_UNIT_ASSIGNED_CONTEXT ( ( #1793, #516, #2004 ) ) REPRESENTATION_CONTEXT ( 'NONE', 'WORKASPACE' ) );
#2337 = CARTESIAN_POINT ( 'NONE',  ( 1.850000000000000100, 1.300000000000012000, 0.3715767664977206500 ) ) ;
#2338 = ADVANCED_FACE ( 'NONE', ( #2135 ), #326, .T. ) ;
#2339 = DIRECTION ( 'NONE',  ( 0.0000000000000000000, 0.0000000000000000000, -1.000000000000000000 ) ) ;
#2340 = ORIENTED_EDGE ( 'NONE', *, *, #602, .F. ) ;
#2341 = ORIENTED_EDGE ( 'NONE', *, *, #463, .F. ) ;
#2342 = DIRECTION ( 'NONE',  ( -1.000000000000000000, 0.0000000000000000000, 0.0000000000000000000 ) ) ;
#2343 = CARTESIAN_POINT ( 'NONE',  ( -4.000000000000000000, -2.640000000000000100, 4.200000000000000200 ) ) ;
#2344 = ORIENTED_EDGE ( 'NONE', *, *, #1940, .T. ) ;
#2345 = CARTESIAN_POINT ( 'NONE',  ( 2.080000000000000100, -3.000000000000000000, -4.650000000000000400 ) ) ;
#2346 = LINE ( 'NONE', #411, #75 ) ;
#2347 = EDGE_CURVE ( 'NONE', #2006, #554, #1153, .T. ) ;
#2348 = PLANE ( 'NONE',  #64 ) ;
#2349 = FACE_BOUND ( 'NONE', #156, .T. ) ;
#2350 = VERTEX_POINT ( 'NONE', #348 ) ;
#2351 = VECTOR ( 'NONE', #837, 1000.000000000000000 ) ;
#2352 = ORIENTED_EDGE ( 'NONE', *, *, #2579, .F. ) ;
#2353 = EDGE_CURVE ( 'NONE', #546, #935, #1572, .T. ) ;
#2354 = LINE ( 'NONE', #1212, #1726 ) ;
#2355 = EDGE_LOOP ( 'NONE', ( #2423, #2675, #677, #1194 ) ) ;
#2356 = ORIENTED_EDGE ( 'NONE', *, *, #1927, .F. ) ;
#2357 = ORIENTED_EDGE ( 'NONE', *, *, #2465, .F. ) ;
#2358 = DIRECTION ( 'NONE',  ( 1.000000000000000000, 0.0000000000000000000, -0.0000000000000000000 ) ) ;
#2359 = ADVANCED_FACE ( 'NONE', ( #1216 ), #481, .T. ) ;
#2360 = AXIS2_PLACEMENT_3D ( 'NONE', #1043, #1434, #2267 ) ;
#2361 = DIRECTION ( 'NONE',  ( 0.0000000000000000000, 0.0000000000000000000, -1.000000000000000000 ) ) ;
#2362 = VERTEX_POINT ( 'NONE', #522 ) ;
#2363 = ORIENTED_EDGE ( 'NONE', *, *, #283, .T. ) ;
#2364 = DIRECTION ( 'NONE',  ( 1.000000000000000000, 0.0000000000000000000, -0.0000000000000000000 ) ) ;
#2365 = EDGE_CURVE ( 'NONE', #7, #47, #1009, .T. ) ;
#2366 = DIRECTION ( 'NONE',  ( 0.0000000000000000000, -0.0000000000000000000, -1.000000000000000000 ) ) ;
#2367 = VERTEX_POINT ( 'NONE', #2279 ) ;
#2368 = EDGE_CURVE ( 'NONE', #554, #929, #2067, .T. ) ;
#2369 = CARTESIAN_POINT ( 'NONE',  ( -1.850000000000000100, 2.290000000000000000, -0.2000000000000000100 ) ) ;
#2370 = LINE ( 'NONE', #914, #2736 ) ;
#2371 = DIRECTION ( 'NONE',  ( 0.0000000000000000000, 1.000000000000000000, -0.0000000000000000000 ) ) ;
#2372 = EDGE_CURVE ( 'NONE', #1588, #1418, #1504, .T. ) ;
#2373 = ADVANCED_FACE ( 'NONE', ( #872 ), #1566, .F. ) ;
#2374 = FACE_OUTER_BOUND ( 'NONE', #1211, .T. ) ;
#2375 = PLANE ( 'NONE',  #1067 ) ;
#2376 = AXIS2_PLACEMENT_3D ( 'NONE', #830, #2562, #1299 ) ;
#2377 = DIRECTION ( 'NONE',  ( -0.0000000000000000000, 0.0000000000000000000, 1.000000000000000000 ) ) ;
#2378 = CARTESIAN_POINT ( 'NONE',  ( -4.500000000000000900, 2.399999999999999900, -4.650000000000000400 ) ) ;
#2379 = CARTESIAN_POINT ( 'NONE',  ( 4.730000000000000400, 2.290000000000000000, -0.2000000000000000100 ) ) ;
#2380 = ADVANCED_FACE ( 'NONE', ( #1425 ), #1367, .T. ) ;
#2381 = CARTESIAN_POINT ( 'NONE',  ( 4.730000000000000400, -2.730000000000000900, 0.0000000000000000000 ) ) ;
#2382 = ORIENTED_EDGE ( 'NONE', *, *, #2238, .T. ) ;
#2383 = LINE ( 'NONE', #1559, #683 ) ;
#2384 = DIRECTION ( 'NONE',  ( -0.0000000000000000000, -0.0000000000000000000, 1.000000000000000000 ) ) ;
#2385 = ORIENTED_EDGE ( 'NONE', *, *, #1908, .F. ) ;
#2386 = EDGE_LOOP ( 'NONE', ( #1933, #639, #529, #51 ) ) ;
#2387 = DIRECTION ( 'NONE',  ( -0.0000000000000000000, 1.000000000000000000, 0.0000000000000000000 ) ) ;
#2388 = LINE ( 'NONE', #303, #1755 ) ;
#2389 = ORIENTED_EDGE ( 'NONE', *, *, #340, .F. ) ;
#2390 = EDGE_CURVE ( 'NONE', #455, #2732, #372, .T. ) ;
#2391 = VECTOR ( 'NONE', #2042, 1000.000000000000000 ) ;
#2392 = DIRECTION ( 'NONE',  ( 0.0000000000000000000, 0.0000000000000000000, 1.000000000000000000 ) ) ;
#2393 = ORIENTED_EDGE ( 'NONE', *, *, #1652, .F. ) ;
#2394 = VECTOR ( 'NONE', #2137, 1000.000000000000000 ) ;
#2395 = AXIS2_PLACEMENT_3D ( 'NONE', #1140, #498, #1982 ) ;
#2396 = ORIENTED_EDGE ( 'NONE', *, *, #2453, .T. ) ;
#2397 = ORIENTED_EDGE ( 'NONE', *, *, #2398, .F. ) ;
#2398 = EDGE_CURVE ( 'NONE', #2712, #2545, #2499, .T. ) ;
#2399 = ORIENTED_EDGE ( 'NONE', *, *, #1940, .F. ) ;
#2400 = CARTESIAN_POINT ( 'NONE',  ( -3.600000000000000500, 2.640000000000000100, -0.1999999999999996500 ) ) ;
#2401 = CARTESIAN_POINT ( 'NONE',  ( 3.429999999999999700, 2.000000000000000000, -4.599999999999999600 ) ) ;
#2402 = DIRECTION ( 'NONE',  ( 1.000000000000000000, 0.0000000000000000000, -0.0000000000000000000 ) ) ;
#2403 = ADVANCED_FACE ( 'NONE', ( #1938 ), #2050, .T. ) ;
#2404 = DIRECTION ( 'NONE',  ( -1.000000000000000000, 0.0000000000000000000, 0.0000000000000000000 ) ) ;
#2405 = EDGE_LOOP ( 'NONE', ( #1444, #653, #1753, #1150 ) ) ;
#2406 = CARTESIAN_POINT ( 'NONE',  ( 1.400000000000000100, -2.439999999999999900, -0.1999999999999997300 ) ) ;
#2407 = FACE_OUTER_BOUND ( 'NONE', #535, .T. ) ;
#2408 = DIRECTION ( 'NONE',  ( -0.0000000000000000000, -0.0000000000000000000, -1.000000000000000000 ) ) ;
#2409 = ORIENTED_EDGE ( 'NONE', *, *, #478, .T. ) ;
#2410 = EDGE_CURVE ( 'NONE', #1418, #2662, #241, .T. ) ;
#2411 = LINE ( 'NONE', #2289, #1398 ) ;
#2412 = CARTESIAN_POINT ( 'NONE',  ( 1.800000000000000300, -2.640000000000000100, 4.200000000000000200 ) ) ;
#2413 = DIRECTION ( 'NONE',  ( 0.0000000000000000000, 0.0000000000000000000, -1.000000000000000000 ) ) ;
#2414 = ADVANCED_FACE ( 'NONE', ( #2007 ), #2256, .T. ) ;
#2415 = CARTESIAN_POINT ( 'NONE',  ( -4.000000000000000000, -2.439999999999999900, 4.200000000000000200 ) ) ;
#2416 = CARTESIAN_POINT ( 'NONE',  ( -3.600000000000000500, 0.0000000000000000000, 4.200000000000000200 ) ) ;
#2417 = PLANE ( 'NONE',  #2550 ) ;
#2418 = LINE ( 'NONE', #2124, #1852 ) ;
#2419 = CARTESIAN_POINT ( 'NONE',  ( 0.0000000000000000000, 0.0000000000000000000, 4.200000000000000200 ) ) ;
#2420 = FACE_BOUND ( 'NONE', #2016, .T. ) ;
#2421 = ORIENTED_EDGE ( 'NONE', *, *, #1187, .T. ) ;
#2422 = VECTOR ( 'NONE', #2311, 1000.000000000000000 ) ;
#2423 = ORIENTED_EDGE ( 'NONE', *, *, #1280, .T. ) ;
#2424 = VECTOR ( 'NONE', #1235, 1000.000000000000000 ) ;
#2425 = ORIENTED_EDGE ( 'NONE', *, *, #542, .F. ) ;
#2426 = CARTESIAN_POINT ( 'NONE',  ( 4.000000000000000000, -2.640000000000000100, 4.200000000000000200 ) ) ;
#2427 = EDGE_LOOP ( 'NONE', ( #1503, #2658, #1086, #2245 ) ) ;
#2428 = ADVANCED_FACE ( 'NONE', ( #743 ), #1184, .T. ) ;
#2429 = ORIENTED_EDGE ( 'NONE', *, *, #2563, .F. ) ;
#2430 = EDGE_CURVE ( 'NONE', #11, #2367, #1874, .T. ) ;
#2431 = CARTESIAN_POINT ( 'NONE',  ( -0.8000000000000000400, 2.640000000000000100, 4.200000000000000200 ) ) ;
#2432 = ORIENTED_EDGE ( 'NONE', *, *, #1003, .F. ) ;
#2433 = CARTESIAN_POINT ( 'NONE',  ( -5.000000000000000000, -3.000000000000000000, -4.639999999999999700 ) ) ;
#2434 = PRODUCT_CONTEXT ( 'NONE', #1362, 'mechanical' ) ;
#2435 = CARTESIAN_POINT ( 'NONE',  ( 1.800000000000000300, -2.439999999999999900, 4.200000000000000200 ) ) ;
#2436 = DIRECTION ( 'NONE',  ( -1.000000000000000000, 0.0000000000000000000, -0.0000000000000000000 ) ) ;
#2437 = FACE_OUTER_BOUND ( 'NONE', #199, .T. ) ;
#2438 = ADVANCED_FACE ( 'NONE', ( #2437 ), #1190, .T. ) ;
#2439 = LINE ( 'NONE', #576, #1814 ) ;
#2440 = CARTESIAN_POINT ( 'NONE',  ( -1.850000000000000100, -2.289999999999995200, -0.2000000000000087300 ) ) ;
#2441 = EDGE_CURVE ( 'NONE', #113, #1945, #1244, .T. ) ;
#2442 = ORIENTED_EDGE ( 'NONE', *, *, #844, .F. ) ;
#2443 = DIRECTION ( 'NONE',  ( 0.0000000000000000000, 0.0000000000000000000, -1.000000000000000000 ) ) ;
#2444 = LINE ( 'NONE', #910, #103 ) ;
#2445 = EDGE_LOOP ( 'NONE', ( #613, #1922, #2631, #2097 ) ) ;
#2446 = LINE ( 'NONE', #2077, #1382 ) ;
#2447 = ORIENTED_EDGE ( 'NONE', *, *, #312, .F. ) ;
#2448 = FACE_OUTER_BOUND ( 'NONE', #1262, .T. ) ;
#2449 = ORIENTED_EDGE ( 'NONE', *, *, #1766, .T. ) ;
#2450 = VECTOR ( 'NONE', #1603, 1000.000000000000100 ) ;
#2451 = VERTEX_POINT ( 'NONE', #1375 ) ;
#2452 = CARTESIAN_POINT ( 'NONE',  ( 0.0000000000000000000, 0.0000000000000000000, 4.200000000000000200 ) ) ;
#2453 = EDGE_CURVE ( 'NONE', #935, #44, #96, .T. ) ;
#2454 = VERTEX_POINT ( 'NONE', #2197 ) ;
#2455 = CARTESIAN_POINT ( 'NONE',  ( -4.730000000000000400, 2.730000000000000400, -0.2000000000000000100 ) ) ;
#2456 = EDGE_LOOP ( 'NONE', ( #1253, #1833, #2447 ) ) ;
#2457 = EDGE_LOOP ( 'NONE', ( #392, #2259, #1860 ) ) ;
#2458 = CARTESIAN_POINT ( 'NONE',  ( -2.850000000000000100, -1.988320137979025000, -0.02582505045328729500 ) ) ;
#2459 = VERTEX_POINT ( 'NONE', #956 ) ;
#2460 = DIRECTION ( 'NONE',  ( 0.0000000000000000000, 0.0000000000000000000, -1.000000000000000000 ) ) ;
#2461 = FACE_OUTER_BOUND ( 'NONE', #971, .T. ) ;
#2462 = CARTESIAN_POINT ( 'NONE',  ( 2.850000000000000100, 2.290000000000000000, -0.2000000000000000100 ) ) ;
#2463 = DIRECTION ( 'NONE',  ( -1.000000000000000000, 0.0000000000000000000, -0.0000000000000000000 ) ) ;
#2464 = FACE_OUTER_BOUND ( 'NONE', #2071, .T. ) ;
#2465 = EDGE_CURVE ( 'NONE', #1611, #1350, #1183, .T. ) ;
#2466 = DIRECTION ( 'NONE',  ( -1.000000000000000000, 0.0000000000000000000, -0.0000000000000000000 ) ) ;
#2467 = EDGE_CURVE ( 'NONE', #349, #2147, #1740, .T. ) ;
#2468 = ORIENTED_EDGE ( 'NONE', *, *, #1205, .T. ) ;
#2469 = DIRECTION ( 'NONE',  ( -0.0000000000000000000, -0.0000000000000000000, -1.000000000000000000 ) ) ;
#2470 = DIRECTION ( 'NONE',  ( 0.0000000000000000000, 0.0000000000000000000, -1.000000000000000000 ) ) ;
#2471 = FACE_OUTER_BOUND ( 'NONE', #1308, .T. ) ;
#2472 = CARTESIAN_POINT ( 'NONE',  ( 1.850000000000000100, -0.6445517328096001000, 0.7500000000000000000 ) ) ;
#2473 = VECTOR ( 'NONE', #846, 1000.000000000000000 ) ;
#2474 = VERTEX_POINT ( 'NONE', #1870 ) ;
#2475 = CARTESIAN_POINT ( 'NONE',  ( -5.000000000000000000, 3.000000000000000000, 0.0000000000000000000 ) ) ;
#2476 = VECTOR ( 'NONE', #884, 1000.000000000000000 ) ;
#2477 = ORIENTED_EDGE ( 'NONE', *, *, #1890, .F. ) ;
#2478 = LINE ( 'NONE', #187, #1412 ) ;
#2479 = FACE_OUTER_BOUND ( 'NONE', #1729, .T. ) ;
#2480 = PLANE ( 'NONE',  #98 ) ;
#2481 = ORIENTED_EDGE ( 'NONE', *, *, #1429, .T. ) ;
#2482 = CARTESIAN_POINT ( 'NONE',  ( -5.000000000000000000, -3.000000000000000000, 0.0000000000000000000 ) ) ;
#2483 = VERTEX_POINT ( 'NONE', #2650 ) ;
#2484 = CARTESIAN_POINT ( 'NONE',  ( -0.8000000000000000400, -2.439999999999999900, -0.1999999999999996500 ) ) ;
#2485 = ORIENTED_EDGE ( 'NONE', *, *, #340, .T. ) ;
#2486 = ORIENTED_EDGE ( 'NONE', *, *, #463, .T. ) ;
#2487 = EDGE_CURVE ( 'NONE', #2019, #1394, #28, .T. ) ;
#2488 = CARTESIAN_POINT ( 'NONE',  ( -2.799999999999999400, 0.6445517328096024300, 0.7500000000000043300 ) ) ;
#2489 = EDGE_CURVE ( 'NONE', #2179, #1449, #671, .T. ) ;
#2490 = CARTESIAN_POINT ( 'NONE',  ( 1.800000000000000300, 2.640000000000000100, -0.1999999999999996500 ) ) ;
#2491 = CARTESIAN_POINT ( 'NONE',  ( -5.000000000000000000, -3.000000000000000000, -4.400000000000000400 ) ) ;
#2492 = DIRECTION ( 'NONE',  ( -0.5000000000000167600, 0.0000000000000000000, -0.8660254037844289400 ) ) ;
#2493 = ORIENTED_EDGE ( 'NONE', *, *, #2290, .T. ) ;
#2494 = FACE_OUTER_BOUND ( 'NONE', #825, .T. ) ;
#2495 = AXIS2_PLACEMENT_3D ( 'NONE', #2059, #1034, #1678 ) ;
#2496 = DIRECTION ( 'NONE',  ( 1.000000000000000000, 0.0000000000000000000, 0.0000000000000000000 ) ) ;
#2497 = ORIENTED_EDGE ( 'NONE', *, *, #2365, .F. ) ;
#2498 = ORIENTED_EDGE ( 'NONE', *, *, #1882, .T. ) ;
#2499 = LINE ( 'NONE', #2061, #1371 ) ;
#2500 = PLANE ( 'NONE',  #2044 ) ;
#2501 = VECTOR ( 'NONE', #2470, 1000.000000000000000 ) ;
#2502 = DIRECTION ( 'NONE',  ( -1.000000000000000000, 0.0000000000000000000, -0.0000000000000000000 ) ) ;
#2503 = PLANE ( 'NONE',  #984 ) ;
#2504 = EDGE_CURVE ( 'NONE', #1648, #1066, #2370, .T. ) ;
#2505 = DIRECTION ( 'NONE',  ( 0.0000000000000000000, 0.0000000000000000000, 1.000000000000000000 ) ) ;
#2506 = DIRECTION ( 'NONE',  ( -0.0000000000000000000, -0.0000000000000000000, -1.000000000000000000 ) ) ;
#2507 = EDGE_CURVE ( 'NONE', #1959, #668, #1668, .T. ) ;
#2508 = FACE_OUTER_BOUND ( 'NONE', #1189, .T. ) ;
#2509 = DIRECTION ( 'NONE',  ( 1.000000000000000000, 0.0000000000000000000, -0.0000000000000000000 ) ) ;
#2510 = VECTOR ( 'NONE', #695, 1000.000000000000000 ) ;
#2511 = VERTEX_POINT ( 'NONE', #1976 ) ;
#2512 = FACE_OUTER_BOUND ( 'NONE', #1098, .T. ) ;
#2513 = ORIENTED_EDGE ( 'NONE', *, *, #534, .F. ) ;
#2514 = LINE ( 'NONE', #1592, #1027 ) ;
#2515 = VERTEX_POINT ( 'NONE', #1550 ) ;
#2516 = DIRECTION ( 'NONE',  ( -1.000000000000000000, 0.0000000000000000000, 0.0000000000000000000 ) ) ;
#2517 = VECTOR ( 'NONE', #70, 1000.000000000000000 ) ;
#2518 = ORIENTED_EDGE ( 'NONE', *, *, #306, .F. ) ;
#2519 = DIRECTION ( 'NONE',  ( -0.0000000000000000000, 1.000000000000000000, 0.0000000000000000000 ) ) ;
#2520 = ORIENTED_EDGE ( 'NONE', *, *, #2398, .T. ) ;
#2521 = ORIENTED_EDGE ( 'NONE', *, *, #196, .F. ) ;
#2522 = CARTESIAN_POINT ( 'NONE',  ( 2.850000000000000100, -2.289999999999995200, -0.2000000000000087000 ) ) ;
#2523 = PLANE ( 'NONE',  #1641 ) ;
#2524 = CARTESIAN_POINT ( 'NONE',  ( 4.469999999999998900, 0.0000000000000000000, -0.2000000000000000100 ) ) ;
#2525 = DIRECTION ( 'NONE',  ( -0.0000000000000000000, 0.0000000000000000000, 1.000000000000000000 ) ) ;
#2526 = EDGE_CURVE ( 'NONE', #2629, #2107, #1044, .T. ) ;
#2527 = CARTESIAN_POINT ( 'NONE',  ( 3.600000000000000500, 2.439999999999999900, 4.200000000000000200 ) ) ;
#2528 = CARTESIAN_POINT ( 'NONE',  ( -4.500000000000000900, -2.399999999999999900, -4.639999999999999700 ) ) ;
#2529 = VERTEX_POINT ( 'NONE', #1573 ) ;
#2530 = PLANE ( 'NONE',  #1114 ) ;
#2531 = VECTOR ( 'NONE', #1663, 1000.000000000000000 ) ;
#2532 = CARTESIAN_POINT ( 'NONE',  ( 2.879999999999999900, 1.200000000000000000, -4.400000000000000400 ) ) ;
#2533 = AXIS2_PLACEMENT_3D ( 'NONE', #1673, #609, #829 ) ;
#2534 = LINE ( 'NONE', #413, #977 ) ;
#2535 = PLANE ( 'NONE',  #162 ) ;
#2536 = CARTESIAN_POINT ( 'NONE',  ( 4.730000000000000400, 1.300000000000023800, 0.3715767664977412400 ) ) ;
#2537 = DIRECTION ( 'NONE',  ( 0.0000000000000000000, -1.000000000000000000, 0.0000000000000000000 ) ) ;
#2538 = DIRECTION ( 'NONE',  ( -1.000000000000000000, -0.0000000000000000000, -0.0000000000000000000 ) ) ;
#2539 = EDGE_CURVE ( 'NONE', #707, #2226, #537, .T. ) ;
#2540 = VERTEX_POINT ( 'NONE', #1402 ) ;
#2541 = FACE_OUTER_BOUND ( 'NONE', #1136, .T. ) ;
#2542 = DIRECTION ( 'NONE',  ( -1.000000000000000000, 0.0000000000000000000, 0.0000000000000000000 ) ) ;
#2543 = EDGE_CURVE ( 'NONE', #352, #2540, #2100, .T. ) ;
#2544 = LINE ( 'NONE', #239, #1979 ) ;
#2545 = VERTEX_POINT ( 'NONE', #1790 ) ;
#2546 = LINE ( 'NONE', #1115, #1984 ) ;
#2547 = VERTEX_POINT ( 'NONE', #341 ) ;
#2548 = VECTOR ( 'NONE', #2509, 1000.000000000000000 ) ;
#2549 = ADVANCED_FACE ( 'NONE', ( #404 ), #175, .T. ) ;
#2550 = AXIS2_PLACEMENT_3D ( 'NONE', #2431, #2404, #2392 ) ;
#2551 = ORIENTED_EDGE ( 'NONE', *, *, #55, .T. ) ;
#2552 = DIRECTION ( 'NONE',  ( 0.0000000000000000000, -0.5000000000000167600, 0.8660254037844289400 ) ) ;
#2553 = VECTOR ( 'NONE', #2519, 1000.000000000000000 ) ;
#2554 = ORIENTED_EDGE ( 'NONE', *, *, #1693, .T. ) ;
#2555 = ORIENTED_EDGE ( 'NONE', *, *, #1080, .T. ) ;
#2556 = ORIENTED_EDGE ( 'NONE', *, *, #95, .T. ) ;
#2557 = EDGE_LOOP ( 'NONE', ( #1359, #332, #2357, #1196 ) ) ;
#2558 = CARTESIAN_POINT ( 'NONE',  ( -5.000000000000000000, 0.0000000000000000000, 0.0000000000000000000 ) ) ;
#2559 = VERTEX_POINT ( 'NONE', #812 ) ;
#2560 = DIRECTION ( 'NONE',  ( 1.000000000000000000, -0.0000000000000000000, 0.0000000000000000000 ) ) ;
#2561 = DIRECTION ( 'NONE',  ( -0.0000000000000000000, 1.000000000000000000, 0.0000000000000000000 ) ) ;
#2562 = DIRECTION ( 'NONE',  ( 1.000000000000000000, -0.0000000000000000000, 0.0000000000000000000 ) ) ;
#2563 = EDGE_CURVE ( 'NONE', #1524, #1415, #2668, .T. ) ;
#2564 = CARTESIAN_POINT ( 'NONE',  ( -4.099999999999999600, 2.399999999999999900, -4.639999999999999700 ) ) ;
#2565 = EDGE_CURVE ( 'NONE', #2529, #1031, #976, .T. ) ;
#2566 = ADVANCED_FACE ( 'NONE', ( #335 ), #1967, .F. ) ;
#2567 = VECTOR ( 'NONE', #504, 1000.000000000000000 ) ;
#2568 = DIRECTION ( 'NONE',  ( -0.0000000000000000000, -1.000000000000000000, -0.0000000000000000000 ) ) ;
#2569 = VECTOR ( 'NONE', #719, 1000.000000000000000 ) ;
#2570 = AXIS2_PLACEMENT_3D ( 'NONE', #1736, #1102, #2364 ) ;
#2571 = PLANE ( 'NONE',  #86 ) ;
#2572 = LINE ( 'NONE', #705, #2009 ) ;
#2573 = DIRECTION ( 'NONE',  ( -1.000000000000000000, 0.0000000000000000000, -0.0000000000000000000 ) ) ;
#2574 = CARTESIAN_POINT ( 'NONE',  ( -5.000000000000000000, -3.000000000000000000, -4.650000000000000400 ) ) ;
#2575 = EDGE_LOOP ( 'NONE', ( #106, #2693, #2119, #1486 ) ) ;
#2576 = CARTESIAN_POINT ( 'NONE',  ( -2.850000000000000100, -1.300000000000000300, -0.2000000000000000100 ) ) ;
#2577 = ADVANCED_FACE ( 'NONE', ( #1461 ), #414, .F. ) ;
#2578 = FACE_OUTER_BOUND ( 'NONE', #2355, .T. ) ;
#2579 = EDGE_CURVE ( 'NONE', #817, #2764, #1395, .T. ) ;
#2580 = VECTOR ( 'NONE', #1746, 1000.000000000000000 ) ;
#2581 = ORIENTED_EDGE ( 'NONE', *, *, #1000, .F. ) ;
#2582 = FACE_OUTER_BOUND ( 'NONE', #331, .T. ) ;
#2583 = ORIENTED_EDGE ( 'NONE', *, *, #1003, .T. ) ;
#2584 = AXIS2_PLACEMENT_3D ( 'NONE', #774, #360, #1848 ) ;
#2585 = LINE ( 'NONE', #315, #257 ) ;
#2586 = ORIENTED_EDGE ( 'NONE', *, *, #358, .T. ) ;
#2587 = CARTESIAN_POINT ( 'NONE',  ( -0.4000000000000000200, -2.640000000000000100, 4.200000000000000200 ) ) ;
#2588 = VERTEX_POINT ( 'NONE', #1909 ) ;
#2589 = ORIENTED_EDGE ( 'NONE', *, *, #2657, .F. ) ;
#2590 = CARTESIAN_POINT ( 'NONE',  ( -5.000000000000000000, -3.000000000000000000, 0.0000000000000000000 ) ) ;
#2591 = AXIS2_PLACEMENT_3D ( 'NONE', #377, #385, #288 ) ;
#2592 = CARTESIAN_POINT ( 'NONE',  ( 2.849999999999999200, 0.0000000000000000000, -0.2000000000000000100 ) ) ;
#2593 = ORIENTED_EDGE ( 'NONE', *, *, #711, .T. ) ;
#2594 = ADVANCED_FACE ( 'NONE', ( #472 ), #1439, .F. ) ;
#2595 = DIRECTION ( 'NONE',  ( -0.0000000000000000000, 1.000000000000000000, 0.0000000000000000000 ) ) ;
#2596 = CARTESIAN_POINT ( 'NONE',  ( 4.730000000000000400, -0.6445517328096001000, 0.7500000000000000000 ) ) ;
#2597 = ORIENTED_EDGE ( 'NONE', *, *, #1807, .T. ) ;
#2598 = CARTESIAN_POINT ( 'NONE',  ( -0.4000000000000000200, -2.439999999999999900, 4.200000000000000200 ) ) ;
#2599 = EDGE_CURVE ( 'NONE', #295, #50, #270, .T. ) ;
#2600 = DIRECTION ( 'NONE',  ( -0.0000000000000000000, 1.000000000000000000, 0.0000000000000000000 ) ) ;
#2601 = ORIENTED_EDGE ( 'NONE', *, *, #844, .T. ) ;
#2602 = CARTESIAN_POINT ( 'NONE',  ( 4.000000000000000000, 0.0000000000000000000, 4.200000000000000200 ) ) ;
#2603 = VECTOR ( 'NONE', #2305, 1000.000000000000000 ) ;
#2604 = FACE_OUTER_BOUND ( 'NONE', #2227, .T. ) ;
#2605 = DIRECTION ( 'NONE',  ( -0.0000000000000000000, -0.0000000000000000000, -1.000000000000000000 ) ) ;
#2606 = AXIS2_PLACEMENT_3D ( 'NONE', #499, #1330, #2168 ) ;
#2607 = CARTESIAN_POINT ( 'NONE',  ( -2.850000000000000100, 1.300000000000000300, -0.2000000000000000100 ) ) ;
#2608 = DIRECTION ( 'NONE',  ( -1.000000000000000000, 0.0000000000000000000, 0.0000000000000000000 ) ) ;
#2609 = LINE ( 'NONE', #2574, #346 ) ;
#2610 = DIRECTION ( 'NONE',  ( -1.000000000000000000, -0.0000000000000000000, 0.0000000000000000000 ) ) ;
#2611 = DIRECTION ( 'NONE',  ( -1.000000000000000000, -0.0000000000000000000, -0.0000000000000000000 ) ) ;
#2612 = EDGE_CURVE ( 'NONE', #2474, #687, #907, .T. ) ;
#2613 = VECTOR ( 'NONE', #71, 1000.000000000000000 ) ;
#2614 = PLANE ( 'NONE',  #2274 ) ;
#2615 = VERTEX_POINT ( 'NONE', #2093 ) ;
#2616 = CARTESIAN_POINT ( 'NONE',  ( 4.000000000000000000, -2.640000000000000100, -0.1999999999999996500 ) ) ;
#2617 = ADVANCED_FACE ( 'NONE', ( #2461 ), #2105, .T. ) ;
#2618 = FACE_BOUND ( 'NONE', #1134, .T. ) ;
#2619 = ORIENTED_EDGE ( 'NONE', *, *, #171, .T. ) ;
#2620 = EDGE_CURVE ( 'NONE', #968, #859, #835, .T. ) ;
#2621 = VECTOR ( 'NONE', #2721, 1000.000000000000000 ) ;
#2622 = DIRECTION ( 'NONE',  ( -0.0000000000000000000, -0.0000000000000000000, 1.000000000000000000 ) ) ;
#2623 = ORIENTED_EDGE ( 'NONE', *, *, #1497, .F. ) ;
#2624 = VECTOR ( 'NONE', #2101, 1000.000000000000000 ) ;
#2625 = ORIENTED_EDGE ( 'NONE', *, *, #264, .F. ) ;
#2626 = AXIS2_PLACEMENT_3D ( 'NONE', #2700, #1845, #1624 ) ;
#2627 = EDGE_LOOP ( 'NONE', ( #857, #790, #2597, #2312 ) ) ;
#2628 = CARTESIAN_POINT ( 'NONE',  ( 4.730000000000000400, 0.6445517328096001000, 0.7500000000000000000 ) ) ;
#2629 = VERTEX_POINT ( 'NONE', #197 ) ;
#2630 = DIRECTION ( 'NONE',  ( 0.0000000000000000000, 1.000000000000000000, -0.0000000000000000000 ) ) ;
#2631 = ORIENTED_EDGE ( 'NONE', *, *, #1036, .F. ) ;
#2632 = CARTESIAN_POINT ( 'NONE',  ( 4.000000000000000000, -2.640000000000000100, 4.200000000000000200 ) ) ;
#2633 = EDGE_CURVE ( 'NONE', #1031, #1855, #1840, .T. ) ;
#2634 = CARTESIAN_POINT ( 'NONE',  ( -0.8000000000000000400, -2.640000000000000100, 4.200000000000000200 ) ) ;
#2635 = CARTESIAN_POINT ( 'NONE',  ( -4.400000000000000400, -2.399999999999999900, -4.650000000000000400 ) ) ;
#2636 = DIRECTION ( 'NONE',  ( 0.0000000000000000000, 1.000000000000000000, -0.0000000000000000000 ) ) ;
#2637 = VERTEX_POINT ( 'NONE', #834 ) ;
#2638 = ADVANCED_FACE ( 'NONE', ( #2407 ), #2329, .F. ) ;
#2639 = VECTOR ( 'NONE', #2611, 1000.000000000000000 ) ;
#2640 = VERTEX_POINT ( 'NONE', #1734 ) ;
#2641 = EDGE_CURVE ( 'NONE', #2529, #310, #125, .T. ) ;
#2642 = VECTOR ( 'NONE', #541, 1000.000000000000000 ) ;
#2643 = LINE ( 'NONE', #1091, #949 ) ;
#2644 = EDGE_CURVE ( 'NONE', #2615, #50, #706, .T. ) ;
#2645 = APPLICATION_PROTOCOL_DEFINITION ( 'draft international standard', 'automotive_design', 1998, #1169 ) ;
#2646 = PLANE ( 'NONE',  #858 ) ;
#2647 = ADVANCED_FACE ( 'NONE', ( #58 ), #2375, .T. ) ;
#2648 = CARTESIAN_POINT ( 'NONE',  ( -4.200000000000000200, -2.499999999999999600, -4.639999999999999700 ) ) ;
#2649 = LINE ( 'NONE', #1835, #2075 ) ;
#2650 = CARTESIAN_POINT ( 'NONE',  ( 1.800000000000000500, 2.439999999999999900, -0.1999999999999997300 ) ) ;
#2651 = CYLINDRICAL_SURFACE ( 'NONE', #664, 0.1000000000000002600 ) ;
#2652 = ORIENTED_EDGE ( 'NONE', *, *, #2633, .T. ) ;
#2653 = VECTOR ( 'NONE', #1329, 1000.000000000000000 ) ;
#2654 = EDGE_CURVE ( 'NONE', #2451, #2350, #770, .T. ) ;
#2655 = LINE ( 'NONE', #981, #2083 ) ;
#2657 = EDGE_CURVE ( 'NONE', #2087, #1275, #1213, .T. ) ;
#2656 = ORIENTED_EDGE ( 'NONE', *, *, #2441, .T. ) ;
#2658 = ORIENTED_EDGE ( 'NONE', *, *, #2209, .T. ) ;
#2659 = ORIENTED_EDGE ( 'NONE', *, *, #2110, .T. ) ;
#2660 = ORIENTED_EDGE ( 'NONE', *, *, #1387, .F. ) ;
#2661 = CARTESIAN_POINT ( 'NONE',  ( 2.879999999999999900, 2.000000000000000000, -4.650000000000000400 ) ) ;
#2662 = VERTEX_POINT ( 'NONE', #2381 ) ;
#2663 = AXIS2_PLACEMENT_3D ( 'NONE', #1941, #1158, #285 ) ;
#2664 = DIRECTION ( 'NONE',  ( -1.000000000000000000, 0.0000000000000000000, 0.0000000000000000000 ) ) ;
#2665 = ORIENTED_EDGE ( 'NONE', *, *, #2152, .F. ) ;
#2666 = ORIENTED_EDGE ( 'NONE', *, *, #2777, .F. ) ;
#2667 = PLANE ( 'NONE',  #1363 ) ;
#2668 = LINE ( 'NONE', #165, #2032 ) ;
#2669 = LINE ( 'NONE', #2714, #407 ) ;
#2670 = CARTESIAN_POINT ( 'NONE',  ( 3.600000000000000500, 2.640000000000000100, 4.200000000000000200 ) ) ;
#2671 = EDGE_CURVE ( 'NONE', #1891, #2226, #2262, .T. ) ;
#2672 = AXIS2_PLACEMENT_3D ( 'NONE', #2632, #297, #1784 ) ;
#2673 = CARTESIAN_POINT ( 'NONE',  ( 5.000000000000000000, 3.000000000000000000, 0.0000000000000000000 ) ) ;
#2674 = AXIS2_PLACEMENT_3D ( 'NONE', #2099, #2516, #2505 ) ;
#2675 = ORIENTED_EDGE ( 'NONE', *, *, #2212, .F. ) ;
#2676 = FACE_OUTER_BOUND ( 'NONE', #1155, .T. ) ;
#2677 = CARTESIAN_POINT ( 'NONE',  ( 3.600000000000000100, 2.640000000000000100, -0.1999999999999997300 ) ) ;
#2678 = LINE ( 'NONE', #1342, #1607 ) ;
#2679 = PLANE ( 'NONE',  #2293 ) ;
#2680 = CARTESIAN_POINT ( 'NONE',  ( 4.730000000000000400, 2.730000000000000400, 0.0000000000000000000 ) ) ;
#2681 = ORIENTED_EDGE ( 'NONE', *, *, #60, .F. ) ;
#2682 = ORIENTED_EDGE ( 'NONE', *, *, #1730, .T. ) ;
#2683 = LINE ( 'NONE', #2400, #548 ) ;
#2684 = ORIENTED_EDGE ( 'NONE', *, *, #1419, .F. ) ;
#2685 = LINE ( 'NONE', #1021, #1062 ) ;
#2686 = EDGE_LOOP ( 'NONE', ( #718, #1124, #2659, #2625 ) ) ;
#2687 = CARTESIAN_POINT ( 'NONE',  ( 3.600000000000000500, -2.439999999999999900, -0.1999999999999996500 ) ) ;
#2688 = LINE ( 'NONE', #1462, #2188 ) ;
#2689 = ORIENTED_EDGE ( 'NONE', *, *, #2453, .F. ) ;
#2690 = EDGE_CURVE ( 'NONE', #1063, #1313, #1705, .T. ) ;
#2691 = VERTEX_POINT ( 'NONE', #1956 ) ;
#2692 = DIRECTION ( 'NONE',  ( -0.0000000000000000000, 1.000000000000000000, 0.0000000000000000000 ) ) ;
#2693 = ORIENTED_EDGE ( 'NONE', *, *, #306, .T. ) ;
#2694 = EDGE_CURVE ( 'NONE', #668, #661, #2203, .T. ) ;
#2695 = ORIENTED_EDGE ( 'NONE', *, *, #1932, .T. ) ;
#2696 = DIRECTION ( 'NONE',  ( 0.0000000000000000000, 0.0000000000000000000, -1.000000000000000000 ) ) ;
#2697 = ORIENTED_EDGE ( 'NONE', *, *, #715, .T. ) ;
#2698 = SURFACE_SIDE_STYLE ('',( #1438 ) ) ;
#2699 = ORIENTED_EDGE ( 'NONE', *, *, #2028, .F. ) ;
#2700 = CARTESIAN_POINT ( 'NONE',  ( -4.730000000000000400, -2.730000000000000400, 0.0000000000000000000 ) ) ;
#2701 = VECTOR ( 'NONE', #688, 1000.000000000000000 ) ;
#2702 = ORIENTED_EDGE ( 'NONE', *, *, #216, .F. ) ;
#2703 = DIRECTION ( 'NONE',  ( -0.0000000000000000000, 0.0000000000000000000, -1.000000000000000000 ) ) ;
#2704 = CARTESIAN_POINT ( 'NONE',  ( 1.800000000000000300, -2.640000000000000100, 4.200000000000000200 ) ) ;
#2705 = VECTOR ( 'NONE', #571, 1000.000000000000000 ) ;
#2706 = CARTESIAN_POINT ( 'NONE',  ( -4.470000000000045000, -2.289999999999997800, -0.1999999999999265100 ) ) ;
#2707 = FACE_OUTER_BOUND ( 'NONE', #384, .T. ) ;
#2708 = PLANE ( 'NONE',  #1179 ) ;
#2709 = EDGE_CURVE ( 'NONE', #2299, #577, #1078, .T. ) ;
#2710 = DIRECTION ( 'NONE',  ( 0.0000000000000000000, 1.000000000000000000, -0.0000000000000000000 ) ) ;
#2711 = EDGE_CURVE ( 'NONE', #495, #195, #565, .T. ) ;
#2712 = VERTEX_POINT ( 'NONE', #474 ) ;
#2713 = CARTESIAN_POINT ( 'NONE',  ( 4.730000000000000400, 0.6445517328096097600, 0.7500000000000173200 ) ) ;
#2714 = CARTESIAN_POINT ( 'NONE',  ( 1.800000000000000300, 2.439999999999999900, 4.200000000000000200 ) ) ;
#2715 = DIRECTION ( 'NONE',  ( 0.0000000000000000000, 0.0000000000000000000, 1.000000000000000000 ) ) ;
#2716 = VECTOR ( 'NONE', #68, 1000.000000000000000 ) ;
#2717 = LINE ( 'NONE', #2484, #2580 ) ;
#2718 = ORIENTED_EDGE ( 'NONE', *, *, #2353, .T. ) ;
#2719 = VECTOR ( 'NONE', #476, 1000.000000000000000 ) ;
#2720 = LINE ( 'NONE', #2246, #1585 ) ;
#2721 = DIRECTION ( 'NONE',  ( -0.0000000000000000000, -0.0000000000000000000, 1.000000000000000000 ) ) ;
#2722 = EDGE_LOOP ( 'NONE', ( #2442, #2555, #903, #2425 ) ) ;
#2723 = ORIENTED_EDGE ( 'NONE', *, *, #247, .T. ) ;
#2724 = ORIENTED_EDGE ( 'NONE', *, *, #1403, .F. ) ;
#2725 = PLANE ( 'NONE',  #1456 ) ;
#2726 = CARTESIAN_POINT ( 'NONE',  ( 4.730000000000000400, -2.730000000000000400, 0.0000000000000000000 ) ) ;
#2727 = ORIENTED_EDGE ( 'NONE', *, *, #519, .T. ) ;
#2728 = EDGE_CURVE ( 'NONE', #2147, #764, #1571, .T. ) ;
#2729 = PLANE ( 'NONE',  #1770 ) ;
#2730 = AXIS2_PLACEMENT_3D ( 'NONE', #375, #1867, #586 ) ;
#2731 = ORIENTED_EDGE ( 'NONE', *, *, #1185, .T. ) ;
#2732 = VERTEX_POINT ( 'NONE', #1764 ) ;
#2733 = DIRECTION ( 'NONE',  ( 0.0000000000000000000, -0.0000000000000000000, -1.000000000000000000 ) ) ;
#2734 = DIRECTION ( 'NONE',  ( 1.000000000000000000, 0.0000000000000000000, 0.0000000000000000000 ) ) ;
#2735 = ORIENTED_EDGE ( 'NONE', *, *, #2526, .T. ) ;
#2736 = VECTOR ( 'NONE', #1361, 1000.000000000000000 ) ;
#2737 = CIRCLE ( 'NONE', #2360, 0.1000000000000002600 ) ;
#2738 = CARTESIAN_POINT ( 'NONE',  ( -4.200000000000000200, 2.499999999999999600, -4.650000000000000400 ) ) ;
#2739 = DIRECTION ( 'NONE',  ( -0.0000000000000000000, 1.000000000000000000, 0.0000000000000000000 ) ) ;
#2740 = EDGE_CURVE ( 'NONE', #1903, #352, #1501, .T. ) ;
#2741 = DIRECTION ( 'NONE',  ( 0.0000000000000000000, -0.0000000000000000000, -1.000000000000000000 ) ) ;
#2742 = DIRECTION ( 'NONE',  ( -0.0000000000000000000, -0.0000000000000000000, -1.000000000000000000 ) ) ;
#2743 = VECTOR ( 'NONE', #2371, 1000.000000000000000 ) ;
#2744 = DIRECTION ( 'NONE',  ( 0.0000000000000000000, 0.0000000000000000000, 1.000000000000000000 ) ) ;
#2745 = STYLED_ITEM ( 'NONE', ( #810 ), #1636 ) ;
#2746 = DIRECTION ( 'NONE',  ( 0.0000000000000000000, 0.0000000000000000000, 1.000000000000000000 ) ) ;
#2747 = VECTOR ( 'NONE', #1711, 1000.000000000000000 ) ;
#2748 = ORIENTED_EDGE ( 'NONE', *, *, #2430, .F. ) ;
#2749 = VECTOR ( 'NONE', #54, 1000.000000000000000 ) ;
#2750 = ORIENTED_EDGE ( 'NONE', *, *, #980, .T. ) ;
#2751 = CIRCLE ( 'NONE', #2730, 0.7999999999999999300 ) ;
#2752 = VERTEX_POINT ( 'NONE', #2406 ) ;
#2753 = VECTOR ( 'NONE', #841, 1000.000000000000000 ) ;
#2754 = ORIENTED_EDGE ( 'NONE', *, *, #542, .T. ) ;
#2755 = EDGE_LOOP ( 'NONE', ( #154, #2031, #152, #325 ) ) ;
#2756 = ORIENTED_EDGE ( 'NONE', *, *, #2372, .F. ) ;
#2757 = EDGE_CURVE ( 'NONE', #7, #295, #2064, .T. ) ;
#2758 = CARTESIAN_POINT ( 'NONE',  ( -4.099999999999999600, 2.399999999999999900, -4.650000000000000400 ) ) ;
#2759 = ORIENTED_EDGE ( 'NONE', *, *, #1638, .F. ) ;
#2760 = EDGE_CURVE ( 'NONE', #2662, #148, #370, .T. ) ;
#2761 = CARTESIAN_POINT ( 'NONE',  ( 3.600000000000000500, -2.439999999999999900, 4.200000000000000200 ) ) ;
#2762 = ADVANCED_FACE ( 'NONE', ( #866 ), #1553, .T. ) ;
#2763 = DIRECTION ( 'NONE',  ( 0.0000000000000000000, 1.000000000000000000, 0.0000000000000000000 ) ) ;
#2764 = VERTEX_POINT ( 'NONE', #1969 ) ;
#2765 = CARTESIAN_POINT ( 'NONE',  ( -2.850000000000000100, 1.300000000000000300, -0.02582505045333000400 ) ) ;
#2766 = VECTOR ( 'NONE', #1318, 1000.000000000000000 ) ;
#2767 = ORIENTED_EDGE ( 'NONE', *, *, #2690, .F. ) ;
#2768 = VERTEX_POINT ( 'NONE', #927 ) ;
#2769 = AXIS2_PLACEMENT_3D ( 'NONE', #63, #2216, #948 ) ;
#2770 = CARTESIAN_POINT ( 'NONE',  ( -4.200000000000000200, -2.399999999999999900, -4.639999999999999700 ) ) ;
#2771 = LINE ( 'NONE', #2126, #2205 ) ;
#2772 = DIRECTION ( 'NONE',  ( -1.000000000000000000, 0.0000000000000000000, 0.0000000000000000000 ) ) ;
#2773 = CARTESIAN_POINT ( 'NONE',  ( -2.799999999999999400, -1.300000000000003800, 0.3715767664977059300 ) ) ;
#2774 = LINE ( 'NONE', #1563, #1085 ) ;
#2775 = ADVANCED_FACE ( 'NONE', ( #2494 ), #1146, .F. ) ;
#2776 = DIRECTION ( 'NONE',  ( -0.0000000000000000000, 0.0000000000000000000, 1.000000000000000000 ) ) ;
#2777 = EDGE_CURVE ( 'NONE', #460, #2615, #439, .T. ) ;
#2778 = ORIENTED_EDGE ( 'NONE', *, *, #2230, .T. ) ;
ENDSEC;
END-ISO-10303-21;
